time,temperature_2m_max_bom_access_global,daylight_duration_bom_access_global,precipitation_hours_bom_access_global,precipitation_probability_max_bom_access_global,wind_speed_10m_max_bom_access_global,temperature_2m_max_cma_grapes_global,daylight_duration_cma_grapes_global,precipitation_hours_cma_grapes_global,precipitation_probability_max_cma_grapes_global,wind_speed_10m_max_cma_grapes_global,temperature_2m_max_ecmwf_ifs025,daylight_duration_ecmwf_ifs025,precipitation_hours_ecmwf_ifs025,precipitation_probability_max_ecmwf_ifs025,wind_speed_10m_max_ecmwf_ifs025,temperature_2m_max_best_match,daylight_duration_best_match,precipitation_hours_best_match,precipitation_probability_max_best_match,wind_speed_10m_max_best_match,temperature_2m_max_knmi_seamless,daylight_duration_knmi_seamless,precipitation_hours_knmi_seamless,precipitation_probability_max_knmi_seamless,wind_speed_10m_max_knmi_seamless,temperature_2m_max_dmi_seamless,daylight_duration_dmi_seamless,precipitation_hours_dmi_seamless,precipitation_probability_max_dmi_seamless,wind_speed_10m_max_dmi_seamless,temperature_2m_max_gfs_seamless,daylight_duration_gfs_seamless,precipitation_hours_gfs_seamless,precipitation_probability_max_gfs_seamless,wind_speed_10m_max_gfs_seamless,forecast
2024-08-12,80.8,48575.27,0.0,0,15.8,81.6,48577.52,0.0,0,20.2,76.3,48541.6,0.0,0,16.1,76.5,48579.05,0.0,0.0,14.7,76.3,48541.6,0.0,0,16.1,76.3,48541.6,0.0,0,16.1,76.5,48579.05,0.0,0.0,14.7,76.5
2024-08-13,81.6,48466.43,0.0,0,18.0,81.9,48468.63,0.0,0,21.4,75.9,48433.49,0.0,0,16.9,78.2,48470.12,0.0,0.0,16.2,75.9,48433.49,0.0,0,16.9,75.9,48433.49,0.0,0,16.9,78.2,48470.12,0.0,0.0,16.2,78.2
2024-08-14,83.5,48356.87,0.0,0,19.8,80.5,48359.02,0.0,0,22.5,76.3,48324.68,0.0,0,16.8,78.3,48360.47,0.0,0.0,15.5,76.3,48324.68,0.0,0,16.8,76.3,48324.68,0.0,0,16.8,78.3,48360.47,0.0,0.0,15.5,78.3
2024-08-15,83.1,48246.68,0.0,0,14.8,83.3,48248.79,0.0,0,17.1,76.8,48215.25,0.0,0,17.7,77.5,48250.21,0.0,0.0,14.8,76.8,48215.25,0.0,0,17.7,76.8,48215.25,0.0,0,17.7,77.5,48250.21,0.0,0.0,14.8,77.5
2024-08-16,85.9,48135.96,0.0,0,19.1,84.3,48138.02,0.0,0,21.7,75.2,48105.27,0.0,0,17.1,81.3,48139.4,0.0,0.0,16.3,75.2,48105.27,0.0,0,17.1,75.2,48105.27,0.0,0,17.1,81.3,48139.4,0.0,0.0,16.3,81.3
2024-08-17,82.1,48024.79,0.0,0,20.9,79.9,48026.8,0.0,0,17.2,73.6,47994.86,0.0,0,15.0,76.6,48028.15,0.0,0.0,15.1,73.6,47994.86,0.0,0,15.0,73.6,47994.86,0.0,0,15.0,76.6,48028.15,0.0,0.0,15.1,76.6
2024-08-18,79.0,47913.26,2.0,0,20.2,78.0,47915.21,0.0,0,22.4,75.4,47884.08,0.0,0,17.2,76.1,47916.53,0.0,0.0,18.0,75.4,47884.08,0.0,0,17.2,75.4,47884.08,0.0,0,17.2,76.1,47916.53,0.0,0.0,18.0,76.1
2024-08-19,83.7,47801.45,0.0,0,17.3,82.4,47803.34,0.0,0,22.3,79.0,47773.02,0.0,0,18.4,79.0,47804.63,0.0,0.0,15.5,79.0,47773.02,0.0,0,18.4,79.0,47773.02,0.0,0,18.4,79.0,47804.63,0.0,0.0,15.5,79.0
2024-08-20,88.5,47689.17,0.0,0,18.7,85.5,47691.02,0.0,0,19.8,81.2,47661.5,0.0,0,18.2,81.9,47692.27,0.0,0.0,15.1,81.2,47661.5,0.0,0,18.2,81.2,47661.5,0.0,0,18.2,81.9,47692.27,0.0,0.0,15.1,81.9
2024-08-21,87.5,47575.66,0.0,0,17.3,87.1,47577.45,0.0,0,21.1,78.3,47548.76,0.0,0,17.5,82.9,47578.67,0.0,0.0,16.3,78.3,47548.76,0.0,0,17.5,78.3,47548.76,0.0,0,17.5,82.9,47578.67,0.0,0.0,16.3,82.9
2024-08-22,82.4,47460.94,0.0,0,20.9,79.0,47462.68,0.0,0,21.0,74.8,47434.81,0.0,0,18.7,76.3,47463.87,0.0,0.0,15.6,74.8,47434.81,0.0,0,18.7,74.8,47434.81,0.0,0,18.7,76.3,47463.87,0.0,0.0,15.6,76.3
2024-08-23,79.0,47345.11,2.0,0,19.4,78.2,47346.8,0.0,0,20.1,72.8,47319.76,0.0,0,17.3,76.4,47347.95,0.0,0.0,18.0,72.8,47319.76,0.0,0,17.3,72.8,47319.76,0.0,0,17.3,76.4,47347.95,0.0,0.0,18.0,76.4
2024-08-24,78.3,47228.27,0.0,0,20.9,75.8,47229.9,0.0,0,18.2,72.7,47203.7,0.0,0,16.2,75.4,47231.02,0.0,0.0,17.8,72.7,47203.7,0.0,0,16.2,72.7,47203.7,0.0,0,16.2,75.4,47231.02,0.0,0.0,17.8,75.4
2024-08-25,82.6,47110.49,0.0,0,21.2,77.8,47112.08,0.0,0,23.5,75.9,47086.72,0.0,0,21.2,76.8,47113.16,0.0,0.0,16.6,75.9,47086.72,0.0,0,21.2,75.9,47086.72,0.0,0,21.2,76.8,47113.16,0.0,0.0,16.6,76.8
2024-08-26,83.7,46991.88,0.0,0,18.4,83.1,46993.42,0.0,0,21.0,78.0,46968.91,0.0,0,18.1,78.0,46994.46,0.0,0.0,15.8,78.0,46968.91,0.0,0,18.1,78.0,46968.91,0.0,0,18.1,78.0,46994.46,0.0,0.0,15.8,78.0
2024-08-27,80.9,46872.53,0.0,0,16.9,79.3,46874.01,0.0,0,16.3,75.0,46850.36,0.0,0,15.5,73.0,46875.02,0.0,0.0,13.4,75.0,46850.36,0.0,0,15.5,75.0,46850.36,0.0,0,15.5,73.0,46875.02,0.0,0.0,13.4,73.0
2024-08-28,74.6,46752.52,0.0,0,17.3,75.7,46753.95,0.0,0,16.3,72.1,46731.15,0.0,0,18.0,72.9,46754.91,0.0,0.0,15.2,72.1,46731.15,0.0,0,18.0,72.1,46731.15,0.0,0,18.0,72.9,46754.91,0.0,0.0,15.2,72.9
2024-08-29,75.8,46631.93,2.0,0,20.2,74.7,46633.3,0.0,0,19.7,71.7,46611.37,0.0,0,19.5,73.6,46634.23,0.0,0.0,16.2,71.7,46611.37,0.0,0,19.5,71.7,46611.37,0.0,0,19.5,73.6,46634.23,0.0,0.0,16.2,73.6
2024-08-30,77.2,46510.86,0.0,0,16.2,75.2,46512.17,0.0,0,20.4,71.5,46491.1,0.0,0,16.7,72.4,46513.07,0.0,0.0,14.1,71.5,46491.1,0.0,0,16.7,71.5,46491.1,0.0,0,16.7,72.4,46513.07,0.0,0.0,14.1,72.4
2024-08-31,82.2,46389.37,0.0,0,16.2,76.0,46390.64,0.0,0,16.5,74.0,46370.43,0.0,0,15.5,73.3,46391.49,0.0,0.0,17.7,74.0,46370.43,0.0,0,15.5,74.0,46370.43,0.0,0,15.5,73.3,46391.49,0.0,0.0,17.7,73.3
2024-09-01,83.2,46267.56,0.0,0,16.2,80.8,46268.77,0.0,0,15.5,74.5,46249.43,0.0,0,16.0,76.9,46269.59,0.0,0.0,14.1,74.5,46249.43,0.0,0,16.0,74.5,46249.43,0.0,0,16.0,76.9,46269.59,0.0,0.0,14.1,76.9
2024-09-02,81.7,46145.5,2.0,0,21.2,81.6,46146.66,0.0,0,25.4,77.2,46128.19,0.0,0,16.6,75.8,46147.44,0.0,0.0,17.3,77.2,46128.19,0.0,0,16.6,77.2,46128.19,0.0,0,16.6,75.8,46147.44,0.0,0.0,17.3,75.8
2024-09-03,81.9,46023.28,0.0,0,20.9,81.1,46024.39,0.0,0,27.5,79.0,46006.78,0.0,0,15.9,76.9,46025.13,0.0,0.0,17.7,79.0,46006.78,0.0,0,15.9,79.0,46006.78,0.0,0,15.9,76.9,46025.13,0.0,0.0,17.7,76.9
2024-09-04,92.8,45900.97,0.0,0,21.6,87.5,45902.02,0.0,0,25.2,79.7,45885.28,0.0,0,27.3,78.4,45902.73,0.0,0.0,19.1,79.7,45885.28,0.0,0,27.3,79.7,45885.28,0.0,0,27.3,78.4,45902.73,0.0,0.0,19.1,78.4
2024-09-05,97.2,45778.65,0.0,0,19.4,93.1,45779.64,0.0,0,22.8,87.9,45763.78,0.0,0,24.5,86.8,45780.32,0.0,0.0,18.7,87.9,45763.78,0.0,0,24.5,87.9,45763.78,0.0,0,24.5,86.8,45780.32,0.0,0.0,18.7,86.8
2024-09-06,94.2,45656.4,0.0,0,16.6,97.8,45657.34,0.0,0,23.7,92.4,45642.33,0.0,0,22.4,99.6,45657.98,0.0,0.0,21.0,92.4,45642.33,0.0,0,22.4,92.4,45642.33,0.0,0,22.4,99.6,45657.98,0.0,0.0,21.0,99.6
2024-09-07,93.8,45534.29,0.0,0,18.0,94.8,45535.17,0.0,0,15.9,83.7,45521.04,0.0,0,17.0,89.2,45535.77,0.0,0.0,13.3,83.7,45521.04,0.0,0,17.0,83.7,45521.04,0.0,0,17.0,89.2,45535.77,0.0,0.0,13.3,89.2
2024-09-08,94.5,45412.39,0.0,0,18.0,94.3,45413.23,0.0,0,26.6,90.6,45399.95,0.0,0,15.3,92.4,45413.79,0.0,0.0,16.9,90.6,45399.95,0.0,0,15.3,90.6,45399.95,0.0,0,15.3,92.4,45413.79,0.0,0.0,16.9,92.4
2024-09-09,89.8,45290.53,0.0,0,22.7,92.7,45291.3,0.0,0,32.8,86.9,45278.89,0.0,0,27.0,87.0,45291.84,0.0,0.0,22.1,86.9,45278.89,0.0,0,27.0,86.9,45278.89,0.0,0,27.0,87.0,45291.84,0.0,0.0,22.1,87.0
2024-09-10,79.6,45167.9,0.0,0,21.2,78.3,45168.62,0.0,0,21.5,78.3,45157.08,0.0,0,25.6,76.2,45169.12,0.0,0.0,19.8,78.3,45157.08,0.0,0,25.6,78.3,45157.08,0.0,0,25.6,76.2,45169.12,0.0,0.0,19.8,76.2
2024-09-11,77.2,45044.53,0.0,0,15.5,75.8,45045.2,0.0,0,12.6,69.5,45034.53,0.0,0,15.5,73.2,45045.66,0.0,0.0,14.5,69.5,45034.53,0.0,0,15.5,69.5,45034.53,0.0,0,15.5,73.2,45045.66,0.0,0.0,14.5,73.2
2024-09-12,78.6,44920.5,0.0,0,17.3,73.2,44921.12,0.0,0,11.2,70.6,44911.32,0.0,0,14.5,73.9,44921.53,0.0,0.0,15.3,70.6,44911.32,0.0,0,14.5,70.6,44911.32,0.0,0,14.5,73.9,44921.53,0.0,0.0,15.3,73.9
2024-09-13,79.5,44795.89,0.0,0,19.1,74.4,44796.45,0.0,0,14.7,70.9,44787.53,0.0,0,14.8,74.4,44796.83,0.0,0.0,15.3,70.9,44787.53,0.0,0,14.8,70.9,44787.53,0.0,0,14.8,74.4,44796.83,0.0,0.0,15.3,74.4
2024-09-14,73.4,44670.78,0.0,0,15.5,73.1,44671.28,0.0,0,18.8,71.7,44663.25,0.0,0,16.2,74.9,44671.62,0.0,0.0,16.2,71.7,44663.25,0.0,0,16.2,71.7,44663.25,0.0,0,16.2,74.9,44671.62,0.0,0.0,16.2,74.9
2024-09-15,73.1,44545.25,0.0,0,18.7,68.7,44545.7,0.0,0,20.3,70.5,44538.55,0.0,0,15.3,71.8,44546.0,0.0,0.0,14.8,70.5,44538.55,0.0,0,15.3,70.5,44538.55,0.0,0,15.3,71.8,44546.0,0.0,0.0,14.8,71.8
2024-09-16,72.9,44419.37,1.0,0,32.0,68.8,44419.77,0.0,0,24.5,68.6,44413.51,0.0,0,23.5,71.2,44420.03,0.0,0.0,25.6,68.6,44413.51,0.0,0,23.5,68.6,44413.51,0.0,0,23.5,71.2,44420.03,0.0,0.0,25.6,71.2
2024-09-17,73.7,44293.23,0.0,0,20.2,70.8,44293.57,0.0,0,17.4,69.0,44288.21,0.0,0,16.9,71.3,44293.8,0.0,0.0,18.2,69.0,44288.21,0.0,0,16.9,69.0,44288.21,0.0,0,16.9,71.3,44293.8,0.0,0.0,18.2,71.3
2024-09-18,73.3,44166.91,0.0,0,15.8,69.8,44167.19,0.0,0,15.8,69.7,44162.71,0.0,0,15.2,71.0,44167.38,0.0,0.0,15.9,69.7,44162.71,0.0,0,15.2,69.7,44162.71,0.0,0,15.2,71.0,44167.38,0.0,0.0,15.9,71.0
2024-09-19,72.1,44040.47,0.0,0,18.0,70.5,44040.7,0.0,0,18.4,70.0,44037.11,3.0,0,18.0,71.2,44040.85,0.0,0.0,15.8,70.0,44037.11,3.0,0,18.0,70.0,44037.11,3.0,0,18.0,71.2,44040.85,0.0,0.0,15.8,71.2
2024-09-20,72.6,43914.0,1.0,0,16.6,69.0,43914.17,0.0,0,23.7,68.5,43911.48,3.0,0,18.2,70.1,43914.29,0.0,0.0,16.5,68.5,43911.48,3.0,0,18.2,68.5,43911.48,3.0,0,18.2,70.1,43914.29,0.0,0.0,16.5,70.1
2024-09-21,74.2,43787.57,0.0,0,14.8,72.2,43787.69,3.0,0,13.9,69.3,43785.88,0.0,0,13.0,71.0,43787.76,0.0,0.0,13.7,69.3,43785.88,0.0,0,13.0,69.3,43785.88,0.0,0,13.0,71.0,43787.76,0.0,0.0,13.7,71.0
2024-09-22,74.1,43661.26,0.0,0,22.3,72.9,43661.32,0.0,0,23.9,71.1,43660.41,0.0,0,20.2,69.4,43661.36,0.0,0.0,14.4,71.1,43660.41,0.0,0,20.2,71.1,43660.41,0.0,0,20.2,69.4,43661.36,0.0,0.0,14.4,69.4
2024-09-23,77.2,43535.15,0.0,0,19.8,75.8,43535.15,0.0,0,22.2,71.0,43535.13,0.0,0,19.1,67.0,43535.15,0.0,0.0,14.4,71.0,43535.13,0.0,0,19.1,71.0,43535.13,0.0,0,19.1,67.0,43535.15,0.0,0.0,14.4,67.0
2024-09-24,75.5,43409.3,0.0,0,19.1,74.7,43409.25,0.0,0,23.7,70.1,43410.11,0.0,0,18.4,66.8,43409.21,0.0,0.0,16.3,70.1,43410.11,0.0,0,18.4,70.1,43410.11,0.0,0,18.4,66.8,43409.21,0.0,0.0,16.3,66.8
2024-09-25,71.0,43283.8,0.0,0,20.9,68.5,43283.69,0.0,0,18.5,69.0,43285.45,0.0,0,19.2,66.3,43283.62,0.0,0.0,15.6,69.0,43285.45,0.0,0,19.2,69.0,43285.45,0.0,0,19.2,66.3,43283.62,0.0,0.0,15.6,66.3
2024-09-26,73.5,43158.73,0.0,0,16.6,70.9,43158.56,0.0,0,19.5,68.6,43161.2,0.0,0,16.7,68.8,43158.45,0.0,0.0,14.4,68.6,43161.2,0.0,0,16.7,68.6,43161.2,0.0,0,16.7,68.8,43158.45,0.0,0.0,14.4,68.8
2024-09-27,72.3,43034.15,0.0,0,15.8,72.3,43033.93,0.0,0,17.4,68.1,43037.45,0.0,0,14.7,64.6,43033.79,0.0,0.0,12.2,68.1,43037.45,0.0,0,14.7,68.1,43037.45,0.0,0,14.7,64.6,43033.79,0.0,0.0,12.2,64.6
2024-09-28,71.4,42910.15,2.0,0,16.6,72.4,42909.88,0.0,0,17.2,69.6,42914.27,0.0,0,16.3,65.4,42909.69,0.0,0.0,13.3,69.6,42914.27,0.0,0,16.3,69.6,42914.27,0.0,0,16.3,65.4,42909.69,0.0,0.0,13.3,65.4
2024-09-29,74.2,42786.53,0.0,0,15.5,70.9,42786.2,0.0,0,16.6,70.5,42791.46,0.0,0,17.6,67.7,42785.97,0.0,0.0,12.1,70.5,42791.46,0.0,0,17.6,70.5,42791.46,0.0,0,17.6,67.7,42785.97,0.0,0.0,12.1,67.7
2024-09-30,77.3,42662.44,1.0,0,15.8,81.0,42662.06,0.0,0,16.0,72.4,42668.19,0.0,0,17.7,71.2,42661.79,0.0,0.0,13.3,72.4,42668.19,0.0,0,17.7,72.4,42668.19,0.0,0,17.7,71.2,42661.79,0.0,0.0,13.3,71.2
2024-10-01,77.2,42537.91,0.0,0,20.2,76.8,42537.47,0.0,0,22.7,72.4,42544.49,0.0,0,20.2,69.6,42537.18,0.0,0.0,15.1,72.4,42544.49,0.0,0,20.2,72.4,42544.49,0.0,0,20.2,69.6,42537.18,0.0,0.0,15.1,69.6
2024-10-02,80.0,42413.02,0.0,0,15.5,85.4,42412.52,0.0,0,14.0,75.2,42420.43,0.0,0,11.5,70.0,42412.19,0.0,0.0,11.2,75.2,42420.43,0.0,0,11.5,75.2,42420.43,0.0,0,11.5,70.0,42412.19,0.0,0.0,11.2,70.0
2024-10-03,79.6,42287.85,0.0,0,13.3,80.6,42287.3,0.0,0,15.5,70.4,42296.09,0.0,0,12.7,75.0,42286.93,0.0,0.0,10.4,70.4,42296.09,0.0,0,12.7,70.4,42296.09,0.0,0,12.7,75.0,42286.93,0.0,0.0,10.4,75.0
2024-10-04,77.2,42162.5,0.0,0,12.2,80.1,42161.89,0.0,0,13.8,70.6,42171.56,0.0,0,11.3,80.2,42161.48,0.0,0.0,14.8,70.6,42171.56,0.0,0,11.3,70.6,42171.56,0.0,0,11.3,80.2,42161.48,0.0,0.0,14.8,80.2
2024-10-05,77.5,42037.04,1.0,0,19.8,76.6,42036.37,0.0,0,17.8,72.3,42046.94,0.0,0,16.8,68.6,42035.93,0.0,0.0,15.1,72.3,42046.94,0.0,0,16.8,72.3,42046.94,0.0,0,16.8,68.6,42035.93,0.0,0.0,15.1,68.6
2024-10-06,77.6,41911.56,0.0,0,17.6,81.3,41910.84,0.0,0,19.8,72.5,41922.29,0.0,0,17.2,69.2,41910.36,0.0,0.0,12.6,72.5,41922.29,0.0,0,17.2,72.5,41922.29,0.0,0,17.2,69.2,41910.36,0.0,0.0,12.6,69.2
2024-10-07,77.5,41786.15,0.0,0,12.6,80.3,41785.38,0.0,0,11.9,73.1,41797.71,0.0,0,15.2,68.8,41784.86,0.0,0.0,12.7,73.1,41797.71,0.0,0,15.2,73.1,41797.71,0.0,0,15.2,68.8,41784.86,0.0,0.0,12.7,68.8
2024-10-08,77.3,41660.89,2.0,0,15.5,80.5,41660.06,0.0,0,13.3,72.0,41673.3,0.0,0,14.0,68.7,41659.5,0.0,1.0,11.0,72.0,41673.3,0.0,0,14.0,72.0,41673.3,0.0,0,14.0,68.7,41659.5,0.0,1.0,11.0,68.7
2024-10-09,74.1,41535.89,0.0,0,16.2,76.1,41535.0,0.0,0,15.5,71.0,41549.12,0.0,0,14.3,68.8,41534.4,0.0,0.0,13.0,71.0,41549.12,0.0,0,14.3,71.0,41549.12,0.0,0,14.3,68.8,41534.4,0.0,0.0,13.0,68.8
2024-10-10,75.5,41411.21,2.0,0,15.1,75.2,41410.27,0.0,0,11.6,71.3,41425.27,0.0,0,12.3,69.8,41409.63,1.0,0.0,11.0,71.3,41425.27,0.0,0,12.3,71.3,41425.27,0.0,0,12.3,69.8,41409.63,1.0,0.0,11.0,69.8
2024-10-11,72.7,41286.95,3.0,0,14.0,78.1,41285.95,0.0,0,18.0,72.5,41301.84,0.0,0,14.4,67.4,41285.29,0.0,1.0,13.0,72.5,41301.84,0.0,0,14.4,72.5,41301.84,0.0,0,14.4,67.4,41285.29,0.0,1.0,13.0,67.4
2024-10-12,75.3,41163.21,0.0,0,12.2,74.8,41162.16,0.0,0,14.9,70.0,41178.92,0.0,0,15.4,69.3,41161.45,0.0,0.0,13.0,70.0,41178.92,0.0,0,15.4,70.0,41178.92,0.0,0,15.4,69.3,41161.45,0.0,0.0,13.0,69.3
2024-10-13,71.1,41040.07,0.0,0,13.0,72.0,41038.96,0.0,0,12.9,68.1,41056.6,0.0,0,12.0,70.3,41038.21,0.0,0.0,12.3,68.1,41056.6,0.0,0,12.0,68.1,41056.6,0.0,0,12.0,70.3,41038.21,0.0,0.0,12.3,70.3
2024-10-14,72.9,40917.63,0.0,0,15.8,69.2,40916.47,0.0,0,12.4,67.6,40934.98,0.0,0,13.0,71.1,40915.68,0.0,0.0,13.3,67.6,40934.98,0.0,0,13.0,67.6,40934.98,0.0,0,13.0,71.1,40915.68,0.0,0.0,13.3,71.1
2024-10-15,72.0,40795.98,0.0,0,15.8,68.5,40794.76,0.0,0,13.2,68.6,40814.14,0.0,0,12.1,67.6,40793.94,0.0,0.0,12.1,68.6,40814.14,0.0,0,12.1,68.6,40814.14,0.0,0,12.1,67.6,40793.94,0.0,0.0,12.1,67.6
2024-10-16,66.4,40675.21,3.0,0,13.0,68.0,40673.95,0.0,0,10.5,66.2,40694.19,0.0,0,8.5,66.7,40673.09,0.0,0.0,9.1,66.2,40694.19,0.0,0,8.5,66.2,40694.19,0.0,0,8.5,66.7,40673.09,0.0,0.0,9.1,66.7
2024-10-17,67.1,40555.44,0.0,0,12.2,68.5,40554.11,0.0,0,15.1,67.6,40575.21,3.0,0,11.6,69.3,40553.22,0.0,0.0,13.3,67.6,40575.21,3.0,0,11.6,67.6,40575.21,3.0,0,11.6,69.3,40553.22,0.0,0.0,13.3,69.3
2024-10-18,77.2,40436.74,1.0,0,24.8,72.7,40435.37,3.0,0,27.3,71.8,40457.31,0.0,0,19.5,80.6,40434.43,0.0,0.0,29.4,71.8,40457.31,0.0,0,19.5,71.8,40457.31,0.0,0,19.5,80.6,40434.43,0.0,0.0,29.4,80.6
2024-10-19,79.6,40318.91,0.0,0,15.1,72.6,40317.48,0.0,0,19.1,73.3,40340.27,0.0,0,12.4,78.7,40316.52,0.0,0.0,14.8,73.3,40340.27,0.0,0,12.4,73.3,40340.27,0.0,0,12.4,78.7,40316.52,0.0,0.0,14.8,78.7
2024-10-20,80.5,40201.02,0.0,0,15.8,76.2,40199.54,0.0,0,18.9,75.2,40223.18,0.0,0,17.8,79.8,40198.54,0.0,0.0,14.3,75.2,40223.18,0.0,0,17.8,75.2,40223.18,0.0,0,17.8,79.8,40198.54,0.0,0.0,14.3,79.8
2024-10-21,79.7,40083.1,0.0,0,19.1,74.7,40081.57,0.0,0,20.6,75.5,40106.05,0.0,0,18.7,76.7,40080.53,0.0,0.0,15.9,75.5,40106.05,0.0,0,18.7,75.5,40106.05,0.0,0,18.7,76.7,40080.53,0.0,0.0,15.9,76.7
2024-10-22,81.8,39965.24,0.0,0,14.8,78.0,39963.66,0.0,0,17.5,76.0,39988.98,0.0,0,16.9,76.4,39962.58,0.0,0.0,14.4,76.0,39988.98,0.0,0,16.9,76.0,39988.98,0.0,0,16.9,76.4,39962.58,0.0,0.0,14.4,76.4
2024-10-23,82.8,39847.55,0.0,0,14.4,79.2,39845.91,0.0,0,14.7,74.2,39872.08,0.0,0,12.3,76.1,39844.8,0.0,0.0,12.3,74.2,39872.08,0.0,0,12.3,74.2,39872.08,0.0,0,12.3,76.1,39844.8,0.0,0.0,12.3,76.1
2024-10-24,76.1,39730.13,0.0,0,15.1,76.5,39728.44,0.0,0,12.6,71.7,39755.45,0.0,0,13.8,73.2,39727.29,0.0,1.0,11.5,71.7,39755.45,0.0,0,13.8,71.7,39755.45,0.0,0,13.8,73.2,39727.29,0.0,1.0,11.5,73.2
2024-10-25,69.8,39613.09,0.0,0,12.6,73.1,39611.34,0.0,0,14.2,69.3,39639.2,0.0,0,12.8,65.6,39610.16,0.0,1.0,11.5,69.3,39639.2,0.0,0,12.8,69.3,39639.2,0.0,0,12.8,65.6,39610.16,0.0,1.0,11.5,65.6
2024-10-26,73.6,39496.52,4.0,0,13.3,75.1,39494.72,0.0,0,13.4,71.9,39523.42,0.0,0,14.2,69.4,39493.5,0.0,1.0,11.5,71.9,39523.42,0.0,0,14.2,71.9,39523.42,0.0,0,14.2,69.4,39493.5,0.0,1.0,11.5,69.4
2024-10-27,74.5,39380.55,0.0,0,14.8,74.9,39378.7,0.0,0,11.7,70.3,39408.23,0.0,0,9.4,78.4,39377.44,0.0,1.0,15.5,70.3,39408.23,0.0,0,9.4,70.3,39408.23,0.0,0,9.4,78.4,39377.44,0.0,1.0,15.5,78.4
2024-10-28,66.8,39265.27,4.0,0,19.4,67.7,39263.37,0.0,0,19.5,66.5,39293.75,0.0,0,24.9,66.5,39262.08,0.0,9.0,18.0,66.5,39293.75,0.0,0,24.9,66.5,39293.75,0.0,0,24.9,66.5,39262.08,0.0,9.0,18.0,66.5
2024-10-29,70.6,39150.82,0.0,0,23.8,66.3,39148.86,0.0,0,27.3,67.3,39180.07,0.0,0,18.7,67.9,39147.54,0.0,0.0,22.5,67.3,39180.07,0.0,0,18.7,67.3,39180.07,0.0,0,18.7,67.9,39147.54,0.0,0.0,22.5,67.9
2024-10-30,72.2,39037.28,0.0,0,17.3,69.5,39035.27,0.0,0,15.3,68.4,39067.3,0.0,0,13.3,72.1,39033.92,0.0,0.0,12.6,68.4,39067.3,0.0,0,13.3,68.4,39067.3,0.0,0,13.3,72.1,39033.92,0.0,0.0,12.6,72.1
2024-10-31,69.4,38924.8,0.0,0,15.8,67.8,38922.74,0.0,0,13.1,66.4,38955.58,0.0,0,12.6,69.0,38921.34,0.0,0.0,14.0,66.4,38955.58,0.0,0,12.6,66.4,38955.58,0.0,0,12.6,69.0,38921.34,0.0,0.0,14.0,69.0
2024-11-01,68.1,38813.47,0.0,0,17.6,67.3,38811.36,0.0,0,13.9,65.2,38845.02,0.0,0,14.2,65.7,38809.93,0.0,1.0,13.7,65.2,38845.02,0.0,0,14.2,65.2,38845.02,0.0,0,14.2,65.7,38809.93,0.0,1.0,13.7,65.7
2024-11-02,65.5,38703.42,7.0,0,13.0,64.2,38701.26,0.0,0,11.1,64.5,38735.72,12.0,0,17.7,66.2,38699.8,0.0,5.0,11.5,64.5,38735.72,12.0,0,17.7,64.5,38735.72,12.0,0,17.7,66.2,38699.8,0.0,5.0,11.5,66.2
2024-11-03,74.7,38594.78,0.0,0,25.6,73.6,38592.57,0.0,0,29.3,66.9,38627.82,0.0,0,34.7,75.1,38591.08,0.0,2.0,21.3,66.9,38627.82,0.0,0,34.7,66.9,38627.82,0.0,0,34.7,75.1,38591.08,0.0,2.0,21.3,75.1
2024-11-04,71.7,38487.67,0.0,0,20.5,69.9,38485.41,0.0,0,28.4,70.4,38521.44,0.0,0,19.9,73.9,38483.89,0.0,0.0,20.7,70.4,38521.44,0.0,0,19.9,70.4,38521.44,0.0,0,19.9,73.9,38483.89,0.0,0.0,20.7,73.9
2024-11-05,71.5,38382.21,0.0,0,11.9,69.9,38379.91,0.0,0,12.7,66.1,38416.71,0.0,0,11.3,70.3,38378.34,0.0,0.0,10.9,66.1,38416.71,0.0,0,11.3,66.1,38416.71,0.0,0,11.3,70.3,38378.34,0.0,0.0,10.9,70.3
2024-11-06,74.4,38278.54,0.0,0,11.2,74.8,38276.18,0.0,0,19.4,74.1,38313.75,0.0,0,29.2,79.3,38274.59,0.0,0.0,14.0,74.1,38313.75,0.0,0,29.2,74.1,38313.75,0.0,0,29.2,79.3,38274.59,0.0,0.0,14.0,79.3
2024-11-07,71.8,38176.78,0.0,0,11.2,70.3,38174.38,0.0,0,20.4,69.8,38212.68,0.0,0,22.4,72.7,38172.75,0.0,0.0,14.5,69.8,38212.68,0.0,0,22.4,69.8,38212.68,0.0,0,22.4,72.7,38172.75,0.0,0.0,14.5,72.7
2024-11-08,71.7,38076.73,0.0,0,16.2,68.9,38074.29,0.0,0,15.6,67.8,38113.33,0.0,0,13.9,73.2,38072.64,0.0,0.0,11.8,67.8,38113.33,0.0,0,13.9,67.8,38113.33,0.0,0,13.9,73.2,38072.64,0.0,0.0,11.8,73.2
2024-11-09,70.9,37977.46,0.0,0,11.2,71.0,37974.96,0.0,0,11.6,67.9,38014.74,0.0,0,10.6,71.5,37973.28,0.0,0.0,10.8,67.9,38014.74,0.0,0,10.6,67.9,38014.74,0.0,0,10.6,71.5,37973.28,0.0,0.0,10.8,71.5
2024-11-10,73.5,37878.97,0.0,0,11.9,71.1,37876.43,0.0,0,12.1,67.2,37916.93,0.0,0,11.5,70.8,37874.72,0.0,0.0,12.0,67.2,37916.93,0.0,0,11.5,67.2,37916.93,0.0,0,11.5,70.8,37874.72,0.0,0.0,12.0,70.8
2024-11-11,64.8,37781.39,2.0,0,16.9,64.7,37778.8,0.0,0,17.3,62.1,37820.02,0.0,0,16.5,65.5,37777.05,0.0,0.0,14.8,62.1,37820.02,0.0,0,16.5,62.1,37820.02,0.0,0,16.5,65.5,37777.05,0.0,0.0,14.8,65.5
2024-11-12,68.5,37684.81,0.0,0,24.5,66.5,37682.18,0.0,0,20.3,64.8,37724.12,0.0,0,17.6,71.3,37680.41,0.0,0.0,17.9,64.8,37724.12,0.0,0,17.6,64.8,37724.12,0.0,0,17.6,71.3,37680.41,0.0,0.0,17.9,71.3
2024-11-13,70.9,37589.37,0.0,0,15.5,72.3,37586.7,0.0,0,16.5,69.5,37629.34,0.0,0,14.3,76.0,37584.89,0.0,0.0,14.3,69.5,37629.34,0.0,0,14.3,69.5,37629.34,0.0,0,14.3,76.0,37584.89,0.0,0.0,14.3,76.0
2024-11-14,67.9,37495.17,0.0,0,12.2,68.0,37492.46,0.0,0,10.4,65.1,37535.8,0.0,0,9.7,69.9,37490.62,0.0,0.0,11.9,65.1,37535.8,0.0,0,9.7,65.1,37535.8,0.0,0,9.7,69.9,37490.62,0.0,0.0,11.9,69.9
2024-11-15,62.8,37402.33,0.0,0,29.5,61.2,37399.57,0.0,0,27.2,60.1,37443.61,0.0,0,25.8,62.4,37397.71,0.0,1.0,31.5,60.1,37443.61,0.0,0,25.8,60.1,37443.61,0.0,0,25.8,62.4,37397.71,0.0,1.0,31.5,62.4
2024-11-16,67.3,37310.98,0.0,0,19.8,65.8,37308.18,0.0,0,18.7,61.5,37352.89,0.0,0,16.2,66.8,37306.29,0.0,0.0,22.3,61.5,37352.89,0.0,0,16.2,61.5,37352.89,0.0,0,16.2,66.8,37306.29,0.0,0.0,22.3,66.8
2024-11-17,67.0,37221.23,0.0,0,19.4,64.3,37218.39,0.0,0,17.2,62.6,37263.77,0.0,0,11.9,67.2,37216.47,0.0,0.0,16.1,62.6,37263.77,0.0,0,11.9,62.6,37263.77,0.0,0,11.9,67.2,37216.47,0.0,0.0,16.1,67.2
2024-11-18,62.8,37133.21,0.0,0,14.8,61.2,37130.33,0.0,0,14.8,59.9,37176.36,0.0,0,11.6,65.1,37128.38,0.0,0.0,13.9,59.9,37176.36,0.0,0,11.6,59.9,37176.36,0.0,0,11.6,65.1,37128.38,0.0,0.0,13.9,65.1
2024-11-19,65.4,37047.05,0.0,0,15.5,63.1,37044.12,0.0,0,17.1,62.2,37090.8,0.0,0,10.9,67.7,37042.14,0.0,0.0,15.2,62.2,37090.8,0.0,0,10.9,62.2,37090.8,0.0,0,10.9,67.7,37042.14,0.0,0.0,15.2,67.7
2024-11-20,68.4,36962.86,0.0,0,13.3,67.2,36959.9,0.0,0,10.5,63.8,37007.21,0.0,0,10.1,73.9,36957.89,0.0,0.0,11.5,63.8,37007.21,0.0,0,10.1,63.8,37007.21,0.0,0,10.1,73.9,36957.89,0.0,0.0,11.5,73.9
2024-11-21,68.4,36880.79,0.0,0,12.6,67.2,36877.79,0.0,0,15.0,67.2,36925.71,0.0,0,14.7,73.1,36875.75,0.0,0.0,12.7,67.2,36925.71,0.0,0,14.7,67.2,36925.71,0.0,0,14.7,73.1,36875.75,0.0,0.0,12.7,73.1
2024-11-22,67.3,36800.95,0.0,0,19.4,64.8,36797.91,0.0,0,15.9,63.4,36846.43,0.0,0,11.8,68.5,36795.85,0.0,0.0,13.4,63.4,36846.43,0.0,0,11.8,63.4,36846.43,0.0,0,11.8,68.5,36795.85,0.0,0.0,13.4,68.5
2024-11-23,59.8,36723.49,4.0,0,13.0,58.3,36720.41,3.0,0,8.0,57.7,36769.51,6.0,0,9.5,62.7,36718.33,0.0,8.0,8.5,57.7,36769.51,6.0,0,9.5,57.7,36769.51,6.0,0,9.5,62.7,36718.33,0.0,8.0,8.5,62.7
2024-11-24,60.8,36648.53,4.0,0,13.3,61.2,36645.41,3.0,0,14.4,60.4,36695.09,0.0,0,9.5,60.8,36643.31,0.0,4.0,11.1,60.4,36695.09,0.0,0,9.5,60.4,36695.09,0.0,0,9.5,60.8,36643.31,0.0,4.0,11.1,60.8
2024-11-25,66.6,36576.21,1.0,0,9.0,66.4,36573.06,0.0,0,8.7,65.8,36623.27,0.0,0,7.9,70.5,36570.93,0.0,2.0,8.7,65.8,36623.27,0.0,0,7.9,65.8,36623.27,0.0,0,7.9,70.5,36570.93,0.0,2.0,8.7,70.5
2024-11-26,64.6,36506.66,4.0,0,7.9,63.9,36503.48,6.0,0,9.4,63.5,36554.22,0.0,0,7.1,64.9,36501.33,0.0,19.0,9.4,63.5,36554.22,0.0,0,7.1,63.5,36554.22,0.0,0,7.1,64.9,36501.33,0.0,19.0,9.4,64.9
2024-11-27,66.4,36440.03,4.0,0,15.5,65.6,36436.82,6.0,0,6.6,62.4,36488.06,0.0,0,11.7,63.3,36434.64,2.0,4.0,12.6,62.4,36488.06,0.0,0,11.7,62.4,36488.06,0.0,0,11.7,63.3,36434.64,2.0,4.0,12.6,63.3
2024-11-28,74.3,36376.18,2.0,0,6.8,67.6,36372.94,0.0,0,11.5,69.9,36424.67,0.0,0,9.8,73.7,36370.75,0.0,1.0,10.3,69.9,36424.67,0.0,0,9.8,69.9,36424.67,0.0,0,9.8,73.7,36370.75,0.0,1.0,10.3,73.7
2024-11-29,68.7,36314.41,2.0,0,9.4,68.9,36311.14,0.0,0,11.5,68.8,36363.33,0.0,0,13.0,72.2,36308.92,0.0,1.0,12.9,68.8,36363.33,0.0,0,13.0,68.8,36363.33,0.0,0,13.0,72.2,36308.92,0.0,1.0,12.9,72.2
2024-11-30,72.2,36254.7,0.0,0,10.1,70.0,36251.41,0.0,0,7.6,67.4,36304.05,0.0,0,13.1,77.8,36249.17,0.0,1.0,12.9,67.4,36304.05,0.0,0,13.1,67.4,36304.05,0.0,0,13.1,77.8,36249.17,0.0,1.0,12.9,77.8
2024-12-01,69.4,36197.15,0.0,0,12.2,67.9,36193.83,0.0,0,8.8,65.3,36246.91,0.0,0,9.8,68.6,36191.58,0.0,1.0,10.9,65.3,36246.91,0.0,0,9.8,65.3,36246.91,0.0,0,9.8,68.6,36191.58,0.0,1.0,10.9,68.6
2024-12-02,67.9,36141.84,0.0,0,10.4,65.8,36138.48,0.0,0,11.4,65.0,36191.98,0.0,0,10.8,67.9,36136.21,0.0,0.0,11.9,65.0,36191.98,0.0,0,10.8,65.0,36191.98,0.0,0,10.8,67.9,36136.21,0.0,0.0,11.9,67.9
2024-12-03,63.7,36088.82,0.0,0,9.7,63.7,36085.44,0.0,0,6.9,62.0,36139.35,0.0,0,5.9,63.8,36083.16,0.0,0.0,11.3,62.0,36139.35,0.0,0,5.9,62.0,36139.35,0.0,0,5.9,63.8,36083.16,0.0,0.0,11.3,63.8
2024-12-04,62.9,36038.19,0.0,0,13.0,60.8,36034.79,0.0,0,9.1,60.3,36089.08,0.0,0,9.4,60.8,36032.48,0.0,0.0,12.3,60.3,36089.08,0.0,0,9.4,60.3,36089.08,0.0,0,9.4,60.8,36032.48,0.0,0.0,12.3,60.8
2024-12-05,63.5,35990.01,1.0,0,10.8,62.1,35986.58,0.0,0,7.2,57.9,36041.25,0.0,0,5.4,62.1,35984.27,0.0,1.0,10.5,57.9,36041.25,0.0,0,5.4,57.9,36041.25,0.0,0,5.4,62.1,35984.27,0.0,1.0,10.5,62.1
2024-12-06,69.3,35944.37,0.0,0,10.1,72.1,35940.92,0.0,0,11.0,65.6,35995.93,0.0,0,9.7,62.1,35938.59,0.0,1.0,10.5,65.6,35995.93,0.0,0,9.7,65.6,35995.93,0.0,0,9.7,62.1,35938.59,0.0,1.0,10.5,62.1
2024-12-07,70.9,35901.33,0.0,0,13.3,71.1,35897.87,0.0,0,11.3,71.9,35953.21,0.0,0,11.5,76.7,35895.52,0.0,0.0,12.6,71.9,35953.21,0.0,0,11.5,71.9,35953.21,0.0,0,11.5,76.7,35895.52,0.0,0.0,12.6,76.7
2024-12-08,62.9,35860.99,0.0,0,10.4,64.6,35857.5,0.0,0,11.9,60.8,35913.15,0.0,0,7.4,65.5,35855.14,0.0,0.0,11.9,60.8,35913.15,0.0,0,7.4,60.8,35913.15,0.0,0,7.4,65.5,35855.14,0.0,0.0,11.9,65.5
2024-12-09,63.2,35823.4,0.0,0,12.2,59.8,35819.9,0.0,0,8.3,59.6,35875.83,0.0,0,9.1,61.5,35817.53,0.0,0.0,11.3,59.6,35875.83,0.0,0,9.1,59.6,35875.83,0.0,0,9.1,61.5,35817.53,0.0,0.0,11.3,61.5
2024-12-10,67.3,35788.65,0.0,0,10.8,65.5,35785.14,0.0,0,10.9,68.3,35841.33,0.0,0,12.8,73.3,35782.75,0.0,0.0,10.5,68.3,35841.33,0.0,0,12.8,68.3,35841.33,0.0,0,12.8,73.3,35782.75,0.0,0.0,10.5,73.3
2024-12-11,66.2,35756.82,0.0,0,10.4,66.6,35753.28,0.0,0,10.2,67.8,35809.73,0.0,0,14.2,72.9,35750.89,0.0,0.0,15.3,67.8,35809.73,0.0,0,14.2,67.8,35809.73,0.0,0,14.2,72.9,35750.89,0.0,0.0,15.3,72.9
2024-12-12,59.4,35727.96,0.0,0,11.9,58.7,35724.41,0.0,0,8.7,58.4,35781.08,6.0,0,7.9,60.0,35722.01,0.0,7.0,13.5,58.4,35781.08,6.0,0,7.9,58.4,35781.08,6.0,0,7.9,60.0,35722.01,0.0,7.0,13.5,60.0
2024-12-13,61.6,35702.17,0.0,0,10.1,60.6,35698.61,0.0,0,12.7,59.7,35755.46,0.0,0,9.4,63.3,35696.19,0.0,1.0,12.2,59.7,35755.46,0.0,0,9.4,59.7,35755.46,0.0,0,9.4,63.3,35696.19,0.0,1.0,12.2,63.3
2024-12-14,63.8,35679.5,0.0,0,12.6,61.7,35675.93,0.0,0,11.2,61.3,35732.97,0.0,0,7.2,64.3,35673.51,0.0,1.0,10.5,61.3,35732.97,0.0,0,7.2,61.3,35732.97,0.0,0,7.2,64.3,35673.51,0.0,1.0,10.5,64.3
2024-12-15,63.8,35660.04,4.0,0,17.6,61.3,35656.46,0.0,0,8.7,60.0,35713.64,0.0,0,9.9,64.1,35654.03,0.0,0.0,14.1,60.0,35713.64,0.0,0,9.9,60.0,35713.64,0.0,0,9.9,64.1,35654.03,0.0,0.0,14.1,64.1
2024-12-16,63.8,35643.84,0.0,0,12.6,63.4,35640.25,0.0,0,12.5,64.4,35697.56,0.0,0,10.4,67.7,35637.82,0.0,0.0,12.9,64.4,35697.56,0.0,0,10.4,64.4,35697.56,0.0,0,10.4,67.7,35637.82,0.0,0.0,12.9,67.7
2024-12-17,70.3,35630.99,0.0,0,10.1,64.1,35627.39,0.0,0,11.3,66.0,35684.8,0.0,0,8.3,70.1,35624.96,0.0,0.0,13.1,66.0,35684.8,0.0,0,8.3,66.0,35684.8,0.0,0,8.3,70.1,35624.96,0.0,0.0,13.1,70.1
2024-12-18,78.7,35621.49,0.0,0,10.1,72.7,35617.89,0.0,0,10.0,74.1,35675.37,0.0,0,11.4,83.0,35615.45,0.0,0.0,9.2,74.1,35675.37,0.0,0,11.4,74.1,35675.37,0.0,0,11.4,83.0,35615.45,0.0,0.0,9.2,83.0
2024-12-19,68.5,35615.19,0.0,0,8.3,71.4,35611.58,0.0,0,10.1,65.8,35669.11,0.0,0,7.4,71.0,35609.14,0.0,0.0,11.5,65.8,35669.11,0.0,0,7.4,65.8,35669.11,0.0,0,7.4,71.0,35609.14,0.0,0.0,11.5,71.0
2024-12-20,64.3,35612.04,0.0,0,12.2,64.8,35608.44,0.0,0,6.7,60.3,35665.99,0.0,0,10.2,57.8,35606.0,0.0,0.0,9.5,60.3,35665.99,0.0,0,10.2,60.3,35665.99,0.0,0,10.2,57.8,35606.0,0.0,0.0,9.5,57.8
2024-12-21,62.4,35612.03,0.0,0,13.7,60.2,35608.43,0.0,0,11.5,60.0,35665.98,0.0,0,10.0,60.4,35605.98,0.0,0.0,12.3,60.0,35665.98,0.0,0,10.0,60.0,35665.98,0.0,0,10.0,60.4,35605.98,0.0,0.0,12.3,60.4
2024-12-22,63.0,35615.14,0.0,0,10.4,62.4,35611.53,0.0,0,4.9,60.0,35669.06,0.0,0,6.4,63.6,35609.09,0.0,1.0,9.7,60.0,35669.06,0.0,0,6.4,60.0,35669.06,0.0,0,6.4,63.6,35609.09,0.0,1.0,9.7,63.6
2024-12-23,63.7,35621.32,0.0,0,14.0,62.0,35617.71,0.0,0,12.8,61.0,35675.2,0.0,0,9.7,64.3,35615.28,0.0,1.0,10.8,61.0,35675.2,0.0,0,9.7,61.0,35675.2,0.0,0,9.7,64.3,35615.28,0.0,1.0,10.8,64.3
2024-12-24,59.2,35630.54,6.0,0,8.6,60.7,35626.95,0.0,0,10.7,59.0,35684.36,3.0,0,10.0,59.9,35624.52,0.0,11.0,9.6,59.0,35684.36,3.0,0,10.0,59.0,35684.36,3.0,0,10.0,59.9,35624.52,0.0,11.0,9.6,59.9
2024-12-25,64.5,35642.79,0.0,0,14.4,60.3,35639.21,0.0,0,19.2,61.2,35696.52,0.0,0,19.1,64.0,35636.77,0.0,0.0,16.4,61.2,35696.52,0.0,0,19.1,61.2,35696.52,0.0,0,19.1,64.0,35636.77,0.0,0.0,16.4,64.0
2024-12-26,63.8,35658.04,0.0,0,9.7,60.8,35654.45,0.0,0,10.3,60.7,35711.65,0.0,0,8.7,64.5,35652.02,0.0,1.0,11.2,60.7,35711.65,0.0,0,8.7,60.7,35711.65,0.0,0,8.7,64.5,35652.02,0.0,1.0,11.2,64.5
2024-12-27,61.1,35676.23,1.0,0,10.8,60.3,35672.66,0.0,0,9.8,58.7,35729.71,3.0,0,12.8,61.5,35670.24,0.0,1.0,10.5,58.7,35729.71,3.0,0,12.8,58.7,35729.71,3.0,0,12.8,61.5,35670.24,0.0,1.0,10.5,61.5
2024-12-28,60.4,35697.34,2.0,0,10.8,59.6,35693.78,0.0,0,6.6,58.9,35750.68,0.0,0,7.4,59.1,35691.38,0.0,0.0,8.5,58.9,35750.68,0.0,0,7.4,58.9,35750.68,0.0,0,7.4,59.1,35691.38,0.0,0.0,8.5,59.1
2024-12-29,58.5,35721.35,0.0,0,11.5,58.7,35717.8,0.0,0,13.6,57.1,35774.51,0.0,0,5.3,57.7,35715.39,0.0,0.0,10.3,57.1,35774.51,0.0,0,5.3,57.1,35774.51,0.0,0,5.3,57.7,35715.39,0.0,0.0,10.3,57.7
2024-12-30,59.9,35748.2,0.0,0,11.5,59.0,35744.66,0.0,0,9.7,58.1,35801.17,0.0,0,8.9,61.5,35742.27,0.0,0.0,11.4,58.1,35801.17,0.0,0,8.9,58.1,35801.17,0.0,0,8.9,61.5,35742.27,0.0,0.0,11.4,61.5
2024-12-31,60.8,35777.86,0.0,0,11.2,59.7,35774.34,0.0,0,8.2,56.7,35830.62,0.0,0,5.7,60.4,35771.95,0.0,0.0,11.7,56.7,35830.62,0.0,0,5.7,56.7,35830.62,0.0,0,5.7,60.4,35771.95,0.0,0.0,11.7,60.4
2025-01-01,62.5,35810.3,0.0,0,8.3,64.5,35806.79,0.0,0,4.3,59.9,35862.82,0.0,0,10.1,58.5,35804.41,0.0,1.0,12.2,59.9,35862.82,0.0,0,10.1,59.9,35862.82,0.0,0,10.1,58.5,35804.41,0.0,1.0,12.2,58.5
2025-01-02,67.5,35845.47,0.0,0,11.9,69.9,35841.98,0.0,0,8.6,64.2,35897.75,0.0,0,7.9,70.3,35839.62,0.0,0.0,11.5,64.2,35897.75,0.0,0,7.9,64.2,35897.75,0.0,0,7.9,70.3,35839.62,0.0,0.0,11.5,70.3
2025-01-03,58.8,35883.34,0.0,0,12.6,61.6,35879.86,0.0,0,7.4,58.7,35935.34,0.0,0,10.1,59.8,35877.51,0.0,1.0,9.1,58.7,35935.34,0.0,0,10.1,58.7,35935.34,0.0,0,10.1,59.8,35877.51,0.0,1.0,9.1,59.8
2025-01-04,58.8,35923.86,0.0,0,14.8,63.0,35920.41,0.0,0,18.4,59.8,35975.57,0.0,0,9.7,63.1,35918.07,0.0,0.0,12.1,59.8,35975.57,0.0,0,9.7,59.8,35975.57,0.0,0,9.7,63.1,35918.07,0.0,0.0,12.1,63.1
2025-01-05,65.7,35967.0,0.0,0,9.7,66.1,35963.57,0.0,0,9.9,66.8,36018.4,0.0,0,9.6,74.3,35961.24,0.0,0.0,13.3,66.8,36018.4,0.0,0,9.6,66.8,36018.4,0.0,0,9.6,74.3,35961.24,0.0,0.0,13.3,74.3
2025-01-06,68.2,36012.71,0.0,0,15.5,66.6,36009.29,0.0,0,8.0,64.6,36063.78,0.0,0,9.6,70.9,36006.99,0.0,0.0,10.8,64.6,36063.78,0.0,0,9.6,64.6,36063.78,0.0,0,9.6,70.9,36006.99,0.0,0.0,10.8,70.9
2025-01-07,69.1,36061.12,0.0,0,28.4,67.5,36057.74,0.0,0,21.3,68.8,36111.86,0.0,0,20.0,72.5,36055.44,0.0,4.0,29.8,68.8,36111.86,0.0,0,20.0,68.8,36111.86,0.0,0,20.0,72.5,36055.44,0.0,4.0,29.8,72.5
2025-01-08,70.6,36112.77,0.0,0,32.8,69.7,36109.4,0.0,0,31.9,70.1,36163.12,0.0,0,16.9,72.1,36107.12,0.0,0.0,30.6,70.1,36163.12,0.0,0,16.9,70.1,36163.12,0.0,0,16.9,72.1,36107.12,0.0,0.0,30.6,72.1
2025-01-09,67.6,36167.56,0.0,0,11.5,64.8,36164.21,0.0,0,18.0,68.2,36217.53,0.0,0,8.5,68.1,36161.96,0.0,0.0,9.9,68.2,36217.53,0.0,0,8.5,68.2,36217.53,0.0,0,8.5,68.1,36161.96,0.0,0.0,9.9,68.1
2025-01-10,66.6,36225.37,0.0,0,12.6,64.4,36222.06,0.0,0,12.2,66.2,36274.93,0.0,0,8.7,69.5,36219.82,0.0,0.0,10.9,66.2,36274.93,0.0,0,8.7,66.2,36274.93,0.0,0,8.7,69.5,36219.82,0.0,0.0,10.9,69.5
2025-01-11,63.7,36286.1,0.0,0,14.8,63.3,36282.81,0.0,0,16.1,63.5,36335.22,0.0,0,15.6,65.1,36280.59,0.0,0.0,13.0,63.5,36335.22,0.0,0,15.6,63.5,36335.22,0.0,0,15.6,65.1,36280.59,0.0,0.0,13.0,65.1
2025-01-12,65.5,36349.61,0.0,0,14.4,64.3,36346.35,0.0,0,18.4,64.3,36398.28,0.0,0,12.2,67.9,36344.15,0.0,0.0,22.1,64.3,36398.28,0.0,0,12.2,64.3,36398.28,0.0,0,12.2,67.9,36344.15,0.0,0.0,22.1,67.9
2025-01-13,64.9,36415.78,0.0,0,10.4,65.6,36412.56,0.0,0,18.0,64.8,36463.98,0.0,0,13.7,67.1,36410.38,0.0,0.0,9.4,64.8,36463.98,0.0,0,13.7,64.8,36463.98,0.0,0,13.7,67.1,36410.38,0.0,0.0,9.4,67.1
2025-01-14,63.2,36484.5,0.0,0,9.7,62.3,36481.31,0.0,0,12.6,63.5,36532.22,0.0,0,12.8,65.2,36479.16,0.0,0.0,12.6,63.5,36532.22,0.0,0,12.8,63.5,36532.22,0.0,0,12.8,65.2,36479.16,0.0,0.0,12.6,65.2
2025-01-15,68.5,36555.65,0.0,0,11.5,65.8,36552.5,0.0,0,8.0,64.8,36602.87,0.0,0,10.9,71.3,36550.36,0.0,0.0,11.4,64.8,36602.87,0.0,0,10.9,64.8,36602.87,0.0,0,10.9,71.3,36550.36,0.0,0.0,11.4,71.3
2025-01-16,61.5,36629.12,0.0,0,13.0,62.9,36625.99,0.0,0,9.0,60.1,36675.81,0.0,0,10.9,67.1,36623.89,0.0,0.0,14.3,60.1,36675.81,0.0,0,10.9,60.1,36675.81,0.0,0,10.9,67.1,36623.89,0.0,0.0,14.3,67.1
2025-01-17,60.1,36704.78,0.0,0,10.8,57.9,36701.69,0.0,0,11.3,58.1,36750.93,0.0,0,8.4,60.4,36699.6,0.0,0.0,10.8,58.1,36750.93,0.0,0,8.4,58.1,36750.93,0.0,0,8.4,60.4,36699.6,0.0,0.0,10.8,60.4
2025-01-18,60.2,36782.51,0.0,0,13.0,57.8,36779.46,0.0,0,8.0,58.3,36828.12,0.0,0,8.3,61.6,36777.4,0.0,0.0,12.2,58.3,36828.12,0.0,0,8.3,58.3,36828.12,0.0,0,8.3,61.6,36777.4,0.0,0.0,12.2,61.6
2025-01-19,57.2,36862.22,0.0,0,15.1,59.4,36859.21,0.0,0,15.5,56.9,36907.27,0.0,0,12.3,57.4,36857.17,0.0,0.0,13.3,56.9,36907.27,0.0,0,12.3,56.9,36907.27,0.0,0,12.3,57.4,36857.17,0.0,0.0,13.3,57.4
2025-01-20,70.8,36943.77,0.0,0,21.6,66.2,36940.8,0.0,0,22.0,66.2,36988.25,0.0,0,19.8,67.1,36938.79,0.0,0.0,13.0,66.2,36988.25,0.0,0,19.8,66.2,36988.25,0.0,0,19.8,67.1,36938.79,0.0,0.0,13.0,67.1
2025-01-21,68.1,37027.07,0.0,0,13.0,61.4,37024.14,0.0,0,14.5,67.0,37070.97,0.0,0,17.2,69.4,37022.15,0.0,0.0,10.9,67.0,37070.97,0.0,0,17.2,67.0,37070.97,0.0,0,17.2,69.4,37022.15,0.0,0.0,10.9,69.4
2025-01-22,73.2,37112.0,0.0,0,9.7,69.3,37109.11,0.0,0,12.0,72.6,37155.3,0.0,0,12.4,74.2,37107.15,0.0,0.0,12.0,72.6,37155.3,0.0,0,12.4,72.6,37155.3,0.0,0,12.4,74.2,37107.15,0.0,0.0,12.0,74.2
2025-01-23,73.8,37198.45,0.0,0,10.4,70.0,37195.6,0.0,0,9.6,73.2,37241.15,0.0,0,12.2,79.7,37193.67,0.0,0.0,13.2,73.2,37241.15,0.0,0,12.2,73.2,37241.15,0.0,0,12.2,79.7,37193.67,0.0,0.0,13.2,79.7
2025-01-24,69.4,37286.32,0.0,0,11.2,64.3,37283.51,0.0,0,13.2,64.8,37328.41,0.0,0,14.1,72.4,37281.61,0.0,0.0,13.2,64.8,37328.41,0.0,0,14.1,64.8,37328.41,0.0,0,14.1,72.4,37281.61,0.0,0.0,13.2,72.4
2025-01-25,58.0,37375.5,6.0,0,13.3,60.0,37372.73,0.0,0,16.4,57.7,37416.96,6.0,0,17.8,61.0,37370.86,0.0,14.0,15.9,57.7,37416.96,6.0,0,17.8,57.7,37416.96,6.0,0,17.8,61.0,37370.86,0.0,14.0,15.9,61.0
2025-01-26,55.9,37465.89,16.0,0,15.5,55.1,37463.16,12.0,0,16.8,54.0,37506.72,21.0,0,15.6,54.2,37461.32,2.0,41.0,17.0,54.0,37506.72,21.0,0,15.6,54.0,37506.72,21.0,0,15.6,54.2,37461.32,2.0,41.0,17.0,54.2
2025-01-27,56.5,37557.7,6.0,0,16.2,56.4,37555.01,9.0,0,13.7,55.2,37597.89,6.0,0,11.0,58.7,37553.19,3.0,38.0,15.8,55.2,37597.89,6.0,0,11.0,55.2,37597.89,6.0,0,11.0,58.7,37553.19,3.0,38.0,15.8,58.7
2025-01-28,59.0,37651.82,0.0,0,13.3,57.1,37649.18,0.0,0,11.5,56.2,37691.36,0.0,0,13.6,60.3,37647.39,0.0,1.0,12.4,56.2,37691.36,0.0,0,13.6,56.2,37691.36,0.0,0,13.6,60.3,37647.39,0.0,1.0,12.4,60.3
2025-01-29,58.5,37748.21,0.0,0,15.8,57.8,37745.61,0.0,0,16.4,56.5,37787.08,0.0,0,10.1,59.7,37743.86,0.0,0.0,15.5,56.5,37787.08,0.0,0,10.1,56.5,37787.08,0.0,0,10.1,59.7,37743.86,0.0,0.0,15.5,59.7
2025-01-30,58.2,37846.71,0.0,0,10.8,57.3,37844.17,0.0,0,10.9,56.5,37884.9,0.0,0,8.2,57.7,37842.44,0.0,1.0,9.0,56.5,37884.9,0.0,0,8.2,56.5,37884.9,0.0,0,8.2,57.7,37842.44,0.0,1.0,9.0,57.7
2025-01-31,61.2,37947.21,0.0,0,16.6,58.0,37944.7,0.0,0,15.9,57.9,37984.7,0.0,0,14.1,60.0,37943.01,0.0,1.0,16.6,57.9,37984.7,0.0,0,14.1,57.9,37984.7,0.0,0,14.1,60.0,37943.01,0.0,1.0,16.6,60.0
2025-02-01,63.1,38049.54,2.0,0,13.7,62.6,38047.08,0.0,0,8.0,61.6,38086.32,0.0,0,8.6,66.3,38045.42,0.0,1.0,12.7,61.6,38086.32,0.0,0,8.6,61.6,38086.32,0.0,0,8.6,66.3,38045.42,0.0,1.0,12.7,66.3
2025-02-02,66.9,38153.59,0.0,0,10.8,65.9,38151.17,0.0,0,12.4,62.4,38189.65,0.0,0,8.7,64.0,38149.54,0.0,0.0,11.3,62.4,38189.65,0.0,0,8.7,62.4,38189.65,0.0,0,8.7,64.0,38149.54,0.0,0.0,11.3,64.0
2025-02-03,64.1,38259.2,3.0,0,11.9,65.8,38256.84,0.0,0,12.3,60.5,38294.55,0.0,0,13.2,58.3,38255.24,0.0,0.0,11.9,60.5,38294.55,0.0,0,13.2,60.5,38294.55,0.0,0,13.2,58.3,38255.24,0.0,0.0,11.9,58.3
2025-02-04,62.0,38366.28,7.0,0,15.1,60.1,38363.96,3.0,0,12.0,58.5,38400.88,3.0,0,13.1,63.4,38362.4,0.0,2.0,12.6,58.5,38400.88,3.0,0,13.1,58.5,38400.88,3.0,0,13.1,63.4,38362.4,0.0,2.0,12.6,63.4
2025-02-05,62.6,38474.67,20.0,0,12.6,60.5,38472.41,24.0,0,18.2,60.2,38508.53,12.0,0,14.2,61.8,38470.87,1.0,49.0,13.4,60.2,38508.53,12.0,0,14.2,60.2,38508.53,12.0,0,14.2,61.8,38470.87,1.0,49.0,13.4,61.8
2025-02-06,61.6,38584.25,16.0,0,12.2,60.9,38582.04,3.0,0,12.1,59.4,38617.37,18.0,0,20.0,60.4,38580.54,1.0,37.0,12.3,59.4,38617.37,18.0,0,20.0,59.4,38617.37,18.0,0,20.0,60.4,38580.54,1.0,37.0,12.3,60.4
2025-02-07,59.4,38694.91,12.0,0,21.6,61.3,38692.75,9.0,0,17.9,59.1,38727.27,15.0,0,19.5,60.1,38691.29,8.0,70.0,14.2,59.1,38727.27,15.0,0,19.5,59.1,38727.27,15.0,0,19.5,60.1,38691.29,8.0,70.0,14.2,60.1
2025-02-08,61.0,38806.52,0.0,0,13.7,60.9,38804.41,0.0,0,8.0,58.7,38838.12,0.0,0,10.6,62.5,38802.98,0.0,0.0,13.7,58.7,38838.12,0.0,0,10.6,58.7,38838.12,0.0,0,10.6,62.5,38802.98,0.0,0.0,13.7,62.5
2025-02-09,65.0,38918.97,0.0,0,12.2,65.4,38916.91,0.0,0,10.5,62.1,38949.79,0.0,0,10.0,65.1,38915.52,0.0,0.0,13.8,62.1,38949.79,0.0,0,10.0,62.1,38949.79,0.0,0,10.0,65.1,38915.52,0.0,0.0,13.8,65.1
2025-02-10,61.2,39032.13,0.0,0,14.8,58.6,39030.12,0.0,0,9.7,57.2,39062.18,0.0,0,13.8,59.9,39028.76,0.0,1.0,12.8,57.2,39062.18,0.0,0,13.8,57.2,39062.18,0.0,0,13.8,59.9,39028.76,0.0,1.0,12.8,59.9
2025-02-11,58.8,39145.89,2.0,0,17.6,58.7,39143.93,0.0,0,19.7,57.4,39175.17,0.0,0,12.3,58.7,39142.61,0.0,0.0,21.7,57.4,39175.17,0.0,0,12.3,57.4,39175.17,0.0,0,12.3,58.7,39142.61,0.0,0.0,21.7,58.7
2025-02-12,54.7,39260.14,12.0,0,20.9,54.0,39258.23,6.0,0,18.8,54.4,39288.64,15.0,0,18.5,52.8,39256.95,7.0,44.0,17.1,54.4,39288.64,15.0,0,18.5,54.4,39288.64,15.0,0,18.5,52.8,39256.95,7.0,44.0,17.1,52.8
2025-02-13,58.6,39374.77,20.0,0,22.3,58.1,39372.91,21.0,0,29.7,57.9,39402.5,21.0,0,26.3,59.0,39371.66,16.0,100.0,18.6,57.9,39402.5,21.0,0,26.3,57.9,39402.5,21.0,0,26.3,59.0,39371.66,16.0,100.0,18.6,59.0
2025-02-14,59.6,39489.66,15.0,0,28.1,60.7,39487.86,15.0,0,36.4,58.8,39516.61,18.0,0,23.8,59.8,39486.64,0.0,34.0,26.8,58.8,39516.61,18.0,0,23.8,58.8,39516.61,18.0,0,23.8,59.8,39486.64,0.0,34.0,26.8,59.8
2025-02-15,63.9,39604.72,0.0,0,15.1,61.2,39602.97,0.0,0,20.1,61.0,39630.89,0.0,0,19.5,67.5,39601.79,0.0,0.0,14.6,61.0,39630.89,0.0,0,19.5,61.0,39630.89,0.0,0,19.5,67.5,39601.79,0.0,0.0,14.6,67.5
2025-02-16,68.4,39720.16,0.0,0,12.6,66.7,39718.47,0.0,0,9.7,63.3,39745.55,0.0,0,9.3,69.4,39717.32,0.0,0.0,12.0,63.3,39745.55,0.0,0,9.3,63.3,39745.55,0.0,0,9.3,69.4,39717.32,0.0,0.0,12.0,69.4
2025-02-17,65.8,39836.98,0.0,0,12.6,63.2,39835.33,0.0,0,10.5,60.4,39861.58,0.0,0,6.3,64.8,39834.22,0.0,0.0,13.6,60.4,39861.58,0.0,0,6.3,60.4,39861.58,0.0,0,6.3,64.8,39834.22,0.0,0.0,13.6,64.8
2025-02-18,64.6,39955.12,0.0,0,19.4,61.0,39953.53,0.0,0,14.9,59.6,39978.93,0.0,0,13.7,64.1,39952.46,0.0,1.0,16.0,59.6,39978.93,0.0,0,13.7,59.6,39978.93,0.0,0,13.7,64.1,39952.46,0.0,1.0,16.0,64.1
2025-02-19,65.2,40074.5,0.0,0,11.5,64.7,40072.96,0.0,0,12.0,63.2,40097.5,0.0,0,9.0,63.0,40071.92,0.0,0.0,13.7,63.2,40097.5,0.0,0,9.0,63.2,40097.5,0.0,0,9.0,63.0,40071.92,0.0,0.0,13.7,63.0
2025-02-20,67.6,40194.98,0.0,0,14.0,66.7,40193.5,0.0,0,14.5,66.6,40217.17,0.0,0,13.2,62.4,40192.49,0.0,0.0,15.2,66.6,40217.17,0.0,0,13.2,66.6,40217.17,0.0,0,13.2,62.4,40192.49,0.0,0.0,15.2,62.4
2025-02-21,69.5,40316.46,0.0,0,17.3,71.4,40315.04,0.0,0,19.2,68.0,40337.84,0.0,0,11.9,72.1,40314.07,0.0,0.0,16.3,68.0,40337.84,0.0,0,11.9,68.0,40337.84,0.0,0,11.9,72.1,40314.07,0.0,0.0,16.3,72.1
2025-02-22,71.8,40438.84,0.0,0,14.0,70.5,40437.46,0.0,0,11.0,68.4,40459.39,0.0,0,11.1,65.2,40436.54,0.0,0.0,12.3,68.4,40459.39,0.0,0,11.1,68.4,40459.39,0.0,0,11.1,65.2,40436.54,0.0,0.0,12.3,65.2
2025-02-23,71.1,40562.0,0.0,0,14.8,70.3,40560.68,0.0,0,13.6,69.0,40581.73,0.0,0,13.7,69.5,40559.79,0.0,0.0,15.2,69.0,40581.73,0.0,0,13.7,69.0,40581.73,0.0,0,13.7,69.5,40559.79,0.0,0.0,15.2,69.5
2025-02-24,68.4,40685.84,0.0,0,19.1,67.9,40684.58,0.0,0,15.2,67.2,40704.74,0.0,0,13.3,68.5,40683.72,0.0,0.0,14.8,67.2,40704.74,0.0,0,13.3,67.2,40704.74,0.0,0,13.3,68.5,40683.72,0.0,0.0,14.8,68.5
2025-02-25,65.2,40810.26,0.0,0,15.1,67.2,40809.05,0.0,0,12.6,65.0,40828.33,0.0,0,10.4,66.2,40808.23,0.0,1.0,13.6,65.0,40828.33,0.0,0,10.4,65.0,40828.33,0.0,0,10.4,66.2,40808.23,0.0,1.0,13.6,66.2
2025-02-26,70.2,40935.15,0.0,0,10.4,70.4,40934.0,0.0,0,13.3,68.7,40952.39,0.0,0,9.3,62.2,40933.22,0.0,0.0,10.9,68.7,40952.39,0.0,0,9.3,68.7,40952.39,0.0,0,9.3,62.2,40933.22,0.0,0.0,10.9,62.2
2025-02-27,78.8,41060.42,0.0,0,19.1,76.8,41059.32,0.0,0,15.0,73.8,41076.82,0.0,0,13.1,85.4,41058.58,0.0,0.0,13.0,73.8,41076.82,0.0,0,13.1,73.8,41076.82,0.0,0,13.1,85.4,41058.58,0.0,0.0,13.0,85.4
2025-02-28,71.2,41185.96,0.0,0,17.3,66.1,41184.93,0.0,0,13.4,66.7,41201.52,0.0,0,11.4,67.2,41184.22,0.0,1.0,18.9,66.7,41201.52,0.0,0,11.4,66.7,41201.52,0.0,0,11.4,67.2,41184.22,0.0,1.0,18.9,67.2
2025-03-01,62.0,41311.69,5.0,0,17.6,60.1,41310.7,0.0,0,14.6,59.0,41326.41,3.0,0,11.5,61.3,41310.04,0.0,9.0,14.2,59.0,41326.41,3.0,0,11.5,59.0,41326.41,3.0,0,11.5,61.3,41310.04,0.0,9.0,14.2,61.3
2025-03-02,60.3,41437.49,5.0,0,32.8,60.0,41436.56,9.0,0,37.6,59.8,41451.38,6.0,0,28.2,61.6,41435.94,0.0,6.0,32.1,59.8,41451.38,6.0,0,28.2,59.8,41451.38,6.0,0,28.2,61.6,41435.94,0.0,6.0,32.1,61.6
2025-03-03,62.5,41563.28,0.0,0,18.7,60.5,41562.41,0.0,0,27.1,60.0,41576.33,0.0,0,23.9,62.1,41561.82,0.0,2.0,25.9,60.0,41576.33,0.0,0,23.9,60.0,41576.33,0.0,0,23.9,62.1,41561.82,0.0,2.0,25.9,62.1
2025-03-04,63.9,41688.96,0.0,0,23.0,60.9,41688.14,0.0,0,19.9,60.1,41701.17,0.0,0,16.2,64.4,41687.59,0.0,1.0,19.1,60.1,41701.17,0.0,0,16.2,60.1,41701.17,0.0,0,16.2,64.4,41687.59,0.0,1.0,19.1,64.4
2025-03-05,56.1,41814.43,12.0,0,11.5,57.9,41813.67,9.0,0,11.2,56.0,41825.8,12.0,0,9.0,56.5,41813.16,9.0,91.0,9.7,56.0,41825.8,12.0,0,9.0,56.0,41825.8,12.0,0,9.0,56.5,41813.16,9.0,91.0,9.7,56.5
2025-03-06,55.7,41939.61,9.0,0,33.1,55.2,41938.9,6.0,0,32.1,54.0,41950.15,12.0,0,27.4,56.5,41938.42,6.0,59.0,27.6,54.0,41950.15,12.0,0,27.4,54.0,41950.15,12.0,0,27.4,56.5,41938.42,6.0,59.0,27.6,56.5
2025-03-07,61.1,42064.38,3.0,0,15.1,61.0,42063.73,0.0,0,22.6,58.1,42074.1,3.0,0,13.2,61.2,42063.29,0.0,7.0,27.7,58.1,42074.1,3.0,0,13.2,58.1,42074.1,3.0,0,13.2,61.2,42063.29,0.0,7.0,27.7,61.2
2025-03-08,64.7,42188.98,0.0,0,16.6,59.5,42188.39,0.0,0,13.2,59.5,42197.87,0.0,0,9.1,62.5,42187.98,0.0,0.0,14.0,59.5,42197.87,0.0,0,9.1,59.5,42197.87,0.0,0,9.1,62.5,42187.98,0.0,0.0,14.0,62.5
2025-03-09,71.6,42314.31,0.0,0,15.5,66.7,42313.77,0.0,0,18.9,63.2,42322.37,0.0,0,11.5,72.7,42313.41,0.0,0.0,15.8,63.2,42322.37,0.0,0,11.5,63.2,42322.37,0.0,0,11.5,72.7,42313.41,0.0,0.0,15.8,72.7
2025-03-10,68.2,42440.36,0.0,0,13.0,64.0,42439.88,0.0,0,10.6,62.6,42447.59,0.0,0,9.1,65.1,42439.55,0.0,0.0,14.1,62.6,42447.59,0.0,0,9.1,62.6,42447.59,0.0,0,9.1,65.1,42439.55,0.0,0.0,14.1,65.1
2025-03-11,60.3,42567.05,13.0,0,18.4,63.1,42566.62,6.0,0,19.7,56.3,42573.43,12.0,0,16.3,59.5,42566.33,4.0,58.0,15.7,56.3,42573.43,12.0,0,16.3,56.3,42573.43,12.0,0,16.3,59.5,42566.33,4.0,58.0,15.7,59.5
2025-03-12,60.2,42694.28,8.0,0,17.6,61.2,42693.91,0.0,0,18.3,58.2,42699.82,15.0,0,16.5,61.5,42693.65,0.0,18.0,15.8,58.2,42699.82,15.0,0,16.5,58.2,42699.82,15.0,0,16.5,61.5,42693.65,0.0,18.0,15.8,61.5
2025-03-13,56.3,42821.97,19.0,0,38.2,55.9,42821.66,12.0,0,40.9,56.4,42826.67,21.0,0,31.5,56.8,42821.45,7.0,100.0,41.1,56.4,42826.67,21.0,0,31.5,56.4,42826.67,21.0,0,31.5,56.8,42821.45,7.0,100.0,41.1,56.8
2025-03-14,51.6,42950.04,10.0,0,31.7,52.2,42949.78,6.0,0,28.3,52.1,42953.89,12.0,0,26.9,50.7,42949.61,2.0,81.0,29.1,52.1,42953.89,12.0,0,26.9,52.1,42953.89,12.0,0,26.9,50.7,42949.61,2.0,81.0,29.1,50.7
2025-03-15,63.1,43078.41,1.0,0,18.7,60.8,43078.21,0.0,0,18.7,58.1,43081.41,3.0,0,12.9,61.3,43078.07,0.0,0.0,15.7,58.1,43081.41,3.0,0,12.9,58.1,43081.41,3.0,0,12.9,61.3,43078.07,0.0,0.0,15.7,61.3
2025-03-16,65.9,43206.98,0.0,0,13.3,63.2,43206.84,0.0,0,15.9,60.3,43209.13,0.0,0,8.0,65.9,43206.74,0.0,0.0,15.0,60.3,43209.13,0.0,0,8.0,60.3,43209.13,0.0,0,8.0,65.9,43206.74,0.0,0.0,15.0,65.9
2025-03-17,61.9,43335.68,3.0,0,32.8,60.0,43335.59,3.0,0,30.2,59.7,43336.98,3.0,0,24.5,62.1,43335.54,1.0,21.0,25.6,59.7,43336.98,3.0,0,24.5,59.7,43336.98,3.0,0,24.5,62.1,43335.54,1.0,21.0,25.6,62.1
2025-03-18,64.5,43464.42,0.0,0,32.4,62.0,43464.39,0.0,0,32.6,60.5,43464.87,0.0,0,25.9,62.9,43464.37,0.0,0.0,30.8,60.5,43464.87,0.0,0,25.9,60.5,43464.87,0.0,0,25.9,62.9,43464.37,0.0,0.0,30.8,62.9
2025-03-19,73.7,43593.12,0.0,0,12.6,71.2,43593.15,0.0,0,15.5,69.3,43592.72,0.0,0,13.8,73.9,43593.17,0.0,0.0,16.6,69.3,43592.72,0.0,0,13.8,69.3,43592.72,0.0,0,13.8,73.9,43593.17,0.0,0.0,16.6,73.9
2025-03-20,70.2,43721.7,0.0,0,12.6,68.9,43721.78,0.0,0,11.4,63.1,43720.45,0.0,0,11.6,67.3,43721.84,0.0,0.0,15.4,63.1,43720.45,0.0,0,11.6,63.1,43720.45,0.0,0,11.6,67.3,43721.84,0.0,0.0,15.4,67.3
2025-03-21,71.2,43850.07,0.0,0,18.4,67.6,43850.21,0.0,0,14.0,64.8,43847.96,0.0,0,12.1,68.2,43850.3,0.0,1.0,15.9,64.8,43847.96,0.0,0,12.1,64.8,43847.96,0.0,0,12.1,68.2,43850.3,0.0,1.0,15.9,68.2
2025-03-22,69.2,43978.14,0.0,0,14.0,66.9,43978.34,0.0,0,12.1,63.0,43975.2,0.0,0,13.0,67.6,43978.47,0.0,1.0,15.6,63.0,43975.2,0.0,0,13.0,63.0,43975.2,0.0,0,13.0,67.6,43978.47,0.0,1.0,15.6,67.6
2025-03-23,69.1,44105.84,0.0,0,12.6,64.4,44106.09,0.0,0,13.0,63.2,44102.05,0.0,0,13.4,65.6,44106.27,0.0,1.0,14.8,63.2,44102.05,0.0,0,13.4,63.2,44102.05,0.0,0,13.4,65.6,44106.27,0.0,1.0,14.8,65.6
2025-03-24,73.6,44233.08,0.0,0,17.6,73.8,44233.39,0.0,0,18.1,68.4,44228.45,0.0,0,16.6,68.5,44233.6,0.0,1.0,19.9,68.4,44228.45,0.0,0,16.6,68.4,44228.45,0.0,0,16.6,68.5,44233.6,0.0,1.0,19.9,68.5
2025-03-25,68.2,44359.77,0.0,0,18.4,67.8,44360.14,0.0,0,17.2,62.6,44354.3,0.0,0,14.2,61.6,44360.39,0.0,1.0,14.4,62.6,44354.3,0.0,0,14.2,62.6,44354.3,0.0,0,14.2,61.6,44360.39,0.0,1.0,14.4,61.6
2025-03-26,60.2,44485.84,2.0,0,16.9,60.4,44486.26,0.0,0,17.3,58.9,44479.53,3.0,0,9.4,61.8,44486.54,0.0,0.0,11.5,58.9,44479.53,3.0,0,9.4,58.9,44479.53,3.0,0,9.4,61.8,44486.54,0.0,0.0,11.5,61.8
2025-03-27,65.8,44611.18,0.0,0,17.6,61.9,44611.66,0.0,0,18.8,61.5,44604.05,0.0,0,14.7,63.8,44611.98,0.0,0.0,16.1,61.5,44604.05,0.0,0,14.7,61.5,44604.05,0.0,0,14.7,63.8,44611.98,0.0,0.0,16.1,63.8
2025-03-28,64.8,44736.0,0.0,0,19.8,64.0,44736.53,0.0,0,24.1,61.2,44728.04,0.0,0,14.5,65.3,44736.89,0.0,1.0,20.7,61.2,44728.04,0.0,0,14.5,61.2,44728.04,0.0,0,14.5,65.3,44736.89,0.0,1.0,20.7,65.3
2025-03-29,65.5,44861.14,0.0,0,18.7,63.3,44861.73,0.0,0,17.6,60.1,44852.36,0.0,0,12.9,63.6,44862.13,0.0,0.0,15.3,60.1,44852.36,0.0,0,12.9,60.1,44852.36,0.0,0,12.9,63.6,44862.13,0.0,0.0,15.3,63.6
2025-03-30,66.9,44986.61,0.0,0,19.1,59.3,44987.25,0.0,0,19.9,60.3,44976.98,6.0,0,9.8,62.7,44987.68,2.0,16.0,13.0,60.3,44976.98,6.0,0,9.8,60.3,44976.98,6.0,0,9.8,62.7,44987.68,2.0,16.0,13.0,62.7
2025-03-31,62.8,45112.29,0.0,0,15.1,65.0,45112.99,12.0,0,17.8,60.3,45101.84,12.0,0,16.3,63.2,45113.47,1.0,31.0,16.8,60.3,45101.84,12.0,0,16.3,60.3,45101.84,12.0,0,16.3,63.2,45113.47,1.0,31.0,16.8,63.2
2025-04-01,62.6,45238.14,0.0,0,23.0,62.0,45238.9,0.0,0,33.6,60.3,45226.86,0.0,0,30.0,62.7,45239.41,0.0,0.0,35.3,60.3,45226.86,0.0,0,30.0,60.3,45226.86,0.0,0,30.0,62.7,45239.41,0.0,0.0,35.3,62.7
2025-04-02,62.6,45364.07,11.0,0,45.7,60.1,45364.88,0.0,0,36.1,59.4,45351.95,0.0,0,28.4,61.9,45365.43,0.0,1.0,35.9,59.4,45351.95,0.0,0,28.4,59.4,45351.95,0.0,0,28.4,61.9,45365.43,0.0,1.0,35.9,61.9
2025-04-03,63.8,45490.0,0.0,0,23.4,61.3,45490.86,0.0,0,20.0,58.7,45477.04,3.0,0,18.6,62.5,45491.45,0.0,14.0,22.7,58.7,45477.04,3.0,0,18.6,58.7,45477.04,3.0,0,18.6,62.5,45491.45,0.0,14.0,22.7,62.5
2025-04-04,67.3,45615.84,0.0,0,22.3,65.2,45616.77,0.0,0,25.3,62.2,45602.05,0.0,0,16.7,64.0,45617.39,0.0,2.0,23.5,62.2,45602.05,0.0,0,16.7,62.2,45602.05,0.0,0,16.7,64.0,45617.39,0.0,2.0,23.5,64.0
2025-04-05,74.6,45741.52,0.0,0,27.4,77.4,45742.5,0.0,0,29.7,69.5,45726.89,0.0,0,21.3,74.4,45743.16,0.0,0.0,22.7,69.5,45726.89,0.0,0,21.3,69.5,45726.89,0.0,0,21.3,74.4,45743.16,0.0,0.0,22.7,74.4
2025-04-06,76.0,45866.96,0.0,0,16.2,70.6,45867.99,0.0,0,23.7,69.1,45851.49,0.0,0,18.4,76.7,45868.68,0.0,1.0,18.4,69.1,45851.49,0.0,0,18.4,69.1,45851.49,0.0,0,18.4,76.7,45868.68,0.0,1.0,18.4,76.7
2025-04-07,72.9,45992.05,0.0,0,13.7,69.8,45993.15,0.0,0,13.8,63.5,45975.76,0.0,0,11.0,67.9,45993.89,0.0,1.0,13.7,63.5,45975.76,0.0,0,11.0,63.5,45975.76,0.0,0,11.0,67.9,45993.89,0.0,1.0,13.7,67.9
2025-04-08,71.4,46116.75,0.0,0,15.1,70.0,46117.89,0.0,0,12.0,64.8,46099.62,0.0,0,10.9,66.8,46118.67,0.0,1.0,14.8,64.8,46099.62,0.0,0,10.9,64.8,46099.62,0.0,0,10.9,66.8,46118.67,0.0,1.0,14.8,66.8
2025-04-09,75.1,46240.94,0.0,0,13.7,72.9,46242.14,0.0,0,14.4,66.7,46222.98,0.0,0,9.4,70.8,46242.95,0.0,0.0,13.8,66.7,46222.98,0.0,0,9.4,66.7,46222.98,0.0,0,9.4,70.8,46242.95,0.0,0.0,13.8,70.8
2025-04-10,73.9,46364.54,0.0,0,13.3,70.6,46365.8,0.0,0,16.6,67.6,46345.76,0.0,0,10.4,70.2,46366.64,0.0,1.0,14.0,67.6,46345.76,0.0,0,10.4,67.6,46345.76,0.0,0,10.4,70.2,46366.64,0.0,1.0,14.0,70.2
2025-04-11,79.6,46487.47,0.0,0,18.0,73.8,46488.78,0.0,0,9.9,66.5,46467.87,0.0,0,8.9,73.0,46489.67,0.0,1.0,16.2,66.5,46467.87,0.0,0,8.9,66.5,46467.87,0.0,0,8.9,73.0,46489.67,0.0,1.0,16.2,73.0
2025-04-12,71.8,46609.63,0.0,0,14.8,68.7,46611.0,0.0,0,13.0,63.0,46589.22,0.0,0,11.0,65.2,46611.93,0.0,0.0,13.0,63.0,46589.22,0.0,0,11.0,63.0,46589.22,0.0,0,11.0,65.2,46611.93,0.0,0.0,13.0,65.2
2025-04-13,67.3,46730.95,0.0,0,13.0,66.1,46732.37,0.0,0,10.1,61.5,46709.72,0.0,0,11.8,63.7,46733.32,0.0,0.0,12.2,61.5,46709.72,0.0,0,11.8,61.5,46709.72,0.0,0,11.8,63.7,46733.32,0.0,0.0,12.2,63.7
2025-04-14,66.9,46851.3,2.0,0,19.1,61.1,46852.78,0.0,0,17.6,60.8,46829.27,0.0,0,13.0,63.6,46853.77,0.0,0.0,17.3,60.8,46829.27,0.0,0,13.0,60.8,46829.27,0.0,0,13.0,63.6,46853.77,0.0,0.0,17.3,63.6
2025-04-15,62.7,46970.63,2.0,0,15.1,60.8,46972.15,0.0,0,13.9,59.7,46947.8,0.0,0,11.3,62.1,46973.19,0.0,0.0,12.7,59.7,46947.8,0.0,0,11.3,59.7,46947.8,0.0,0,11.3,62.1,46973.19,0.0,0.0,12.7,62.1
2025-04-16,63.7,47088.81,0.0,0,16.6,63.2,47090.39,0.0,0,18.3,61.8,47065.19,3.0,0,12.0,66.2,47091.46,0.0,0.0,16.9,61.8,47065.19,3.0,0,12.0,61.8,47065.19,3.0,0,12.0,66.2,47091.46,0.0,0.0,16.9,66.2
2025-04-17,63.5,47206.04,0.0,0,15.1,62.0,47207.66,0.0,0,19.8,60.5,47181.62,0.0,0,8.9,62.5,47208.77,0.0,1.0,14.5,60.5,47181.62,0.0,0,8.9,60.5,47181.62,0.0,0,8.9,62.5,47208.77,0.0,1.0,14.5,62.5
2025-04-18,60.5,47323.11,0.0,0,16.9,59.1,47324.8,0.0,0,18.4,59.0,47297.91,3.0,0,15.3,61.3,47325.94,0.0,0.0,15.9,59.0,47297.91,3.0,0,15.3,59.0,47297.91,3.0,0,15.3,61.3,47325.94,0.0,0.0,15.9,61.3
2025-04-19,67.3,47440.04,0.0,0,23.4,64.4,47441.77,0.0,0,26.1,65.4,47414.05,0.0,0,18.9,65.5,47442.95,0.0,0.0,20.6,65.4,47414.05,0.0,0,18.9,65.4,47414.05,0.0,0,18.9,65.5,47442.95,0.0,0.0,20.6,65.5
2025-04-20,68.2,47556.72,0.0,0,19.8,64.6,47558.51,0.0,0,20.2,64.5,47529.95,0.0,0,15.8,63.7,47559.72,0.0,1.0,16.2,64.5,47529.95,0.0,0,15.8,64.5,47529.95,0.0,0,15.8,63.7,47559.72,0.0,1.0,16.2,63.7
2025-04-21,67.4,47673.08,0.0,0,14.8,63.4,47674.92,0.0,0,17.6,62.7,47645.52,0.0,0,16.2,63.6,47676.16,0.0,1.0,15.1,62.7,47645.52,0.0,0,16.2,62.7,47645.52,0.0,0,16.2,63.6,47676.16,0.0,1.0,15.1,63.6
2025-04-22,64.9,47789.02,0.0,0,19.8,61.7,47790.91,0.0,0,18.0,61.2,47760.68,0.0,0,15.0,63.0,47792.19,0.0,0.0,15.8,61.2,47760.68,0.0,0,15.0,61.2,47760.68,0.0,0,15.0,63.0,47792.19,0.0,0.0,15.8,63.0
2025-04-23,61.7,47904.45,0.0,0,15.5,62.2,47906.4,0.0,0,15.6,59.9,47875.33,0.0,0,11.3,61.5,47907.72,0.0,1.0,13.0,59.9,47875.33,0.0,0,11.3,59.9,47875.33,0.0,0,11.3,61.5,47907.72,0.0,1.0,13.0,61.5
2025-04-24,67.0,48019.3,2.0,0,16.9,62.6,48021.3,0.0,0,17.2,60.8,47989.4,0.0,0,12.2,63.7,48022.65,0.0,0.0,16.6,60.8,47989.4,0.0,0,12.2,60.8,47989.4,0.0,0,12.2,63.7,48022.65,0.0,0.0,16.6,63.7
2025-04-25,61.1,48133.46,1.0,0,19.8,60.0,48135.51,0.0,0,23.1,59.8,48102.79,9.0,0,15.6,62.2,48136.9,0.0,4.0,15.8,59.8,48102.79,9.0,0,15.6,59.8,48102.79,9.0,0,15.6,62.2,48136.9,0.0,4.0,15.8,62.2
2025-04-26,61.0,48246.84,6.0,0,20.5,59.9,48248.95,12.0,0,24.4,59.5,48215.4,6.0,0,18.3,60.9,48250.37,6.0,61.0,17.5,59.5,48215.4,6.0,0,18.3,59.5,48215.4,6.0,0,18.3,60.9,48250.37,6.0,61.0,17.5,60.9
2025-04-27,61.1,48359.36,0.0,0,18.4,60.9,48361.51,0.0,0,20.0,59.3,48327.14,3.0,0,13.9,62.1,48362.96,0.0,5.0,17.1,59.3,48327.14,3.0,0,13.9,59.3,48327.14,3.0,0,13.9,62.1,48362.96,0.0,5.0,17.1,62.1
2025-04-28,67.3,48470.89,0.0,0,15.8,64.3,48473.09,0.0,0,14.0,62.4,48437.93,0.0,0,11.9,64.0,48474.59,0.0,0.0,15.1,62.4,48437.93,0.0,0,11.9,62.4,48437.93,0.0,0,11.9,64.0,48474.59,0.0,0.0,15.1,64.0
2025-04-29,71.1,48581.36,0.0,0,22.3,66.0,48583.61,0.0,0,23.2,64.5,48547.64,0.0,0,13.4,65.7,48585.14,0.0,0.0,15.3,64.5,48547.64,0.0,0,13.4,64.5,48547.64,0.0,0,13.4,65.7,48585.14,0.0,0.0,15.3,65.7
2025-04-30,66.4,48690.66,0.0,0,19.1,64.8,48692.96,0.0,0,15.7,61.5,48656.19,0.0,0,14.0,63.6,48694.52,0.0,0.0,15.4,61.5,48656.19,0.0,0,14.0,61.5,48656.19,0.0,0,14.0,63.6,48694.52,0.0,0.0,15.4,63.6
2025-05-01,65.6,48798.68,0.0,0,19.8,63.6,48801.03,0.0,0,21.2,63.0,48763.48,0.0,0,14.1,64.2,48802.62,0.0,3.0,16.3,63.0,48763.48,0.0,0,14.1,63.0,48763.48,0.0,0,14.1,64.2,48802.62,0.0,3.0,16.3,64.2
2025-05-02,67.2,48905.32,0.0,0,17.6,63.0,48907.73,0.0,0,18.5,62.4,48869.39,0.0,0,13.9,63.9,48909.36,0.0,11.0,15.5,62.4,48869.39,0.0,0,13.9,62.4,48869.39,0.0,0,13.9,63.9,48909.36,0.0,11.0,15.5,63.9
2025-05-03,64.4,49010.48,4.0,0,15.8,66.0,49012.94,0.0,0,19.8,60.9,48973.83,0.0,0,12.3,62.5,49014.59,0.0,5.0,14.1,60.9,48973.83,0.0,0,12.3,60.9,48973.83,0.0,0,12.3,62.5,49014.59,0.0,5.0,14.1,62.5
2025-05-04,63.8,49114.05,6.0,0,15.5,65.6,49116.55,3.0,0,13.3,59.5,49076.69,3.0,0,11.9,61.6,49118.24,0.0,2.0,12.1,59.5,49076.69,3.0,0,11.9,59.5,49076.69,3.0,0,11.9,61.6,49118.24,0.0,2.0,12.1,61.6
2025-05-05,65.5,49215.91,0.0,0,13.0,64.6,49218.46,0.0,0,12.3,62.0,49177.85,0.0,0,13.1,64.3,49220.18,0.0,18.0,13.8,62.0,49177.85,0.0,0,13.1,62.0,49177.85,0.0,0,13.1,64.3,49220.18,0.0,18.0,13.8,64.3
2025-05-06,64.5,49315.96,0.0,0,16.6,63.9,49318.55,0.0,0,15.9,62.7,49277.2,3.0,0,9.8,63.0,49320.3,0.0,0.0,11.6,62.7,49277.2,3.0,0,9.8,62.7,49277.2,3.0,0,9.8,63.0,49320.3,0.0,0.0,11.6,63.0
2025-05-07,64.6,49414.33,0.0,0,22.0,64.8,49416.97,0.0,0,28.6,65.2,49374.9,0.0,0,20.2,66.2,49418.75,0.0,0.0,22.4,65.2,49374.9,0.0,0,20.2,65.2,49374.9,0.0,0,20.2,66.2,49418.75,0.0,0.0,22.4,66.2
2025-05-08,70.2,49511.79,0.0,0,17.6,71.2,49514.46,0.0,0,19.4,68.5,49471.68,0.0,0,15.9,68.5,49516.28,0.0,1.0,16.2,68.5,49471.68,0.0,0,15.9,68.5,49471.68,0.0,0,15.9,68.5,49516.28,0.0,1.0,16.2,68.5
2025-05-09,79.0,49608.29,0.0,0,19.1,78.1,49611.02,0.0,0,23.5,74.6,49567.52,0.0,0,16.4,70.9,49612.86,0.0,1.0,18.0,74.6,49567.52,0.0,0,16.4,74.6,49567.52,0.0,0,16.4,70.9,49612.86,0.0,1.0,18.0,70.9
2025-05-10,83.3,49703.77,0.0,0,18.7,85.1,49706.54,0.0,0,24.6,80.1,49662.33,0.0,0,16.0,80.3,49708.41,0.0,0.0,18.1,80.1,49662.33,0.0,0,16.0,80.1,49662.33,0.0,0,16.0,80.3,49708.41,0.0,0.0,18.1,80.3
2025-05-11,70.8,49798.12,0.0,0,16.2,80.5,49800.94,0.0,0,17.8,73.3,49756.03,0.0,0,12.1,76.6,49802.84,0.0,0.0,15.5,73.3,49756.03,0.0,0,12.1,73.3,49756.03,0.0,0,12.1,76.6,49802.84,0.0,0.0,15.5,76.6
2025-05-12,71.6,49891.28,0.0,0,22.7,67.2,49894.13,0.0,0,27.6,64.7,49848.54,0.0,0,17.0,69.3,49896.06,0.0,0.0,20.9,64.7,49848.54,0.0,0,17.0,64.7,49848.54,0.0,0,17.0,69.3,49896.06,0.0,0.0,20.9,69.3
2025-05-13,69.7,49983.12,0.0,0,25.9,66.6,49986.02,0.0,0,23.3,64.1,49939.75,0.0,0,19.4,67.3,49987.98,0.0,0.0,22.8,64.1,49939.75,0.0,0,19.4,64.1,49939.75,0.0,0,19.4,67.3,49987.98,0.0,0.0,22.8,67.3
2025-05-14,71.8,50073.59,0.0,0,19.8,67.4,50076.52,0.0,0,21.3,65.7,50029.58,0.0,0,12.7,68.7,50078.52,0.0,0.0,17.1,65.7,50029.58,0.0,0,12.7,65.7,50029.58,0.0,0,12.7,68.7,50078.52,0.0,0.0,17.1,68.7
2025-05-15,71.9,50162.56,0.0,0,20.2,69.5,50165.54,0.0,0,19.7,65.7,50117.93,0.0,0,13.2,67.4,50167.56,0.0,0.0,16.3,65.7,50117.93,0.0,0,13.2,65.7,50117.93,0.0,0,13.2,67.4,50167.56,0.0,0.0,16.3,67.4
2025-05-16,67.9,50249.95,2.0,0,16.9,65.5,50252.97,0.0,0,18.5,63.8,50204.71,0.0,0,12.5,66.0,50255.02,0.0,0.0,14.7,63.8,50204.71,0.0,0,12.5,63.8,50204.71,0.0,0,12.5,66.0,50255.02,0.0,0.0,14.7,66.0
2025-05-17,62.2,50335.66,9.0,0,21.2,64.0,50338.73,3.0,0,19.0,61.9,50289.82,6.0,0,14.1,62.9,50340.8,0.0,3.0,13.0,61.9,50289.82,6.0,0,14.1,61.9,50289.82,6.0,0,14.1,62.9,50340.8,0.0,3.0,13.0,62.9
2025-05-18,70.8,50419.6,0.0,0,19.4,67.3,50422.7,0.0,0,20.8,65.3,50373.17,0.0,0,14.7,68.2,50424.8,0.0,0.0,16.1,65.3,50373.17,0.0,0,14.7,65.3,50373.17,0.0,0,14.7,68.2,50424.8,0.0,0.0,16.1,68.2
2025-05-19,75.7,50501.66,0.0,0,19.8,69.4,50504.8,0.0,0,23.1,69.8,50454.65,0.0,0,15.1,71.2,50506.93,0.0,1.0,16.6,69.8,50454.65,0.0,0,15.1,69.8,50454.65,0.0,0,15.1,71.2,50506.93,0.0,1.0,16.6,71.2
2025-05-20,81.0,50581.74,0.0,0,16.9,76.7,50584.92,0.0,0,20.5,73.2,50534.18,0.0,0,12.8,75.0,50587.07,0.0,0.0,15.6,73.2,50534.18,0.0,0,12.8,73.2,50534.18,0.0,0,12.8,75.0,50587.07,0.0,0.0,15.6,75.0
2025-05-21,78.6,50659.75,0.0,0,19.1,78.1,50662.96,0.0,0,22.3,73.1,50611.63,0.0,0,13.0,74.1,50665.14,0.0,1.0,16.2,73.1,50611.63,0.0,0,13.0,73.1,50611.63,0.0,0,13.0,74.1,50665.14,0.0,1.0,16.2,74.1
2025-05-22,77.1,50735.57,0.0,0,15.8,73.6,50738.82,0.0,0,18.1,70.0,50686.91,0.0,0,11.2,70.5,50741.02,0.0,1.0,15.5,70.0,50686.91,0.0,0,11.2,70.0,50686.91,0.0,0,11.2,70.5,50741.02,0.0,1.0,15.5,70.5
2025-05-23,74.7,50809.1,0.0,0,18.4,69.7,50812.39,0.0,0,16.2,65.6,50759.93,0.0,0,13.0,69.3,50814.61,0.0,0.0,16.4,65.6,50759.93,0.0,0,13.0,65.6,50759.93,0.0,0,13.0,69.3,50814.61,0.0,0.0,16.4,69.3
2025-05-24,69.8,50880.25,0.0,0,15.5,70.5,50883.57,0.0,0,12.7,64.9,50830.57,0.0,0,15.1,68.4,50885.82,0.0,0.0,13.6,64.9,50830.57,0.0,0,15.1,64.9,50830.57,0.0,0,15.1,68.4,50885.82,0.0,0.0,13.6,68.4
2025-05-25,70.0,50948.89,0.0,0,16.2,67.7,50952.25,0.0,0,16.8,65.6,50898.73,0.0,0,11.9,67.3,50954.52,0.0,0.0,14.5,65.6,50898.73,0.0,0,11.9,65.6,50898.73,0.0,0,11.9,67.3,50954.52,0.0,0.0,14.5,67.3
2025-05-26,71.1,51014.94,2.0,0,16.9,68.5,51018.32,0.0,0,17.7,66.2,50964.3,0.0,0,12.1,68.3,51020.61,0.0,0.0,14.3,66.2,50964.3,0.0,0,12.1,66.2,50964.3,0.0,0,12.1,68.3,51020.61,0.0,0.0,14.3,68.3
2025-05-27,74.1,51078.45,0.0,0,19.1,72.3,51081.87,0.0,0,23.5,66.7,51027.38,0.0,0,14.5,70.4,51084.18,0.0,0.0,17.9,66.7,51027.38,0.0,0,14.5,66.7,51027.38,0.0,0,14.5,70.4,51084.18,0.0,0.0,17.9,70.4
2025-05-28,67.3,51139.98,2.0,0,16.9,64.9,51143.42,0.0,0,26.1,64.5,51088.45,0.0,0,20.2,67.4,51145.75,0.0,1.0,19.2,64.5,51088.45,0.0,0,20.2,64.5,51088.45,0.0,0,20.2,67.4,51145.75,0.0,1.0,19.2,67.4
2025-05-29,73.6,51199.48,0.0,0,14.0,68.0,51202.96,0.0,0,17.7,66.6,51147.54,0.0,0,12.7,68.9,51205.3,0.0,0.0,13.9,66.6,51147.54,0.0,0,12.7,66.6,51147.54,0.0,0,12.7,68.9,51205.3,0.0,0.0,13.9,68.9
2025-05-30,82.3,51256.92,0.0,0,20.5,77.8,51260.43,0.0,0,27.0,77.4,51204.57,0.0,0,15.7,76.4,51262.79,0.0,0.0,17.4,77.4,51204.57,0.0,0,15.7,77.4,51204.57,0.0,0,15.7,76.4,51262.79,0.0,0.0,17.4,76.4
2025-05-31,80.3,51312.23,0.0,0,19.1,78.3,51315.76,0.0,0,27.0,73.5,51259.49,0.0,0,12.3,72.9,51318.15,0.0,2.0,15.8,73.5,51259.49,0.0,0,12.3,73.5,51259.49,0.0,0,12.3,72.9,51318.15,0.0,2.0,15.8,72.9
2025-06-01,77.9,51365.36,10.0,0,22.0,82.9,51368.91,0.0,0,23.9,73.3,51312.23,0.0,0,16.4,77.1,51371.32,0.0,16.0,17.6,73.3,51312.23,0.0,0,16.4,73.3,51312.23,0.0,0,16.4,77.1,51371.32,0.0,16.0,17.6,77.1
2025-06-02,72.9,51416.24,0.0,0,19.1,72.7,51419.82,0.0,0,20.9,67.2,51362.75,0.0,0,15.6,69.5,51422.24,0.0,0.0,17.3,67.2,51362.75,0.0,0,15.6,67.2,51362.75,0.0,0,15.6,69.5,51422.24,0.0,0.0,17.3,69.5
2025-06-03,69.6,51464.82,5.0,0,21.2,66.3,51468.42,3.0,0,21.9,66.9,51410.98,12.0,0,14.1,66.0,51470.86,1.0,33.0,20.5,66.9,51410.98,12.0,0,14.1,66.9,51410.98,12.0,0,14.1,66.0,51470.86,1.0,33.0,20.5,66.0
2025-06-04,69.5,51511.04,5.0,0,19.8,66.7,51514.66,0.0,0,19.7,64.8,51456.87,0.0,0,12.6,66.4,51517.11,0.0,1.0,16.3,64.8,51456.87,0.0,0,12.6,64.8,51456.87,0.0,0,12.6,66.4,51517.11,0.0,1.0,16.3,66.4
2025-06-05,71.4,51554.84,0.0,0,19.8,67.0,51558.48,0.0,0,23.6,65.5,51500.35,3.0,0,15.6,68.6,51560.95,0.0,0.0,18.4,65.5,51500.35,3.0,0,15.6,65.5,51500.35,3.0,0,15.6,68.6,51560.95,0.0,0.0,18.4,68.6
2025-06-06,70.9,51596.16,0.0,0,24.1,67.4,51599.83,0.0,0,28.5,65.8,51541.38,0.0,0,15.6,66.6,51602.3,0.0,0.0,16.9,65.8,51541.38,0.0,0,15.6,65.8,51541.38,0.0,0,15.6,66.6,51602.3,0.0,0.0,16.9,66.6
2025-06-07,71.5,51634.95,0.0,0,22.0,66.9,51638.63,0.0,0,22.6,65.8,51579.89,0.0,0,15.5,67.5,51641.12,0.0,0.0,15.5,65.8,51579.89,0.0,0,15.5,65.8,51579.89,0.0,0,15.5,67.5,51641.12,0.0,0.0,15.5,67.5
2025-06-08,72.7,51671.15,2.0,0,19.1,68.8,51674.85,0.0,0,23.7,66.7,51615.83,0.0,0,16.3,67.3,51677.35,0.0,0.0,15.9,66.7,51615.83,0.0,0,16.3,66.7,51615.83,0.0,0,16.3,67.3,51677.35,0.0,0.0,15.9,67.3
