time,day_of_year,time_to_strike,time_of_day,count,yes_price,no_price,taker_side,shift,DF_temperature_2m_max,DF_temperature_2m_max_dev,DF_temperature_2m_min,DF_temperature_2m_min_dev,DF_apparent_temperature_max,DF_apparent_temperature_max_dev,DF_apparent_temperature_min,DF_apparent_temperature_min_dev,DF_showers_sum,DF_snowfall_sum,DF_precipitation_sum,DF_precipitation_hours,DF_rain_sum,DF_precipitation_probability_max,CF_temperature_2m,CF_temperature_2m_dev,CF_apparent_temperature,CF_apparent_temperature_dev,CF_precipitation_probability,CF_precipitation,CF_rain,CF_showers,CF_snowfall,STF_temperature_2m,STF_temperature_2m_dev,STF_apparent_temperature,STF_apparent_temperature_dev,STF_precipitation_probability,STF_precipitation,STF_rain,STF_showers,STF_snowfall,impact,result,count_agg_2,yes_price_vol_2,count_vol_2,taker_side_sentiment_2,yes_price_sentiment_2,count_sentiment_2,yes_price_trend_2,count_agg_15,yes_price_vol_15,count_vol_15,taker_side_sentiment_15,yes_price_sentiment_15,count_sentiment_15,yes_price_trend_15,count_agg_60,yes_price_vol_60,count_vol_60,taker_side_sentiment_60,yes_price_sentiment_60,count_sentiment_60,yes_price_trend_60,count_agg_120,yes_price_vol_120,count_vol_120,taker_side_sentiment_120,yes_price_sentiment_120,count_sentiment_120,yes_price_trend_120
2024-08-22 14:16:35.890238,235,135744.109762,14.27638888888889,10,13,87,1,-1.0,-0.20000000000000284,12.599999999999994,-26.9,-14.100000000000001,3.0,15.799999999999997,-28.299999999999997,-15.5,0.0,0.0,0.0,0.0,0.0,0.0,-12.799999999999997,12.599999999999994,-13.599999999999994,13.399999999999991,0.0,0.0,0.0,0.0,0.0,-10.099999999999994,9.899999999999991,-10.700000000000003,10.5,0.0,0.0,0.0,0.0,0.0,21.922736555479915,87,20,3.5355339059327378,0.0,1.0,15.5,10.0,-5,20,3.5355339059327378,0.0,1.0,15.5,10.0,-5,20,3.5355339059327378,0.0,1.0,15.5,10.0,-5,20,3.5355339059327378,0.0,1.0,15.5,10.0,-5
2024-08-22 14:16:35.890238,235,135744.109762,14.27638888888889,10,18,82,1,-1.0,-0.20000000000000284,12.599999999999994,-26.9,-14.100000000000001,3.0,15.799999999999997,-28.299999999999997,-15.5,0.0,0.0,0.0,0.0,0.0,0.0,-12.799999999999997,12.599999999999994,-13.599999999999994,13.399999999999991,0.0,0.0,0.0,0.0,0.0,-10.099999999999994,9.899999999999991,-10.700000000000003,10.5,0.0,0.0,0.0,0.0,0.0,16.997609289617486,82,20,3.5355339059327378,0.0,1.0,15.5,10.0,-5,20,3.5355339059327378,0.0,1.0,15.5,10.0,-5,20,3.5355339059327378,0.0,1.0,15.5,10.0,-5,20,3.5355339059327378,0.0,1.0,15.5,10.0,-5
2024-08-22 14:17:35.714704,235,135684.285296,14.293055555555556,180,43,57,1,1.0,-2.200000000000003,12.599999999999994,-28.9,-14.100000000000001,1.0,15.799999999999997,-30.299999999999997,-15.5,0.0,0.0,0.0,0.0,0.0,0.0,-14.799999999999997,12.599999999999994,-15.599999999999994,13.399999999999991,0.0,0.0,0.0,0.0,0.0,-12.099999999999994,9.899999999999991,-12.700000000000003,10.5,0.0,0.0,0.0,0.0,0.0,0.44145077720207127,-43,416,2.516611478423583,83.13843876330611,1.0,42.666666666666664,132.0,3,416,2.516611478423583,83.13843876330611,1.0,42.666666666666664,132.0,3,416,2.516611478423583,83.13843876330611,1.0,42.666666666666664,132.0,3,416,2.516611478423583,83.13843876330611,1.0,42.666666666666664,132.0,3
2024-08-22 14:17:35.714704,235,135684.285296,14.293055555555556,180,45,55,1,1.0,-2.200000000000003,12.599999999999994,-28.9,-14.100000000000001,1.0,15.799999999999997,-30.299999999999997,-15.5,0.0,0.0,0.0,0.0,0.0,0.0,-14.799999999999997,12.599999999999994,-15.599999999999994,13.399999999999991,0.0,0.0,0.0,0.0,0.0,-12.099999999999994,9.899999999999991,-12.700000000000003,10.5,0.0,0.0,0.0,0.0,0.0,-1.5292817679558013,-45,416,2.516611478423583,83.13843876330611,1.0,42.666666666666664,132.0,3,416,2.516611478423583,83.13843876330611,1.0,42.666666666666664,132.0,3,416,2.516611478423583,83.13843876330611,1.0,42.666666666666664,132.0,3,416,2.516611478423583,83.13843876330611,1.0,42.666666666666664,132.0,3
2024-08-22 14:17:35.714704,235,135684.285296,14.293055555555556,36,40,60,1,1.0,-2.200000000000003,12.599999999999994,-28.9,-14.100000000000001,1.0,15.799999999999997,-30.299999999999997,-15.5,0.0,0.0,0.0,0.0,0.0,0.0,-14.799999999999997,12.599999999999994,-15.599999999999994,13.399999999999991,0.0,0.0,0.0,0.0,0.0,-12.099999999999994,9.899999999999991,-12.700000000000003,10.5,0.0,0.0,0.0,0.0,0.0,3.3621301775147927,-40,416,2.516611478423583,83.13843876330611,1.0,42.666666666666664,132.0,3,416,2.516611478423583,83.13843876330611,1.0,42.666666666666664,132.0,3,416,2.516611478423583,83.13843876330611,1.0,42.666666666666664,132.0,3,416,2.516611478423583,83.13843876330611,1.0,42.666666666666664,132.0,3
2024-08-22 14:28:03.594001,235,135056.405999,14.4675,5,30,70,1,-1.0,-0.20000000000000284,12.599999999999994,-26.9,-14.100000000000001,3.0,15.799999999999997,-28.299999999999997,-15.5,0.0,0.0,0.0,0.0,0.0,0.0,-12.799999999999997,12.599999999999994,-13.599999999999994,13.399999999999991,0.0,0.0,0.0,0.0,0.0,-10.099999999999994,9.899999999999991,-10.700000000000003,10.5,0.0,0.0,0.0,0.0,0.0,5.055860178204249,70,5,,,1.0,30.0,5.0,0,421,8.736894948054106,2.8867513459481287,1.0,20.333333333333332,8.333333333333334,-17,421,8.736894948054106,2.8867513459481287,1.0,20.333333333333332,8.333333333333334,-17,421,8.736894948054106,2.8867513459481287,1.0,20.333333333333332,8.333333333333334,-17
2024-08-22 14:28:13.473607,235,135046.526393,14.470277777777778,5,49,51,1,1.0,-2.200000000000003,12.599999999999994,-28.9,-14.100000000000001,1.0,15.799999999999997,-30.299999999999997,-15.5,0.0,0.0,0.0,0.0,0.0,0.0,-14.799999999999997,12.599999999999994,-15.599999999999994,13.399999999999991,0.0,0.0,0.0,0.0,0.0,-12.099999999999994,9.899999999999991,-12.700000000000003,10.5,0.0,0.0,0.0,0.0,0.0,-5.589435774309727,-49,10,,,1.0,49.0,5.0,0,426,3.774917217635375,92.95294508513435,1.0,44.25,100.25,-6,426,3.774917217635375,92.95294508513435,1.0,44.25,100.25,-6,426,3.774917217635375,92.95294508513435,1.0,44.25,100.25,-6
2024-08-22 15:50:50.325830,235,130089.67417,15.847222222222223,90,25,75,0,3.0,-4.200000000000003,9.899999999999991,-30.9,-16.800000000000004,-1.0,13.099999999999994,-32.3,-18.200000000000003,0.0,0.0,0.0,0.0,0.0,0.0,-14.099999999999994,9.899999999999991,-14.700000000000003,10.5,0.0,0.0,0.0,0.0,0.0,-11.900000000000006,7.700000000000003,-10.5,6.299999999999997,0.0,0.0,0.0,0.0,0.0,4.247780468119458,25,270,1.4142135623730951,63.63961030678928,0.0,24.0,135.0,2,270,1.4142135623730951,63.63961030678928,0.0,24.0,135.0,2,270,1.4142135623730951,63.63961030678928,0.0,24.0,135.0,2,696,1.4142135623730951,63.63961030678928,0.0,24.0,135.0,2
2024-08-22 15:50:50.325830,235,130089.67417,15.847222222222223,180,23,77,0,3.0,-4.200000000000003,9.899999999999991,-30.9,-16.800000000000004,-1.0,13.099999999999994,-32.3,-18.200000000000003,0.0,0.0,0.0,0.0,0.0,0.0,-14.099999999999994,9.899999999999991,-14.700000000000003,10.5,0.0,0.0,0.0,0.0,0.0,-11.900000000000006,7.700000000000003,-10.5,6.299999999999997,0.0,0.0,0.0,0.0,0.0,6.407872696817421,23,270,1.4142135623730951,63.63961030678928,0.0,24.0,135.0,2,270,1.4142135623730951,63.63961030678928,0.0,24.0,135.0,2,270,1.4142135623730951,63.63961030678928,0.0,24.0,135.0,2,696,1.4142135623730951,63.63961030678928,0.0,24.0,135.0,2
2024-08-22 15:57:32.710063,235,129687.289937,15.958888888888888,180,21,79,1,-1.0,-0.20000000000000284,9.899999999999991,-26.9,-16.800000000000004,3.0,13.099999999999994,-28.299999999999997,-18.200000000000003,0.0,0.0,0.0,0.0,0.0,0.0,-10.099999999999994,9.899999999999991,-10.700000000000003,10.5,0.0,0.0,0.0,0.0,0.0,-7.900000000000006,7.700000000000003,-6.5,6.299999999999997,0.0,0.0,0.0,0.0,0.0,14.064538276690698,79,450,1.5275252316519468,51.96152422706632,1.0,19.666666666666668,150.0,1,720,1.5275252316519468,51.96152422706632,1.0,19.666666666666668,150.0,1,720,1.5275252316519468,51.96152422706632,1.0,19.666666666666668,150.0,1,1146,5.621387729022079,84.28621872326855,1.0,20.0,79.16666666666667,-7
2024-08-22 15:57:32.710063,235,129687.289937,15.958888888888888,90,18,82,1,-1.0,-0.20000000000000284,9.899999999999991,-26.9,-16.800000000000004,3.0,13.099999999999994,-28.299999999999997,-18.200000000000003,0.0,0.0,0.0,0.0,0.0,0.0,-10.099999999999994,9.899999999999991,-10.700000000000003,10.5,0.0,0.0,0.0,0.0,0.0,-7.900000000000006,7.700000000000003,-6.5,6.299999999999997,0.0,0.0,0.0,0.0,0.0,17.990852542993046,82,450,1.5275252316519468,51.96152422706632,1.0,19.666666666666668,150.0,1,720,1.5275252316519468,51.96152422706632,1.0,19.666666666666668,150.0,1,720,1.5275252316519468,51.96152422706632,1.0,19.666666666666668,150.0,1,1146,5.621387729022079,84.28621872326855,1.0,20.0,79.16666666666667,-7
2024-08-22 15:57:32.710063,235,129687.289937,15.958888888888888,180,20,80,1,-1.0,-0.20000000000000284,9.899999999999991,-26.9,-16.800000000000004,3.0,13.099999999999994,-28.299999999999997,-18.200000000000003,0.0,0.0,0.0,0.0,0.0,0.0,-10.099999999999994,9.899999999999991,-10.700000000000003,10.5,0.0,0.0,0.0,0.0,0.0,-7.900000000000006,7.700000000000003,-6.5,6.299999999999997,0.0,0.0,0.0,0.0,0.0,16.603480892924708,80,450,1.5275252316519468,51.96152422706632,1.0,19.666666666666668,150.0,1,720,1.5275252316519468,51.96152422706632,1.0,19.666666666666668,150.0,1,720,1.5275252316519468,51.96152422706632,1.0,19.666666666666668,150.0,1,1146,5.621387729022079,84.28621872326855,1.0,20.0,79.16666666666667,-7
2024-08-22 15:58:40.869009,235,129619.130991,15.977777777777778,36,49,51,1,1.0,-2.200000000000003,9.899999999999991,-28.9,-16.800000000000004,1.0,13.099999999999994,-30.299999999999997,-18.200000000000003,0.0,0.0,0.0,0.0,0.0,0.0,-12.099999999999994,9.899999999999991,-12.700000000000003,10.5,0.0,0.0,0.0,0.0,0.0,-9.900000000000006,7.700000000000003,-8.5,6.299999999999997,0.0,0.0,0.0,0.0,0.0,-5.600641539695268,-49,871,2.217355782608345,86.43060800434068,1.0,51.25,105.25,-3,1141,2.217355782608345,86.43060800434068,1.0,51.25,105.25,-3,1141,2.217355782608345,86.43060800434068,1.0,51.25,105.25,-3,1567,4.713203338949606,83.13629085509443,1.0,47.75,102.75,-9
2024-08-22 15:58:40.869009,235,129619.130991,15.977777777777778,180,54,46,1,1.0,-2.200000000000003,9.899999999999991,-28.9,-16.800000000000004,1.0,13.099999999999994,-30.299999999999997,-18.200000000000003,0.0,0.0,0.0,0.0,0.0,0.0,-12.099999999999994,9.899999999999991,-12.700000000000003,10.5,0.0,0.0,0.0,0.0,0.0,-9.900000000000006,7.700000000000003,-8.5,6.299999999999997,0.0,0.0,0.0,0.0,0.0,-10.6826688364524,-54,871,2.217355782608345,86.43060800434068,1.0,51.25,105.25,-3,1141,2.217355782608345,86.43060800434068,1.0,51.25,105.25,-3,1141,2.217355782608345,86.43060800434068,1.0,51.25,105.25,-3,1567,4.713203338949606,83.13629085509443,1.0,47.75,102.75,-9
2024-08-22 15:58:40.869009,235,129619.130991,15.977777777777778,25,50,50,1,1.0,-2.200000000000003,9.899999999999991,-28.9,-16.800000000000004,1.0,13.099999999999994,-30.299999999999997,-18.200000000000003,0.0,0.0,0.0,0.0,0.0,0.0,-12.099999999999994,9.899999999999991,-12.700000000000003,10.5,0.0,0.0,0.0,0.0,0.0,-9.900000000000006,7.700000000000003,-8.5,6.299999999999997,0.0,0.0,0.0,0.0,0.0,-7.526777875329238,-50,871,2.217355782608345,86.43060800434068,1.0,51.25,105.25,-3,1141,2.217355782608345,86.43060800434068,1.0,51.25,105.25,-3,1141,2.217355782608345,86.43060800434068,1.0,51.25,105.25,-3,1567,4.713203338949606,83.13629085509443,1.0,47.75,102.75,-9
2024-08-22 15:58:40.869009,235,129619.130991,15.977777777777778,180,52,48,1,1.0,-2.200000000000003,9.899999999999991,-28.9,-16.800000000000004,1.0,13.099999999999994,-30.299999999999997,-18.200000000000003,0.0,0.0,0.0,0.0,0.0,0.0,-12.099999999999994,9.899999999999991,-12.700000000000003,10.5,0.0,0.0,0.0,0.0,0.0,-9.900000000000006,7.700000000000003,-8.5,6.299999999999997,0.0,0.0,0.0,0.0,0.0,-9.610297381269419,-52,871,2.217355782608345,86.43060800434068,1.0,51.25,105.25,-3,1141,2.217355782608345,86.43060800434068,1.0,51.25,105.25,-3,1141,2.217355782608345,86.43060800434068,1.0,51.25,105.25,-3,1567,4.713203338949606,83.13629085509443,1.0,47.75,102.75,-9
2024-08-22 16:08:03.262806,235,129056.737194,16.134166666666665,180,23,77,1,3.0,-4.200000000000003,7.700000000000003,-30.9,-18.999999999999993,-1.0,10.900000000000006,-32.3,-20.39999999999999,0.0,0.0,0.0,0.0,0.0,0.0,-11.900000000000006,7.700000000000003,-10.5,6.299999999999997,0.0,0.0,0.0,0.0,0.0,-11.299999999999997,7.099999999999994,-9.700000000000003,5.5,0.0,0.0,0.0,0.0,0.0,6.930253623188406,-23,396,1.5275252316519465,83.13843876330611,1.0,22.666666666666668,132.0,2,1267,1.5275252316519465,83.13843876330611,1.0,22.666666666666668,132.0,2,1537,1.4832396974191326,66.86703223562417,0.6,23.2,133.2,4,1963,1.4832396974191326,66.86703223562417,0.6,23.2,133.2,4
2024-08-22 16:08:03.262806,235,129056.737194,16.134166666666665,180,24,76,1,3.0,-4.200000000000003,7.700000000000003,-30.9,-18.999999999999993,-1.0,10.900000000000006,-32.3,-20.39999999999999,0.0,0.0,0.0,0.0,0.0,0.0,-11.900000000000006,7.700000000000003,-10.5,6.299999999999997,0.0,0.0,0.0,0.0,0.0,-11.299999999999997,7.099999999999994,-9.700000000000003,5.5,0.0,0.0,0.0,0.0,0.0,6.545364891518737,-24,396,1.5275252316519465,83.13843876330611,1.0,22.666666666666668,132.0,2,1267,1.5275252316519465,83.13843876330611,1.0,22.666666666666668,132.0,2,1537,1.4832396974191326,66.86703223562417,0.6,23.2,133.2,4,1963,1.4832396974191326,66.86703223562417,0.6,23.2,133.2,4
2024-08-22 16:08:03.262806,235,129056.737194,16.134166666666665,36,21,79,1,3.0,-4.200000000000003,7.700000000000003,-30.9,-18.999999999999993,-1.0,10.900000000000006,-32.3,-20.39999999999999,0.0,0.0,0.0,0.0,0.0,0.0,-11.900000000000006,7.700000000000003,-10.5,6.299999999999997,0.0,0.0,0.0,0.0,0.0,-11.299999999999997,7.099999999999994,-9.700000000000003,5.5,0.0,0.0,0.0,0.0,0.0,10.182900432900432,-21,396,1.5275252316519465,83.13843876330611,1.0,22.666666666666668,132.0,2,1267,1.5275252316519465,83.13843876330611,1.0,22.666666666666668,132.0,2,1537,1.4832396974191326,66.86703223562417,0.6,23.2,133.2,4,1963,1.4832396974191326,66.86703223562417,0.6,23.2,133.2,4
2024-08-22 16:08:22.144320,235,129037.85568,16.139444444444443,108,25,75,1,3.0,-4.200000000000003,7.700000000000003,-30.9,-18.999999999999993,-1.0,10.900000000000006,-32.3,-20.39999999999999,0.0,0.0,0.0,0.0,0.0,0.0,-11.900000000000006,7.700000000000003,-10.5,6.299999999999997,0.0,0.0,0.0,0.0,0.0,-11.299999999999997,7.099999999999994,-9.700000000000003,5.5,0.0,0.0,0.0,0.0,0.0,6.385209713024281,-25,504,1.707825127659933,68.93475175845634,1.0,23.25,126.0,-2,1375,1.707825127659933,68.93475175845634,1.0,23.25,126.0,-2,1645,1.51657508881031,60.68607748075336,0.6666666666666666,23.5,129.0,0,2071,1.51657508881031,60.68607748075336,0.6666666666666666,23.5,129.0,0
2024-08-22 16:11:47.929072,235,128832.070928,16.19638888888889,180,24,76,1,3.0,-4.200000000000003,7.700000000000003,-30.9,-18.999999999999993,-1.0,10.900000000000006,-32.3,-20.39999999999999,0.0,0.0,0.0,0.0,0.0,0.0,-11.900000000000006,7.700000000000003,-10.5,6.299999999999997,0.0,0.0,0.0,0.0,0.0,-11.299999999999997,7.099999999999994,-9.700000000000003,5.5,0.0,0.0,0.0,0.0,0.0,7.789906103286384,-24,396,1.5275252316519468,83.13843876330611,1.0,22.666666666666668,132.0,1,1771,1.5275252316519468,68.48566064721662,1.0,23.0,128.57142857142858,0,2041,1.4813657362192647,63.49803146555018,0.7777777777777778,23.22222222222222,130.0,2,2467,1.4813657362192647,63.49803146555018,0.7777777777777778,23.22222222222222,130.0,2
2024-08-22 16:11:47.929072,235,128832.070928,16.19638888888889,36,21,79,1,3.0,-4.200000000000003,7.700000000000003,-30.9,-18.999999999999993,-1.0,10.900000000000006,-32.3,-20.39999999999999,0.0,0.0,0.0,0.0,0.0,0.0,-11.900000000000006,7.700000000000003,-10.5,6.299999999999997,0.0,0.0,0.0,0.0,0.0,-11.299999999999997,7.099999999999994,-9.700000000000003,5.5,0.0,0.0,0.0,0.0,0.0,11.709973753280842,-21,396,1.5275252316519468,83.13843876330611,1.0,22.666666666666668,132.0,1,1771,1.5275252316519468,68.48566064721662,1.0,23.0,128.57142857142858,0,2041,1.4813657362192647,63.49803146555018,0.7777777777777778,23.22222222222222,130.0,2,2467,1.4813657362192647,63.49803146555018,0.7777777777777778,23.22222222222222,130.0,2
2024-08-22 16:11:47.929072,235,128832.070928,16.19638888888889,180,23,77,1,3.0,-4.200000000000003,7.700000000000003,-30.9,-18.999999999999993,-1.0,10.900000000000006,-32.3,-20.39999999999999,0.0,0.0,0.0,0.0,0.0,0.0,-11.900000000000006,7.700000000000003,-10.5,6.299999999999997,0.0,0.0,0.0,0.0,0.0,-11.299999999999997,7.099999999999994,-9.700000000000003,5.5,0.0,0.0,0.0,0.0,0.0,9.993279569892472,-23,396,1.5275252316519468,83.13843876330611,1.0,22.666666666666668,132.0,1,1771,1.5275252316519468,68.48566064721662,1.0,23.0,128.57142857142858,0,2041,1.4813657362192647,63.49803146555018,0.7777777777777778,23.22222222222222,130.0,2,2467,1.4813657362192647,63.49803146555018,0.7777777777777778,23.22222222222222,130.0,2
2024-08-22 16:47:45.062524,235,126674.937476,16.795833333333334,72,47,53,1,1.0,-2.200000000000003,7.700000000000003,-28.9,-18.999999999999993,1.0,10.900000000000006,-30.299999999999997,-20.39999999999999,0.0,0.0,0.0,0.0,0.0,0.0,-9.900000000000006,7.700000000000003,-8.5,6.299999999999997,0.0,0.0,0.0,0.0,0.0,-9.299999999999997,7.099999999999994,-7.700000000000003,5.5,0.0,0.0,0.0,0.0,0.0,-5.4447660395562,-47,197,2.1213203435596424,37.476659402887016,1.0,48.5,98.5,-3,197,2.1213203435596424,37.476659402887016,1.0,48.5,98.5,-3,2238,2.4221202832779936,69.10282193948377,1.0,50.333333333333336,103.0,-1,2238,2.4221202832779936,69.10282193948377,1.0,50.333333333333336,103.0,-1
2024-08-22 16:47:45.062524,235,126674.937476,16.795833333333334,125,50,50,1,1.0,-2.200000000000003,7.700000000000003,-28.9,-18.999999999999993,1.0,10.900000000000006,-30.299999999999997,-20.39999999999999,0.0,0.0,0.0,0.0,0.0,0.0,-9.900000000000006,7.700000000000003,-8.5,6.299999999999997,0.0,0.0,0.0,0.0,0.0,-9.299999999999997,7.099999999999994,-7.700000000000003,5.5,0.0,0.0,0.0,0.0,0.0,-8.640679660169916,-50,197,2.1213203435596424,37.476659402887016,1.0,48.5,98.5,-3,197,2.1213203435596424,37.476659402887016,1.0,48.5,98.5,-3,2238,2.4221202832779936,69.10282193948377,1.0,50.333333333333336,103.0,-1,2238,2.4221202832779936,69.10282193948377,1.0,50.333333333333336,103.0,-1
2024-08-22 17:26:24.540879,235,124355.459121,17.44,54,28,72,1,3.0,-4.200000000000003,7.099999999999994,-30.9,-19.6,-1.0,10.299999999999997,-32.3,-21.0,0.0,0.0,0.0,0.0,0.0,0.0,-11.299999999999997,7.099999999999994,-9.700000000000003,5.5,0.0,0.0,0.0,0.0,0.0,-10.900000000000006,6.700000000000003,-10.400000000000006,6.200000000000003,0.0,0.0,0.0,0.0,0.0,6.36850152905199,-28,270,2.0,78.46018098373213,1.0,30.0,90.0,-2,270,2.0,78.46018098373213,1.0,30.0,90.0,-2,467,2.0,78.46018098373213,1.0,30.0,90.0,-2,2508,3.423404295390331,66.17332612850204,0.8333333333333334,24.916666666666668,120.0,-5
2024-08-22 17:26:24.540879,235,124355.459121,17.44,36,32,68,1,3.0,-4.200000000000003,7.099999999999994,-30.9,-19.6,-1.0,10.299999999999997,-32.3,-21.0,0.0,0.0,0.0,0.0,0.0,0.0,-11.299999999999997,7.099999999999994,-9.700000000000003,5.5,0.0,0.0,0.0,0.0,0.0,-10.900000000000006,6.700000000000003,-10.400000000000006,6.200000000000003,0.0,0.0,0.0,0.0,0.0,2.642743221690587,-32,270,2.0,78.46018098373213,1.0,30.0,90.0,-2,270,2.0,78.46018098373213,1.0,30.0,90.0,-2,467,2.0,78.46018098373213,1.0,30.0,90.0,-2,2508,3.423404295390331,66.17332612850204,0.8333333333333334,24.916666666666668,120.0,-5
2024-08-22 17:26:24.540879,235,124355.459121,17.44,180,30,70,1,3.0,-4.200000000000003,7.099999999999994,-30.9,-19.6,-1.0,10.299999999999997,-32.3,-21.0,0.0,0.0,0.0,0.0,0.0,0.0,-11.299999999999997,7.099999999999994,-9.700000000000003,5.5,0.0,0.0,0.0,0.0,0.0,-10.900000000000006,6.700000000000003,-10.400000000000006,6.200000000000003,0.0,0.0,0.0,0.0,0.0,4.720853858784892,-30,270,2.0,78.46018098373213,1.0,30.0,90.0,-2,270,2.0,78.46018098373213,1.0,30.0,90.0,-2,467,2.0,78.46018098373213,1.0,30.0,90.0,-2,2508,3.423404295390331,66.17332612850204,0.8333333333333334,24.916666666666668,120.0,-5
2024-08-22 17:27:26.019546,235,124293.980454,17.45722222222222,40,52,48,1,1.0,-2.200000000000003,7.099999999999994,-28.9,-19.6,1.0,10.299999999999997,-30.299999999999997,-21.0,0.0,0.0,0.0,0.0,0.0,0.0,-9.299999999999997,7.099999999999994,-7.700000000000003,5.5,0.0,0.0,0.0,0.0,0.0,-8.900000000000006,6.700000000000003,-8.400000000000006,6.200000000000003,0.0,0.0,0.0,0.0,0.0,-11.21641791044776,-52,310,,,1.0,52.0,40.0,0,310,,,1.0,52.0,40.0,0,507,2.516611478423583,42.930175867331364,1.0,49.666666666666664,79.0,-5,2548,2.29906813420444,67.42650319669065,1.0,50.57142857142857,94.0,-3
2024-08-22 17:39:43.099665,235,123556.900335,17.661944444444444,180,36,64,1,3.0,-4.200000000000003,7.099999999999994,-30.9,-19.6,-1.0,10.299999999999997,-32.3,-21.0,0.0,0.0,0.0,0.0,0.0,0.0,-11.299999999999997,7.099999999999994,-9.700000000000003,5.5,0.0,0.0,0.0,0.0,0.0,-10.900000000000006,6.700000000000003,-10.400000000000006,6.200000000000003,0.0,0.0,0.0,0.0,0.0,-0.46050096339113367,-36,396,2.0,83.13843876330611,1.0,34.0,132.0,4,706,2.8284271247461903,75.8709430546372,1.0,32.0,111.0,-4,903,2.8284271247461903,75.8709430546372,1.0,32.0,111.0,-4,2944,4.891197146283262,66.72844756388173,0.8666666666666667,26.733333333333334,122.4,-7
2024-08-22 17:39:43.099665,235,123556.900335,17.661944444444444,180,34,66,1,3.0,-4.200000000000003,7.099999999999994,-30.9,-19.6,-1.0,10.299999999999997,-32.3,-21.0,0.0,0.0,0.0,0.0,0.0,0.0,-11.299999999999997,7.099999999999994,-9.700000000000003,5.5,0.0,0.0,0.0,0.0,0.0,-10.900000000000006,6.700000000000003,-10.400000000000006,6.200000000000003,0.0,0.0,0.0,0.0,0.0,1.4428904428904445,-34,396,2.0,83.13843876330611,1.0,34.0,132.0,4,706,2.8284271247461903,75.8709430546372,1.0,32.0,111.0,-4,903,2.8284271247461903,75.8709430546372,1.0,32.0,111.0,-4,2944,4.891197146283262,66.72844756388173,0.8666666666666667,26.733333333333334,122.4,-7
2024-08-22 17:39:43.099665,235,123556.900335,17.661944444444444,36,32,68,1,3.0,-4.200000000000003,7.099999999999994,-30.9,-19.6,-1.0,10.299999999999997,-32.3,-21.0,0.0,0.0,0.0,0.0,0.0,0.0,-11.299999999999997,7.099999999999994,-9.700000000000003,5.5,0.0,0.0,0.0,0.0,0.0,-10.900000000000006,6.700000000000003,-10.400000000000006,6.200000000000003,0.0,0.0,0.0,0.0,0.0,3.825958702064895,-32,396,2.0,83.13843876330611,1.0,34.0,132.0,4,706,2.8284271247461903,75.8709430546372,1.0,32.0,111.0,-4,903,2.8284271247461903,75.8709430546372,1.0,32.0,111.0,-4,2944,4.891197146283262,66.72844756388173,0.8666666666666667,26.733333333333334,122.4,-7
2024-08-22 17:40:23.185704,235,123516.814296,17.673055555555557,90,37,63,1,3.0,-4.200000000000003,7.099999999999994,-30.9,-19.6,-1.0,10.299999999999997,-32.3,-21.0,0.0,0.0,0.0,0.0,0.0,0.0,-11.299999999999997,7.099999999999994,-9.700000000000003,5.5,0.0,0.0,0.0,0.0,0.0,-10.900000000000006,6.700000000000003,-10.400000000000006,6.200000000000003,0.0,0.0,0.0,0.0,0.0,-0.9595015576324002,-37,486,2.217355782608345,71.05631569396206,1.0,34.75,121.5,-1,796,3.1997023671109224,69.7137002317335,1.0,32.714285714285715,108.0,-9,993,3.1997023671109224,69.7137002317335,1.0,32.714285714285715,108.0,-9,3034,5.377421934967226,64.97268656904993,0.875,27.375,120.375,-12
2024-08-22 17:41:01.568574,235,123478.431426,17.683611111111112,54,46,54,1,1.0,-2.200000000000003,7.099999999999994,-28.9,-19.6,1.0,10.299999999999997,-30.299999999999997,-21.0,0.0,0.0,0.0,0.0,0.0,0.0,-9.299999999999997,7.099999999999994,-7.700000000000003,5.5,0.0,0.0,0.0,0.0,0.0,-8.900000000000006,6.700000000000003,-8.400000000000006,6.200000000000003,0.0,0.0,0.0,0.0,0.0,-5.46078431372549,-46,540,,,1.0,46.0,54.0,0,850,4.242640687119285,9.899494936611665,1.0,49.0,47.0,6,1047,2.753785273643051,37.214468512484046,1.0,48.75,72.75,1,3088,2.6726124191242437,64.00669607827874,1.0,50.0,89.0,3
2024-08-22 17:41:41.481220,235,123438.51878,17.69472222222222,70,47,53,1,1.0,-2.200000000000003,7.099999999999994,-28.9,-19.6,1.0,10.299999999999997,-30.299999999999997,-21.0,0.0,0.0,0.0,0.0,0.0,0.0,-9.299999999999997,7.099999999999994,-7.700000000000003,5.5,0.0,0.0,0.0,0.0,0.0,-8.900000000000006,6.700000000000003,-8.400000000000006,6.200000000000003,0.0,0.0,0.0,0.0,0.0,-6.626262626262623,-47,610,0.7071067811865476,11.313708498984761,1.0,46.5,62.0,-1,650,3.2145502536643185,15.01110699893027,1.0,48.333333333333336,54.666666666666664,5,1117,2.5099800796022267,32.25213171249305,1.0,48.4,72.2,0,3158,2.692582403567252,60.20681947347087,1.0,49.666666666666664,86.88888888888889,2
2024-08-22 18:07:47.287310,235,121872.71269,18.129722222222224,20,47,53,1,1.0,-2.200000000000003,6.700000000000003,-28.9,-19.999999999999993,1.0,9.900000000000006,-30.299999999999997,-21.39999999999999,0.0,0.0,0.0,0.0,0.0,0.0,-8.900000000000006,6.700000000000003,-8.400000000000006,6.200000000000003,0.0,0.0,0.0,0.0,0.0,-9.5,7.299999999999997,-7.099999999999994,4.8999999999999915,0.0,0.0,0.0,0.0,0.0,-6.8971962616822395,-47,20,,,1.0,47.0,20.0,0,20,,,1.0,47.0,20.0,0,940,2.70801280154532,21.228911104120876,1.0,48.0,46.0,5,2037,2.316606713852541,35.865024745565144,1.0,48.166666666666664,63.5,0
2024-08-22 18:07:52.507530,235,121867.49247,18.13111111111111,19,49,51,1,1.0,-2.200000000000003,6.700000000000003,-28.9,-19.999999999999993,1.0,9.900000000000006,-30.299999999999997,-21.39999999999999,0.0,0.0,0.0,0.0,0.0,0.0,-8.900000000000006,6.700000000000003,-8.400000000000006,6.200000000000003,0.0,0.0,0.0,0.0,0.0,-9.5,7.299999999999997,-7.099999999999994,4.8999999999999915,0.0,0.0,0.0,0.0,0.0,-8.97872340425532,-49,39,1.4142135623730951,0.7071067811865476,1.0,48.0,19.5,-2,39,1.4142135623730951,0.7071067811865476,1.0,48.0,19.5,-2,959,2.387467277262665,21.99545407578575,1.0,48.2,40.6,3,2056,2.138089935299395,36.80773728184774,1.0,48.285714285714285,57.142857142857146,-2
2024-08-22 18:07:59.532149,235,121860.467851,18.133055555555558,20,48,52,1,1.0,-2.200000000000003,6.700000000000003,-28.9,-19.999999999999993,1.0,9.900000000000006,-30.299999999999997,-21.39999999999999,0.0,0.0,0.0,0.0,0.0,0.0,-8.900000000000006,6.700000000000003,-8.400000000000006,6.200000000000003,0.0,0.0,0.0,0.0,0.0,-9.5,7.299999999999997,-7.099999999999994,4.8999999999999915,0.0,0.0,0.0,0.0,0.0,-8.080693365212191,-48,59,1.0,0.5773502691896258,1.0,48.0,19.666666666666668,-1,59,1.0,0.5773502691896258,1.0,48.0,19.666666666666668,-1,979,2.1369760566432814,21.395482389202318,1.0,48.166666666666664,37.166666666666664,4,2076,1.9820624179302297,36.520053199773486,1.0,48.25,52.5,-1
2024-08-22 18:35:16.077465,235,120223.922535,18.587777777777777,1,34,66,0,3.0,-4.200000000000003,6.700000000000003,-30.9,-19.999999999999993,-1.0,9.900000000000006,-32.3,-21.39999999999999,0.0,0.0,0.0,0.0,0.0,0.0,-10.900000000000006,6.700000000000003,-10.400000000000006,6.200000000000003,0.0,0.0,0.0,0.0,0.0,-11.5,7.299999999999997,-9.099999999999994,4.8999999999999915,0.0,0.0,0.0,0.0,0.0,1.8840579710144993,34,1,,,0.0,34.0,1.0,0,1,,,0.0,34.0,1.0,0,670,1.949358868961793,81.79731046923241,0.8,34.6,97.4,2,1177,2.997022331772464,74.81202634412655,0.875,32.875,94.625,-6
2024-08-22 20:23:48.529813,235,113711.470187,20.396666666666665,54,15,85,1,-1.0,-0.20000000000000284,6.3999999999999915,-26.9,-20.300000000000004,3.0,9.599999999999994,-28.299999999999997,-21.700000000000003,0.0,0.0,0.0,0.0,0.0,0.0,-6.599999999999994,6.3999999999999915,-5.599999999999994,5.3999999999999915,0.0,0.0,0.0,0.0,0.0,-6.099999999999994,5.8999999999999915,-6.0,5.799999999999997,0.0,0.0,0.0,0.0,0.0,22.81688997157937,85,54,,,1.0,15.0,54.0,0,54,,,1.0,15.0,54.0,0,54,,,1.0,15.0,54.0,0,55,,,1.0,15.0,54.0,0
2024-08-22 20:24:03.378611,235,113696.621389,20.40083333333333,180,17,83,1,-1.0,-0.20000000000000284,6.3999999999999915,-26.9,-20.300000000000004,3.0,9.599999999999994,-28.299999999999997,-21.700000000000003,0.0,0.0,0.0,0.0,0.0,0.0,-6.599999999999994,6.3999999999999915,-5.599999999999994,5.3999999999999915,0.0,0.0,0.0,0.0,0.0,-6.099999999999994,5.8999999999999915,-6.0,5.799999999999997,0.0,0.0,0.0,0.0,0.0,21.32835201328352,83,234,1.4142135623730951,89.09545442950498,1.0,16.0,117.0,-2,234,1.4142135623730951,89.09545442950498,1.0,16.0,117.0,-2,234,1.4142135623730951,89.09545442950498,1.0,16.0,117.0,-2,235,1.4142135623730951,89.09545442950498,1.0,16.0,117.0,-2
2024-08-22 20:26:05.838074,235,113574.161926,20.434722222222224,10,3,97,1,-3.0,1.7999999999999972,6.3999999999999915,-24.9,-20.300000000000004,5.0,9.599999999999994,-26.299999999999997,-21.700000000000003,0.0,0.0,0.0,0.0,0.0,0.0,-4.599999999999994,6.3999999999999915,-3.5999999999999943,5.3999999999999915,0.0,0.0,0.0,0.0,0.0,-4.099999999999994,5.8999999999999915,-4.0,5.799999999999997,0.0,0.0,0.0,0.0,0.0,2.991124260355029,-3,10,,,1.0,3.0,10.0,0,244,,,1.0,3.0,10.0,0,244,,,1.0,3.0,10.0,0,245,,,1.0,3.0,10.0,0
2024-08-22 20:26:19.245684,235,113560.754316,20.43861111111111,10,4,96,1,-3.0,1.7999999999999972,6.3999999999999915,-24.9,-20.300000000000004,5.0,9.599999999999994,-26.299999999999997,-21.700000000000003,0.0,0.0,0.0,0.0,0.0,0.0,-4.599999999999994,6.3999999999999915,-3.5999999999999943,5.3999999999999915,0.0,0.0,0.0,0.0,0.0,-4.099999999999994,5.8999999999999915,-4.0,5.799999999999997,0.0,0.0,0.0,0.0,0.0,2.0823170731707314,-4,20,0.7071067811865476,0.0,1.0,3.5,10.0,-1,254,0.7071067811865476,0.0,1.0,3.5,10.0,-1,254,0.7071067811865476,0.0,1.0,3.5,10.0,-1,255,0.7071067811865476,0.0,1.0,3.5,10.0,-1
2024-08-22 20:26:30.162259,235,113549.837741,20.441666666666666,10,5,95,1,-3.0,1.7999999999999972,6.3999999999999915,-24.9,-20.300000000000004,5.0,9.599999999999994,-26.299999999999997,-21.700000000000003,0.0,0.0,0.0,0.0,0.0,0.0,-4.599999999999994,6.3999999999999915,-3.5999999999999943,5.3999999999999915,0.0,0.0,0.0,0.0,0.0,-4.099999999999994,5.8999999999999915,-4.0,5.799999999999997,0.0,0.0,0.0,0.0,0.0,1.1477987421383649,-5,30,1.0,0.0,1.0,4.0,10.0,-2,264,1.0,0.0,1.0,4.0,10.0,-2,264,1.0,0.0,1.0,4.0,10.0,-2,265,1.0,0.0,1.0,4.0,10.0,-2
2024-08-22 20:26:39.435705,235,113540.564295,20.444166666666668,10,6,94,1,-3.0,1.7999999999999972,6.3999999999999915,-24.9,-20.300000000000004,5.0,9.599999999999994,-26.299999999999997,-21.700000000000003,0.0,0.0,0.0,0.0,0.0,0.0,-4.599999999999994,6.3999999999999915,-3.5999999999999943,5.3999999999999915,0.0,0.0,0.0,0.0,0.0,-4.099999999999994,5.8999999999999915,-4.0,5.799999999999997,0.0,0.0,0.0,0.0,0.0,0.18506493506493538,-6,40,1.2909944487358056,0.0,1.0,4.5,10.0,-3,274,1.2909944487358056,0.0,1.0,4.5,10.0,-3,274,1.2909944487358056,0.0,1.0,4.5,10.0,-3,275,1.2909944487358056,0.0,1.0,4.5,10.0,-3
2024-08-22 20:26:45.523921,235,113534.476079,20.445833333333333,10,7,93,1,-3.0,1.7999999999999972,6.3999999999999915,-24.9,-20.300000000000004,5.0,9.599999999999994,-26.299999999999997,-21.700000000000003,0.0,0.0,0.0,0.0,0.0,0.0,-4.599999999999994,6.3999999999999915,-3.5999999999999943,5.3999999999999915,0.0,0.0,0.0,0.0,0.0,-4.099999999999994,5.8999999999999915,-4.0,5.799999999999997,0.0,0.0,0.0,0.0,0.0,-0.8087248322147653,-7,50,1.5811388300841898,0.0,1.0,5.0,10.0,-4,284,1.5811388300841898,0.0,1.0,5.0,10.0,-4,284,1.5811388300841898,0.0,1.0,5.0,10.0,-4,285,1.5811388300841898,0.0,1.0,5.0,10.0,-4
2024-08-22 20:26:52.457740,235,113527.54226,20.447777777777777,10,9,91,1,-3.0,1.7999999999999972,6.3999999999999915,-24.9,-20.300000000000004,5.0,9.599999999999994,-26.299999999999997,-21.700000000000003,0.0,0.0,0.0,0.0,0.0,0.0,-4.599999999999994,6.3999999999999915,-3.5999999999999943,5.3999999999999915,0.0,0.0,0.0,0.0,0.0,-4.099999999999994,5.8999999999999915,-4.0,5.799999999999997,0.0,0.0,0.0,0.0,0.0,-2.8368055555555554,-9,60,2.1602468994692865,0.0,1.0,5.666666666666667,10.0,-6,294,2.1602468994692865,0.0,1.0,5.666666666666667,10.0,-6,294,2.1602468994692865,0.0,1.0,5.666666666666667,10.0,-6,295,2.1602468994692865,0.0,1.0,5.666666666666667,10.0,-6
2024-08-22 20:27:10.774896,235,113509.225104,20.452777777777776,95,11,89,1,-3.0,1.7999999999999972,6.3999999999999915,-24.9,-20.300000000000004,5.0,9.599999999999994,-26.299999999999997,-21.700000000000003,0.0,0.0,0.0,0.0,0.0,0.0,-4.599999999999994,6.3999999999999915,-3.5999999999999943,5.3999999999999915,0.0,0.0,0.0,0.0,0.0,-4.099999999999994,5.8999999999999915,-4.0,5.799999999999997,0.0,0.0,0.0,0.0,0.0,-4.938848920863309,-11,190,3.166666666666667,28.148909590090895,1.0,7.444444444444445,21.11111111111111,-8,424,3.166666666666667,28.148909590090895,1.0,7.444444444444445,21.11111111111111,-8,424,3.166666666666667,28.148909590090895,1.0,7.444444444444445,21.11111111111111,-8,425,3.166666666666667,28.148909590090895,1.0,7.444444444444445,21.11111111111111,-8
2024-08-22 20:27:10.774896,235,113509.225104,20.452777777777776,10,11,89,1,-3.0,1.7999999999999972,6.3999999999999915,-24.9,-20.300000000000004,5.0,9.599999999999994,-26.299999999999997,-21.700000000000003,0.0,0.0,0.0,0.0,0.0,0.0,-4.599999999999994,6.3999999999999915,-3.5999999999999943,5.3999999999999915,0.0,0.0,0.0,0.0,0.0,-4.099999999999994,5.8999999999999915,-4.0,5.799999999999997,0.0,0.0,0.0,0.0,0.0,-7.502732240437158,-11,190,3.166666666666667,28.148909590090895,1.0,7.444444444444445,21.11111111111111,-8,424,3.166666666666667,28.148909590090895,1.0,7.444444444444445,21.11111111111111,-8,424,3.166666666666667,28.148909590090895,1.0,7.444444444444445,21.11111111111111,-8,425,3.166666666666667,28.148909590090895,1.0,7.444444444444445,21.11111111111111,-8
2024-08-22 20:27:10.774896,235,113509.225104,20.452777777777776,25,11,89,1,-3.0,1.7999999999999972,6.3999999999999915,-24.9,-20.300000000000004,5.0,9.599999999999994,-26.299999999999997,-21.700000000000003,0.0,0.0,0.0,0.0,0.0,0.0,-4.599999999999994,6.3999999999999915,-3.5999999999999943,5.3999999999999915,0.0,0.0,0.0,0.0,0.0,-4.099999999999994,5.8999999999999915,-4.0,5.799999999999997,0.0,0.0,0.0,0.0,0.0,-7.936416184971098,-11,190,3.166666666666667,28.148909590090895,1.0,7.444444444444445,21.11111111111111,-8,424,3.166666666666667,28.148909590090895,1.0,7.444444444444445,21.11111111111111,-8,424,3.166666666666667,28.148909590090895,1.0,7.444444444444445,21.11111111111111,-8,425,3.166666666666667,28.148909590090895,1.0,7.444444444444445,21.11111111111111,-8
2024-08-22 22:15:41.937901,235,106998.062099,22.261388888888888,54,50,50,1,1.0,-2.200000000000003,5.200000000000003,-28.9,-21.499999999999993,1.0,8.400000000000006,-30.299999999999997,-22.89999999999999,0.0,0.0,0.0,0.0,0.0,0.0,-7.400000000000006,5.200000000000003,-6.700000000000003,4.5,0.0,0.0,0.0,0.0,0.0,-7.400000000000006,5.200000000000003,-6.700000000000003,4.5,0.0,0.0,0.0,0.0,0.0,-10.178463399879007,-50,54,,,1.0,50.0,54.0,0,54,,,1.0,50.0,54.0,0,54,,,1.0,50.0,54.0,0,478,,,1.0,50.0,54.0,0
2024-08-22 22:16:05.391441,235,106974.608559,22.268055555555556,90,51,49,1,1.0,-2.200000000000003,5.200000000000003,-28.9,-21.499999999999993,1.0,8.400000000000006,-30.299999999999997,-22.89999999999999,0.0,0.0,0.0,0.0,0.0,0.0,-7.400000000000006,5.200000000000003,-6.700000000000003,4.5,0.0,0.0,0.0,0.0,0.0,-7.400000000000006,5.200000000000003,-6.700000000000003,4.5,0.0,0.0,0.0,0.0,0.0,-11.522201375859915,-51,144,0.7071067811865476,25.45584412271571,1.0,50.5,72.0,-1,144,0.7071067811865476,25.45584412271571,1.0,50.5,72.0,-1,144,0.7071067811865476,25.45584412271571,1.0,50.5,72.0,-1,568,0.7071067811865476,25.45584412271571,1.0,50.5,72.0,-1
2024-08-22 22:53:02.427736,235,104757.572264,22.883888888888887,144,18,82,0,-1.0,-0.20000000000000284,5.200000000000003,-26.9,-21.499999999999993,3.0,8.400000000000006,-28.299999999999997,-22.89999999999999,0.0,0.0,0.0,0.0,0.0,0.0,-5.400000000000006,5.200000000000003,-4.700000000000003,4.5,0.0,0.0,0.0,0.0,0.0,-5.400000000000006,5.200000000000003,-4.700000000000003,4.5,0.0,0.0,0.0,0.0,0.0,22.050695379093767,-82,144,,,0.0,18.0,144.0,0,144,,,0.0,18.0,144.0,0,288,,,0.0,18.0,144.0,0,288,,,0.0,18.0,144.0,0
2024-08-22 23:00:41.782713,235,104298.217287,23.011388888888888,17,54,46,1,1.0,-2.200000000000003,5.200000000000003,-28.9,-21.499999999999993,1.0,8.400000000000006,-30.299999999999997,-22.89999999999999,0.0,0.0,0.0,0.0,0.0,0.0,-7.400000000000006,5.200000000000003,-6.700000000000003,4.5,0.0,0.0,0.0,0.0,0.0,-10.5,8.299999999999997,-9.799999999999997,7.599999999999994,0.0,0.0,0.0,0.0,0.0,-15.209410205434061,-54,17,,,1.0,54.0,17.0,0,161,,,1.0,54.0,17.0,0,305,2.0816659994661326,36.50114153466071,1.0,51.666666666666664,53.666666666666664,-4,305,2.0816659994661326,36.50114153466071,1.0,51.666666666666664,53.666666666666664,-4
2024-08-22 23:23:58.071509,235,102901.928491,23.399444444444445,17,55,45,1,1.0,-2.200000000000003,5.200000000000003,-28.9,-21.499999999999993,1.0,8.400000000000006,-30.299999999999997,-22.89999999999999,0.0,0.0,0.0,0.0,0.0,0.0,-7.400000000000006,5.200000000000003,-6.700000000000003,4.5,0.0,0.0,0.0,0.0,0.0,-10.5,8.299999999999997,-9.799999999999997,7.599999999999994,0.0,0.0,0.0,0.0,0.0,-16.38270777479893,-55,17,,,1.0,55.0,17.0,0,17,,,1.0,55.0,17.0,0,178,0.7071067811865476,0.0,1.0,54.5,17.0,-1,322,2.3804761428476167,34.99047489436708,1.0,52.5,44.5,-5
2024-08-22 23:24:39.549667,235,102860.450333,23.410833333333333,7,55,45,1,1.0,-2.200000000000003,5.200000000000003,-28.9,-21.499999999999993,1.0,8.400000000000006,-30.299999999999997,-22.89999999999999,0.0,0.0,0.0,0.0,0.0,0.0,-7.400000000000006,5.200000000000003,-6.700000000000003,4.5,0.0,0.0,0.0,0.0,0.0,-10.5,8.299999999999997,-9.799999999999997,7.599999999999994,0.0,0.0,0.0,0.0,0.0,-16.571525423728815,-55,24,0.0,7.0710678118654755,1.0,55.0,12.0,0,24,0.0,7.0710678118654755,1.0,55.0,12.0,0,185,0.5773502691896258,5.773502691896257,1.0,54.666666666666664,13.666666666666666,-1,329,2.345207879911715,34.63379852109786,1.0,53.0,37.0,-5
2024-08-22 23:41:06.032236,235,101873.967764,23.685,90,49,51,0,1.0,-2.200000000000003,5.200000000000003,-28.9,-21.499999999999993,1.0,8.400000000000006,-30.299999999999997,-22.89999999999999,0.0,0.0,0.0,0.0,0.0,0.0,-7.400000000000006,5.200000000000003,-6.700000000000003,4.5,0.0,0.0,0.0,0.0,0.0,-10.5,8.299999999999997,-9.799999999999997,7.599999999999994,0.0,0.0,0.0,0.0,0.0,-10.650544959128062,49,197,1.4142135623730951,12.020815280171307,0.0,48.0,98.5,2,197,1.4142135623730951,12.020815280171307,0.0,48.0,98.5,2,382,3.7416573867739413,47.029777800878456,0.6,52.0,47.6,7,526,3.1547394428670255,41.52451943473536,0.7142857142857143,51.57142857142857,54.57142857142857,3
2024-08-22 23:41:06.032236,235,101873.967764,23.685,107,47,53,0,1.0,-2.200000000000003,5.200000000000003,-28.9,-21.499999999999993,1.0,8.400000000000006,-30.299999999999997,-22.89999999999999,0.0,0.0,0.0,0.0,0.0,0.0,-7.400000000000006,5.200000000000003,-6.700000000000003,4.5,0.0,0.0,0.0,0.0,0.0,-10.5,8.299999999999997,-9.799999999999997,7.599999999999994,0.0,0.0,0.0,0.0,0.0,-9.346153846153847,47,197,1.4142135623730951,12.020815280171307,0.0,48.0,98.5,2,197,1.4142135623730951,12.020815280171307,0.0,48.0,98.5,2,382,3.7416573867739413,47.029777800878456,0.6,52.0,47.6,7,526,3.1547394428670255,41.52451943473536,0.7142857142857143,51.57142857142857,54.57142857142857,3
2024-08-22 23:47:42.959506,235,101477.040494,23.795,168,52,48,1,1.0,-2.200000000000003,5.200000000000003,-28.9,-21.499999999999993,1.0,8.400000000000006,-30.299999999999997,-22.89999999999999,0.0,0.0,0.0,0.0,0.0,0.0,-7.400000000000006,5.200000000000003,-6.700000000000003,4.5,0.0,0.0,0.0,0.0,0.0,-10.5,8.299999999999997,-9.799999999999997,7.599999999999994,0.0,0.0,0.0,0.0,0.0,-15.132966168371361,-52,186,1.4142135623730951,106.06601717798213,1.0,51.0,93.0,2,383,2.0816659994661326,61.71102008555684,0.5,49.5,95.75,-1,568,3.147183169877773,61.97003884366795,0.7142857142857143,51.714285714285715,60.57142857142857,4,712,2.788866755113585,54.64989580146618,0.7777777777777778,51.44444444444444,63.111111111111114,0
2024-08-22 23:47:42.959506,235,101477.040494,23.795,18,50,50,1,1.0,-2.200000000000003,5.200000000000003,-28.9,-21.499999999999993,1.0,8.400000000000006,-30.299999999999997,-22.89999999999999,0.0,0.0,0.0,0.0,0.0,0.0,-7.400000000000006,5.200000000000003,-6.700000000000003,4.5,0.0,0.0,0.0,0.0,0.0,-10.5,8.299999999999997,-9.799999999999997,7.599999999999994,0.0,0.0,0.0,0.0,0.0,-15.43789664551224,-50,186,1.4142135623730951,106.06601717798213,1.0,51.0,93.0,2,383,2.0816659994661326,61.71102008555684,0.5,49.5,95.75,-1,568,3.147183169877773,61.97003884366795,0.7142857142857143,51.714285714285715,60.57142857142857,4,712,2.788866755113585,54.64989580146618,0.7777777777777778,51.44444444444444,63.111111111111114,0
2024-08-22 23:50:57.985553,235,101282.014447,23.849166666666665,17,54,46,1,1.0,-2.200000000000003,5.200000000000003,-28.9,-21.499999999999993,1.0,8.400000000000006,-30.299999999999997,-22.89999999999999,0.0,0.0,0.0,0.0,0.0,0.0,-7.400000000000006,5.200000000000003,-6.700000000000003,4.5,0.0,0.0,0.0,0.0,0.0,-10.5,8.299999999999997,-9.799999999999997,7.599999999999994,0.0,0.0,0.0,0.0,0.0,-19.694009216589862,-54,17,,,1.0,54.0,17.0,0,400,2.701851217221259,64.00390613079799,0.6,50.4,80.0,-5,585,3.0237157840738176,59.40523666190669,0.75,52.0,55.125,0,729,2.7507574714370344,53.54800546135111,0.8,51.7,58.5,-4
2024-08-23 00:50:19.243406,236,97720.756594,0.8386111111111112,50,13,87,1,-1.0,-0.20000000000000284,8.299999999999997,-26.9,-18.4,3.0,11.5,-28.299999999999997,-19.799999999999997,0.0,0.0,0.0,0.0,0.0,0.0,-8.5,8.299999999999997,-7.799999999999997,7.599999999999994,0.0,0.0,0.0,0.0,0.0,-12.400000000000006,12.200000000000003,-13.200000000000003,13.0,0.0,0.0,0.0,0.0,0.0,28.573621103117503,87,140,0.0,28.284271247461902,1.0,13.0,70.0,0,140,0.0,28.284271247461902,1.0,13.0,70.0,0,157,0.0,28.284271247461902,1.0,13.0,70.0,0,725,2.8867513459481287,47.173438854225296,0.6666666666666666,14.666666666666666,94.66666666666667,5
2024-08-23 00:50:19.243406,236,97720.756594,0.8386111111111112,90,13,87,1,-1.0,-0.20000000000000284,8.299999999999997,-26.9,-18.4,3.0,11.5,-28.299999999999997,-19.799999999999997,0.0,0.0,0.0,0.0,0.0,0.0,-8.5,8.299999999999997,-7.799999999999997,7.599999999999994,0.0,0.0,0.0,0.0,0.0,-12.400000000000006,12.200000000000003,-13.200000000000003,13.0,0.0,0.0,0.0,0.0,0.0,29.27567567567568,87,140,0.0,28.284271247461902,1.0,13.0,70.0,0,140,0.0,28.284271247461902,1.0,13.0,70.0,0,157,0.0,28.284271247461902,1.0,13.0,70.0,0,725,2.8867513459481287,47.173438854225296,0.6666666666666666,14.666666666666666,94.66666666666667,5
2024-08-23 00:50:19.365725,236,97720.634275,0.8386111111111112,50,46,54,0,1.0,-2.200000000000003,8.299999999999997,-28.9,-18.4,1.0,11.5,-30.299999999999997,-19.799999999999997,0.0,0.0,0.0,0.0,0.0,0.0,-10.5,8.299999999999997,-9.799999999999997,7.599999999999994,0.0,0.0,0.0,0.0,0.0,-14.400000000000006,12.200000000000003,-15.200000000000003,13.0,0.0,0.0,0.0,0.0,0.0,-12.00749063670412,46,190,,,0.0,46.0,50.0,0,190,,,0.0,46.0,50.0,0,207,5.656854249492381,23.33452377915607,0.5,50.0,33.5,8,775,3.4641016151377544,55.5947639420996,0.6666666666666666,51.333333333333336,54.55555555555556,8
2024-08-23 00:50:19.372353,236,97720.627647,0.8386111111111112,50,33,67,0,3.0,-4.200000000000003,8.299999999999997,-30.9,-18.4,-1.0,11.5,-32.3,-19.799999999999997,0.0,0.0,0.0,0.0,0.0,0.0,-12.5,8.299999999999997,-11.799999999999997,7.599999999999994,0.0,0.0,0.0,0.0,0.0,-16.400000000000006,12.200000000000003,-17.200000000000003,13.0,0.0,0.0,0.0,0.0,0.0,2.8874773139745855,33,240,,,0.0,33.0,50.0,0,240,,,0.0,33.0,50.0,0,257,,,0.0,33.0,50.0,0,825,,,0.0,33.0,50.0,0
2024-08-23 00:50:19.377209,236,97720.622791,0.8386111111111112,50,7,93,0,3.5,-4.700000000000003,8.299999999999997,-31.4,-18.4,-1.5,11.5,-32.8,-19.799999999999997,0.0,0.0,0.0,0.0,0.0,0.0,-13.0,8.299999999999997,-12.299999999999997,7.599999999999994,0.0,0.0,0.0,0.0,0.0,-16.900000000000006,12.200000000000003,-17.700000000000003,13.0,0.0,0.0,0.0,0.0,0.0,0.569514237855941,7,290,,,0.0,7.0,50.0,0,290,,,0.0,7.0,50.0,0,307,,,0.0,7.0,50.0,0,875,,,0.0,7.0,50.0,0
2024-08-23 01:11:35.829297,236,96444.170703,1.1930555555555555,54,14,86,1,-1.0,-0.20000000000000284,12.200000000000003,-26.9,-14.499999999999993,3.0,15.400000000000006,-28.299999999999997,-15.899999999999991,0.0,0.0,0.0,0.0,0.0,0.0,-12.400000000000006,12.200000000000003,-13.200000000000003,13.0,0.0,0.0,0.0,0.0,0.0,-14.099999999999994,13.899999999999991,-14.599999999999994,14.399999999999991,0.0,0.0,0.0,0.0,0.0,29.63033419023136,86,54,,,1.0,14.0,54.0,0,54,,,1.0,14.0,54.0,0,344,0.5773502691896257,22.030282189144405,1.0,13.333333333333334,64.66666666666667,-1,768,0.5773502691896257,22.030282189144405,1.0,13.333333333333334,64.66666666666667,-1
2024-08-23 01:44:25.615275,236,94474.384725,1.7402777777777778,90,9,91,0,-1.0,-0.20000000000000284,12.200000000000003,-26.9,-14.499999999999993,3.0,15.400000000000006,-28.299999999999997,-15.899999999999991,0.0,0.0,0.0,0.0,0.0,0.0,-12.400000000000006,12.200000000000003,-13.200000000000003,13.0,0.0,0.0,0.0,0.0,0.0,-14.099999999999994,13.899999999999991,-14.599999999999994,14.399999999999991,0.0,0.0,0.0,0.0,0.0,35.47646747752512,-91,90,,,0.0,9.0,90.0,0,90,,,0.0,9.0,90.0,0,434,2.217355782608345,22.0,0.75,12.25,71.0,4,637,2.217355782608345,22.0,0.75,12.25,71.0,4
2024-08-23 01:56:18.364949,236,93761.635051,1.9383333333333332,8,7,93,0,3.5,-4.700000000000003,12.200000000000003,-31.4,-14.499999999999993,-1.5,15.400000000000006,-32.8,-15.899999999999991,0.0,0.0,0.0,0.0,0.0,0.0,-16.900000000000006,12.200000000000003,-17.700000000000003,13.0,0.0,0.0,0.0,0.0,0.0,-18.599999999999994,13.899999999999991,-19.099999999999994,14.399999999999991,0.0,0.0,0.0,0.0,0.0,0.6215722120658143,7,8,,,0.0,7.0,8.0,0,98,,,0.0,7.0,8.0,0,152,,,0.0,7.0,8.0,0,442,0.0,29.698484809834994,0.0,7.0,29.0,0
2024-08-23 12:00:20.155148,236,57519.844852,12.005555555555556,18,7,93,0,3.5,-4.700000000000003,24.4,-31.4,-2.299999999999997,-1.5,27.6,-32.8,-3.6999999999999957,0.0,0.0,0.0,0.0,0.0,0.0,-29.1,24.4,-30.700000000000003,26.0,0.0,0.0,0.0,0.0,0.0,-22.799999999999997,18.099999999999994,-23.1,18.4,0.0,0.0,0.0,0.0,0.0,0.6307977736549191,7,18,,,0.0,7.0,18.0,0,18,,,0.0,7.0,18.0,0,18,,,0.0,7.0,18.0,0,18,,,0.0,7.0,18.0,0
2024-08-23 12:01:13.612586,236,57466.387414,12.020277777777778,25,46,54,1,3.0,-4.200000000000003,24.4,-30.9,-2.299999999999997,-1.0,27.6,-32.3,-3.6999999999999957,0.0,0.0,0.0,0.0,0.0,0.0,-28.6,24.4,-30.200000000000003,26.0,0.0,0.0,0.0,0.0,0.0,-22.299999999999997,18.099999999999994,-22.6,18.4,0.0,0.0,0.0,0.0,0.0,-9.824351297405187,-46,43,,,1.0,46.0,25.0,0,43,,,1.0,46.0,25.0,0,43,,,1.0,46.0,25.0,0,43,,,1.0,46.0,25.0,0
2024-08-23 12:04:15.061504,236,57284.938496,12.070833333333333,80,48,52,1,1.0,-2.200000000000003,24.4,-28.9,-2.299999999999997,1.0,27.6,-30.299999999999997,-3.6999999999999957,0.0,0.0,0.0,0.0,0.0,0.0,-26.6,24.4,-28.200000000000003,26.0,0.0,0.0,0.0,0.0,0.0,-20.299999999999997,18.099999999999994,-20.6,18.4,0.0,0.0,0.0,0.0,0.0,-14.597249508840868,-48,194,2.1213203435596424,24.041630560342615,1.0,49.5,97.0,-3,237,2.1213203435596424,24.041630560342615,1.0,49.5,97.0,-3,237,2.1213203435596424,24.041630560342615,1.0,49.5,97.0,-3,237,2.1213203435596424,24.041630560342615,1.0,49.5,97.0,-3
2024-08-23 12:04:15.061504,236,57284.938496,12.070833333333333,114,51,49,1,1.0,-2.200000000000003,24.4,-28.9,-2.299999999999997,1.0,27.6,-30.299999999999997,-3.6999999999999957,0.0,0.0,0.0,0.0,0.0,0.0,-26.6,24.4,-28.200000000000003,26.0,0.0,0.0,0.0,0.0,0.0,-20.299999999999997,18.099999999999994,-20.6,18.4,0.0,0.0,0.0,0.0,0.0,-18.84221748400853,-51,194,2.1213203435596424,24.041630560342615,1.0,49.5,97.0,-3,237,2.1213203435596424,24.041630560342615,1.0,49.5,97.0,-3,237,2.1213203435596424,24.041630560342615,1.0,49.5,97.0,-3,237,2.1213203435596424,24.041630560342615,1.0,49.5,97.0,-3
2024-08-23 12:05:05.876427,236,57234.123573,12.084722222222222,52,45,55,0,3.0,-4.200000000000003,24.4,-30.9,-2.299999999999997,-1.0,27.6,-32.3,-3.6999999999999957,0.0,0.0,0.0,0.0,0.0,0.0,-28.6,24.4,-30.200000000000003,26.0,0.0,0.0,0.0,0.0,0.0,-22.299999999999997,18.099999999999994,-22.6,18.4,0.0,0.0,0.0,0.0,0.0,-9.340336134453779,45,344,1.4142135623730951,32.526911934581186,0.0,46.0,75.0,-2,387,1.0,36.90979996333404,0.3333333333333333,46.0,58.333333333333336,-1,387,1.0,36.90979996333404,0.3333333333333333,46.0,58.333333333333336,-1,387,1.0,36.90979996333404,0.3333333333333333,46.0,58.333333333333336,-1
2024-08-23 12:05:05.876427,236,57234.123573,12.084722222222222,98,47,53,0,3.0,-4.200000000000003,24.4,-30.9,-2.299999999999997,-1.0,27.6,-32.3,-3.6999999999999957,0.0,0.0,0.0,0.0,0.0,0.0,-28.6,24.4,-30.200000000000003,26.0,0.0,0.0,0.0,0.0,0.0,-22.299999999999997,18.099999999999994,-22.6,18.4,0.0,0.0,0.0,0.0,0.0,-12.485849056603769,47,344,1.4142135623730951,32.526911934581186,0.0,46.0,75.0,-2,387,1.0,36.90979996333404,0.3333333333333333,46.0,58.333333333333336,-1,387,1.0,36.90979996333404,0.3333333333333333,46.0,58.333333333333336,-1,387,1.0,36.90979996333404,0.3333333333333333,46.0,58.333333333333336,-1
2024-08-23 12:53:12.786820,236,54347.21318,12.886666666666667,1,53,47,1,1.0,-2.200000000000003,24.4,-28.9,-2.299999999999997,1.0,27.6,-30.299999999999997,-3.6999999999999957,0.0,0.0,0.0,0.0,0.0,0.0,-26.6,24.4,-28.200000000000003,26.0,0.0,0.0,0.0,0.0,0.0,-20.299999999999997,18.099999999999994,-20.6,18.4,0.0,0.0,0.0,0.0,0.0,-23.449029126213592,-53,1,,,1.0,53.0,1.0,0,1,,,1.0,53.0,1.0,0,388,2.516611478423583,57.97413216254298,1.0,50.666666666666664,65.0,-5,388,2.516611478423583,57.97413216254298,1.0,50.666666666666664,65.0,-5
2024-08-23 12:53:19.639720,236,54340.36028,12.88861111111111,1,49,51,1,3.0,-4.200000000000003,24.4,-30.9,-2.299999999999997,-1.0,27.6,-32.3,-3.6999999999999957,0.0,0.0,0.0,0.0,0.0,0.0,-28.6,24.4,-30.200000000000003,26.0,0.0,0.0,0.0,0.0,0.0,-22.299999999999997,18.099999999999994,-22.6,18.4,0.0,0.0,0.0,0.0,0.0,-18.23926380368098,-49,2,,,1.0,49.0,1.0,0,2,,,1.0,49.0,1.0,0,389,1.707825127659933,41.593268686170845,0.5,46.75,44.0,-3,389,1.707825127659933,41.593268686170845,0.5,46.75,44.0,-3
2024-08-23 13:03:53.048848,236,53706.951152,13.064722222222223,54,53,47,1,1.0,-2.200000000000003,18.099999999999994,-28.9,-8.600000000000001,1.0,21.299999999999997,-30.299999999999997,-10.0,0.0,0.0,0.0,0.0,0.0,0.0,-20.299999999999997,18.099999999999994,-20.6,18.4,0.0,0.0,0.0,0.0,0.0,-12.5,10.299999999999997,-14.599999999999994,12.399999999999991,0.0,0.0,0.0,0.0,0.0,-23.4775212636695,-53,54,,,1.0,53.0,54.0,0,56,0.0,37.476659402887016,1.0,53.0,27.5,0,400,2.362907813126304,47.65413588206869,1.0,51.25,62.25,-5,443,2.362907813126304,47.65413588206869,1.0,51.25,62.25,-5
2024-08-23 13:13:19.665869,236,53140.334131,13.221944444444444,51,7,93,0,3.5,-4.700000000000003,18.099999999999994,-31.4,-8.600000000000001,-1.5,21.299999999999997,-32.8,-10.0,0.0,0.0,0.0,0.0,0.0,0.0,-22.799999999999997,18.099999999999994,-23.1,18.4,0.0,0.0,0.0,0.0,0.0,-15.0,10.299999999999997,-17.099999999999994,12.399999999999991,0.0,0.0,0.0,0.0,0.0,0.6525911708253318,7,51,,,0.0,7.0,51.0,0,105,,,0.0,7.0,51.0,0,107,,,0.0,7.0,51.0,0,494,0.0,23.33452377915607,0.0,7.0,34.5,0
2024-08-23 13:16:44.032782,236,52935.967218,13.27888888888889,3,48,52,0,1.0,-2.200000000000003,18.099999999999994,-28.9,-8.600000000000001,1.0,21.299999999999997,-30.299999999999997,-10.0,0.0,0.0,0.0,0.0,0.0,0.0,-20.299999999999997,18.099999999999994,-20.6,18.4,0.0,0.0,0.0,0.0,0.0,-12.5,10.299999999999997,-14.599999999999994,12.399999999999991,0.0,0.0,0.0,0.0,0.0,-20.126137841352403,48,3,,,0.0,48.0,3.0,0,108,3.5355339059327378,36.062445840513924,0.5,50.5,28.5,5,110,2.8867513459481287,30.03886371574886,0.6666666666666666,51.333333333333336,19.333333333333332,5,497,2.5099800796022267,49.04385792329147,0.8,50.6,50.4,0
2024-08-23 13:16:44.036051,236,52935.963949,13.27888888888889,3,41,59,0,3.0,-4.200000000000003,18.099999999999994,-30.9,-8.600000000000001,-1.0,21.299999999999997,-32.3,-10.0,0.0,0.0,0.0,0.0,0.0,0.0,-22.299999999999997,18.099999999999994,-22.6,18.4,0.0,0.0,0.0,0.0,0.0,-14.5,10.299999999999997,-16.599999999999994,12.399999999999991,0.0,0.0,0.0,0.0,0.0,-10.29538461538462,41,6,,,0.0,41.0,3.0,0,111,,,0.0,41.0,3.0,0,113,5.656854249492381,1.4142135623730951,0.5,45.0,2.0,8,500,2.9664793948382653,40.41905491225642,0.4,45.6,35.8,5
2024-08-23 13:16:44.038356,236,52935.961644,13.27888888888889,3,5,95,0,-1.0,-0.20000000000000284,18.099999999999994,-26.9,-8.600000000000001,3.0,21.299999999999997,-28.299999999999997,-10.0,0.0,0.0,0.0,0.0,0.0,0.0,-18.299999999999997,18.099999999999994,-18.6,18.4,0.0,0.0,0.0,0.0,0.0,-10.5,10.299999999999997,-12.599999999999994,12.399999999999991,0.0,0.0,0.0,0.0,0.0,41.24930594114381,-95,9,,,0.0,5.0,3.0,0,114,,,0.0,5.0,3.0,0,116,,,0.0,5.0,3.0,0,503,,,0.0,5.0,3.0,0
2024-08-23 13:16:44.043112,236,52935.956888,13.27888888888889,3,5,95,0,-3.0,1.7999999999999972,18.099999999999994,-24.9,-8.600000000000001,5.0,21.299999999999997,-26.299999999999997,-10.0,0.0,0.0,0.0,0.0,0.0,0.0,-16.299999999999997,18.099999999999994,-16.6,18.4,0.0,0.0,0.0,0.0,0.0,-8.5,10.299999999999997,-10.599999999999994,12.399999999999991,0.0,0.0,0.0,0.0,0.0,-3.5616438356164366,5,12,,,0.0,5.0,3.0,0,117,,,0.0,5.0,3.0,0,119,,,0.0,5.0,3.0,0,506,,,0.0,5.0,3.0,0
2024-08-23 13:16:44.043909,236,52935.956091,13.27888888888889,3,7,93,0,3.5,-4.700000000000003,18.099999999999994,-31.4,-8.600000000000001,-1.5,21.299999999999997,-32.8,-10.0,0.0,0.0,0.0,0.0,0.0,0.0,-22.799999999999997,18.099999999999994,-23.1,18.4,0.0,0.0,0.0,0.0,0.0,-15.0,10.299999999999997,-17.099999999999994,12.399999999999991,0.0,0.0,0.0,0.0,0.0,0.7234042553191529,7,15,,,0.0,7.0,3.0,0,120,0.0,33.94112549695428,0.0,7.0,27.0,0,122,0.0,33.94112549695428,0.0,7.0,27.0,0,509,0.0,24.55605831561735,0.0,7.0,24.0,0
2024-08-23 13:21:18.339161,236,52661.660839,13.355,35,54,46,1,1.0,-2.200000000000003,18.099999999999994,-28.9,-8.600000000000001,1.0,21.299999999999997,-30.299999999999997,-10.0,0.0,0.0,0.0,0.0,0.0,0.0,-20.299999999999997,18.099999999999994,-20.6,18.4,0.0,0.0,0.0,0.0,0.0,-12.5,10.299999999999997,-14.599999999999994,12.399999999999991,0.0,0.0,0.0,0.0,0.0,-26.204960835509137,-54,35,,,1.0,54.0,35.0,0,101,4.242640687119285,22.627416997969522,0.5,51.0,19.0,-6,157,2.70801280154532,25.747168129071333,0.75,52.0,23.25,-1,544,2.6394443859772205,44.3144069876453,0.8333333333333334,51.166666666666664,47.833333333333336,-6
2024-08-23 13:39:34.710990,236,51565.28901,13.659444444444444,50,40,60,0,3.0,-4.200000000000003,18.099999999999994,-30.9,-8.600000000000001,-1.0,21.299999999999997,-32.3,-10.0,0.0,0.0,0.0,0.0,0.0,0.0,-22.299999999999997,18.099999999999994,-22.6,18.4,0.0,0.0,0.0,0.0,0.0,-14.5,10.299999999999997,-16.599999999999994,12.399999999999991,0.0,0.0,0.0,0.0,0.0,-9.391304347826093,40,50,,,0.0,40.0,50.0,0,50,,,0.0,40.0,50.0,0,207,4.932882862316248,27.730849247724095,0.3333333333333333,43.333333333333336,18.0,9,594,3.5023801430836525,36.613749694160894,0.3333333333333333,44.666666666666664,38.166666666666664,6
2024-08-23 13:42:51.463006,236,51368.536994,13.714166666666666,270,7,93,0,3.5,-4.700000000000003,18.099999999999994,-31.4,-8.600000000000001,-1.5,21.299999999999997,-32.8,-10.0,0.0,0.0,0.0,0.0,0.0,0.0,-22.799999999999997,18.099999999999994,-23.1,18.4,0.0,0.0,0.0,0.0,0.0,-15.0,10.299999999999997,-17.099999999999994,12.399999999999991,0.0,0.0,0.0,0.0,0.0,0.7280513918629481,7,270,,,0.0,7.0,270.0,0,320,,,0.0,7.0,270.0,0,477,0.0,142.3341139713175,0.0,7.0,108.0,0,864,0.0,124.62343278854101,0.0,7.0,85.5,0
2024-08-23 14:07:23.916468,236,49896.083532,14.123055555555556,3,3,97,0,-1.0,-0.20000000000000284,10.299999999999997,-26.9,-16.4,3.0,13.5,-28.299999999999997,-17.799999999999997,0.0,0.0,0.0,0.0,0.0,0.0,-10.5,10.299999999999997,-12.599999999999994,12.399999999999991,0.0,0.0,0.0,0.0,0.0,-7.799999999999997,7.599999999999994,-8.700000000000003,8.5,0.0,0.0,0.0,0.0,0.0,43.31813125695217,-97,3,,,0.0,3.0,3.0,0,3,,,0.0,3.0,3.0,0,424,1.4142135623730951,0.0,0.0,4.0,3.0,2,480,1.4142135623730951,0.0,0.0,4.0,3.0,2
2024-08-23 14:07:27.790205,236,49892.209795,14.124166666666667,3,51,49,0,1.0,-2.200000000000003,10.299999999999997,-28.9,-16.4,1.0,13.5,-30.299999999999997,-17.799999999999997,0.0,0.0,0.0,0.0,0.0,0.0,-12.5,10.299999999999997,-14.599999999999994,12.399999999999991,0.0,0.0,0.0,0.0,0.0,-9.799999999999997,7.599999999999994,-10.700000000000003,8.5,0.0,0.0,0.0,0.0,0.0,-24.45964432284542,51,6,,,0.0,51.0,3.0,0,6,,,0.0,51.0,3.0,0,427,3.0,18.475208614068027,0.3333333333333333,51.0,13.666666666666666,-3,483,2.3874672772626644,24.066574330386118,0.6,51.8,19.2,2
2024-08-23 14:07:32.979641,236,49887.020359,14.125555555555556,3,38,62,0,3.0,-4.200000000000003,10.299999999999997,-30.9,-16.4,-1.0,13.5,-32.3,-17.799999999999997,0.0,0.0,0.0,0.0,0.0,0.0,-14.5,10.299999999999997,-16.599999999999994,12.399999999999991,0.0,0.0,0.0,0.0,0.0,-11.799999999999997,7.599999999999994,-12.700000000000003,8.5,0.0,0.0,0.0,0.0,0.0,-9.117647058823536,38,9,,,0.0,38.0,3.0,0,9,,,0.0,38.0,3.0,0,430,1.5275252316519465,27.135462651912412,0.0,39.666666666666664,18.666666666666668,3,486,4.83045891539648,23.8519740622588,0.25,42.0,14.25,11
2024-08-23 14:12:37.573417,236,49582.426583,14.210277777777778,17,3,97,0,-1.0,-0.20000000000000284,10.299999999999997,-26.9,-16.4,3.0,13.5,-28.299999999999997,-17.799999999999997,0.0,0.0,0.0,0.0,0.0,0.0,-10.5,10.299999999999997,-12.599999999999994,12.399999999999991,0.0,0.0,0.0,0.0,0.0,-7.799999999999997,7.599999999999994,-8.700000000000003,8.5,0.0,0.0,0.0,0.0,0.0,43.39052924791086,-97,17,,,0.0,3.0,17.0,0,26,0.0,9.899494936611665,0.0,3.0,10.0,0,447,1.1547005383792515,8.082903768654761,0.0,3.6666666666666665,7.666666666666667,2,503,1.1547005383792515,8.082903768654761,0.0,3.6666666666666665,7.666666666666667,2
2024-08-23 14:12:37.574774,236,49582.425226,14.210277777777778,17,7,93,0,3.5,-4.700000000000003,10.299999999999997,-31.4,-16.4,-1.5,13.5,-32.8,-17.799999999999997,0.0,0.0,0.0,0.0,0.0,0.0,-15.0,10.299999999999997,-17.099999999999994,12.399999999999991,0.0,0.0,0.0,0.0,0.0,-12.299999999999997,7.599999999999994,-13.200000000000003,8.5,0.0,0.0,0.0,0.0,0.0,1.7258883248730967,7,34,,,0.0,7.0,17.0,0,43,,,0.0,7.0,17.0,0,464,0.0,124.8048476622603,0.0,7.0,85.25,0,520,0.0,124.8048476622603,0.0,7.0,85.25,0
2024-08-23 14:12:37.588464,236,49582.411536,14.210277777777778,17,56,44,0,1.0,-2.200000000000003,10.299999999999997,-28.9,-16.4,1.0,13.5,-30.299999999999997,-17.799999999999997,0.0,0.0,0.0,0.0,0.0,0.0,-12.5,10.299999999999997,-14.599999999999994,12.399999999999991,0.0,0.0,0.0,0.0,0.0,-9.799999999999997,7.599999999999994,-10.700000000000003,8.5,0.0,0.0,0.0,0.0,0.0,-29.560439560439562,56,51,,,0.0,56.0,17.0,0,60,3.5355339059327378,9.899494936611665,0.0,53.5,10.0,-5,481,3.5,15.17673658377628,0.25,52.25,14.5,-8,537,2.7386127875258306,21.544527534078505,0.5,52.5,18.833333333333332,-3
2024-08-23 14:12:37.597409,236,49582.402591,14.210277777777778,17,38,62,0,3.0,-4.200000000000003,10.299999999999997,-30.9,-16.4,-1.0,13.5,-32.3,-17.799999999999997,0.0,0.0,0.0,0.0,0.0,0.0,-14.5,10.299999999999997,-16.599999999999994,12.399999999999991,0.0,0.0,0.0,0.0,0.0,-11.799999999999997,7.599999999999994,-12.700000000000003,8.5,0.0,0.0,0.0,0.0,0.0,-9.219330855018583,38,68,,,0.0,38.0,17.0,0,77,0.0,9.899494936611665,0.0,38.0,10.0,0,498,1.5,22.171678631383177,0.0,39.25,18.25,3,554,4.54972526643093,20.692993983471798,0.2,41.2,14.8,11
2024-08-23 14:12:39.180144,236,49580.819856,14.210833333333333,23,7,93,0,3.5,-4.700000000000003,10.299999999999997,-31.4,-16.4,-1.5,13.5,-32.8,-17.799999999999997,0.0,0.0,0.0,0.0,0.0,0.0,-15.0,10.299999999999997,-17.099999999999994,12.399999999999991,0.0,0.0,0.0,0.0,0.0,-12.299999999999997,7.599999999999994,-13.200000000000003,8.5,0.0,0.0,0.0,0.0,0.0,1.8888888888888857,7,91,0.0,4.242640687119285,0.0,7.0,20.0,0,100,0.0,4.242640687119285,0.0,7.0,20.0,0,521,0.0,111.61182733026101,0.0,7.0,72.8,0,577,0.0,111.61182733026101,0.0,7.0,72.8,0
2024-08-23 14:12:39.181520,236,49580.81848,14.210833333333333,23,38,62,0,3.0,-4.200000000000003,10.299999999999997,-30.9,-16.4,-1.0,13.5,-32.3,-17.799999999999997,0.0,0.0,0.0,0.0,0.0,0.0,-14.5,10.299999999999997,-16.599999999999994,12.399999999999991,0.0,0.0,0.0,0.0,0.0,-11.799999999999997,7.599999999999994,-12.700000000000003,8.5,0.0,0.0,0.0,0.0,0.0,-9.841269841269849,38,114,0.0,4.242640687119285,0.0,38.0,20.0,0,123,0.0,10.263202878893768,0.0,38.0,14.333333333333334,0,544,1.4142135623730951,19.3183850256692,0.0,39.0,19.2,3,600,4.273952113286562,18.808685936733234,0.16666666666666666,40.666666666666664,16.166666666666668,11
2024-08-23 14:12:39.197613,236,49580.802387,14.210833333333333,23,3,97,0,-1.0,-0.20000000000000284,10.299999999999997,-26.9,-16.4,3.0,13.5,-28.299999999999997,-17.799999999999997,0.0,0.0,0.0,0.0,0.0,0.0,-10.5,10.299999999999997,-12.599999999999994,12.399999999999991,0.0,0.0,0.0,0.0,0.0,-7.799999999999997,7.599999999999994,-8.700000000000003,8.5,0.0,0.0,0.0,0.0,0.0,43.805399325084366,-97,137,0.0,4.242640687119285,0.0,3.0,20.0,0,146,0.0,10.263202878893768,0.0,3.0,14.333333333333334,0,567,1.0,10.115993936995679,0.0,3.5,11.5,2,623,1.0,10.115993936995679,0.0,3.5,11.5,2
2024-08-23 14:12:39.198743,236,49580.801257,14.210833333333333,23,56,44,0,1.0,-2.200000000000003,10.299999999999997,-28.9,-16.4,1.0,13.5,-30.299999999999997,-17.799999999999997,0.0,0.0,0.0,0.0,0.0,0.0,-12.5,10.299999999999997,-14.599999999999994,12.399999999999991,0.0,0.0,0.0,0.0,0.0,-9.799999999999997,7.599999999999994,-10.700000000000003,8.5,0.0,0.0,0.0,0.0,0.0,-30.26722925457102,56,160,0.0,4.242640687119285,0.0,56.0,20.0,0,169,2.8867513459481287,10.263202878893768,0.0,54.333333333333336,14.333333333333334,-5,590,3.4641016151377544,13.682105101189656,0.2,53.0,16.2,-8,646,2.8284271247461903,19.730324738475904,0.42857142857142855,53.0,19.428571428571427,-3
2024-08-23 14:13:22.746980,236,49537.25302,14.222777777777777,50,64,36,1,1.0,-2.200000000000003,10.299999999999997,-28.9,-16.4,1.0,13.5,-30.299999999999997,-17.799999999999997,0.0,0.0,0.0,0.0,0.0,0.0,-12.5,10.299999999999997,-14.599999999999994,12.399999999999991,0.0,0.0,0.0,0.0,0.0,-9.799999999999997,7.599999999999994,-10.700000000000003,8.5,0.0,0.0,0.0,0.0,0.0,-39.27906976744186,-64,210,4.618802153517007,17.578395831246947,0.3333333333333333,58.666666666666664,30.0,-8,219,5.377421934967226,19.704060495238032,0.25,56.75,23.25,-13,589,5.455883674224246,18.443607745413225,0.3333333333333333,54.833333333333336,21.833333333333332,-16,696,4.68851179556401,21.224985276791124,0.5,54.375,23.25,-11
2024-08-23 14:13:34.983569,236,49525.016431,14.226111111111111,40,38,62,0,3.0,-4.200000000000003,10.299999999999997,-30.9,-16.4,-1.0,13.5,-32.3,-17.799999999999997,0.0,0.0,0.0,0.0,0.0,0.0,-14.5,10.299999999999997,-16.599999999999994,12.399999999999991,0.0,0.0,0.0,0.0,0.0,-11.799999999999997,7.599999999999994,-12.700000000000003,8.5,0.0,0.0,0.0,0.0,0.0,-10.82969432314411,38,250,0.0,11.930353445448855,0.0,38.0,26.666666666666668,0,259,0.0,15.326991442115007,0.0,38.0,20.75,0,629,1.3291601358251257,19.252705437591533,0.0,38.833333333333336,22.666666666666668,3,736,4.0296519996266715,19.38949150835011,0.14285714285714285,40.285714285714285,19.571428571428573,11
2024-08-23 14:13:35.096145,236,49524.903855,14.22638888888889,27,7,93,0,3.5,-4.700000000000003,10.299999999999997,-31.4,-16.4,-1.5,13.5,-32.8,-17.799999999999997,0.0,0.0,0.0,0.0,0.0,0.0,-15.0,10.299999999999997,-17.099999999999994,12.399999999999991,0.0,0.0,0.0,0.0,0.0,-12.299999999999997,7.599999999999994,-13.200000000000003,8.5,0.0,0.0,0.0,0.0,0.0,2.1656050955413946,7,277,0.0,5.033222956847167,0.0,7.0,22.333333333333332,0,286,0.0,5.033222956847167,0.0,7.0,22.333333333333332,0,656,0.0,113.28724553099524,0.0,7.0,68.0,0,763,0.0,101.5645935681656,0.0,7.0,65.16666666666667,0
2024-08-23 14:13:35.097158,236,49524.902842,14.22638888888889,9,38,62,0,3.0,-4.200000000000003,10.299999999999997,-30.9,-16.4,-1.0,13.5,-32.3,-17.799999999999997,0.0,0.0,0.0,0.0,0.0,0.0,-14.5,10.299999999999997,-16.599999999999994,12.399999999999991,0.0,0.0,0.0,0.0,0.0,-11.799999999999997,7.599999999999994,-12.700000000000003,8.5,0.0,0.0,0.0,0.0,0.0,-13.121693121693113,38,286,0.0,13.149778198382917,0.0,38.0,22.25,0,295,0.0,14.27585373979434,0.0,38.0,18.4,0,665,1.2535663410560174,18.318608805567866,0.0,38.714285714285715,20.714285714285715,3,772,3.8172540616821107,18.336146970241206,0.125,40.0,18.25,11
2024-08-23 14:13:35.111084,236,49524.888916,14.22638888888889,27,3,97,0,-1.0,-0.20000000000000284,10.299999999999997,-26.9,-16.4,3.0,13.5,-28.299999999999997,-17.799999999999997,0.0,0.0,0.0,0.0,0.0,0.0,-10.5,10.299999999999997,-12.599999999999994,12.399999999999991,0.0,0.0,0.0,0.0,0.0,-7.799999999999997,7.599999999999994,-8.700000000000003,8.5,0.0,0.0,0.0,0.0,0.0,44.37948717948718,-97,313,0.0,5.033222956847167,0.0,3.0,22.333333333333332,0,322,0.0,10.503967504392486,0.0,3.0,17.5,0,692,0.8944271909999161,11.171392035015154,0.0,3.4,14.6,2,799,0.8944271909999161,11.171392035015154,0.0,3.4,14.6,2
2024-08-23 14:13:35.112141,236,49524.887859,14.22638888888889,27,56,44,0,1.0,-2.200000000000003,10.299999999999997,-28.9,-16.4,1.0,13.5,-30.299999999999997,-17.799999999999997,0.0,0.0,0.0,0.0,0.0,0.0,-12.5,10.299999999999997,-14.599999999999994,12.399999999999991,0.0,0.0,0.0,0.0,0.0,-9.799999999999997,7.599999999999994,-10.700000000000003,8.5,0.0,0.0,0.0,0.0,0.0,-34.357366771159874,56,340,4.0,14.430869689661812,0.25,58.0,29.25,0,349,4.669047011971501,17.146428199482248,0.2,56.6,24.0,-5,719,5.0,16.949504838953683,0.2857142857142857,55.0,22.571428571428573,-8,826,4.419024527854284,19.893466264077762,0.4444444444444444,54.55555555555556,23.666666666666668,-3
2024-08-23 14:13:41.659703,236,49518.340297,14.228055555555555,18,38,62,1,3.0,-4.200000000000003,10.299999999999997,-30.9,-16.4,-1.0,13.5,-32.3,-17.799999999999997,0.0,0.0,0.0,0.0,0.0,0.0,-14.5,10.299999999999997,-16.599999999999994,12.399999999999991,0.0,0.0,0.0,0.0,0.0,-11.799999999999997,7.599999999999994,-12.700000000000003,8.5,0.0,0.0,0.0,0.0,0.0,-13.777777777777779,-38,358,0.0,11.545561917897283,0.2,38.0,21.4,0,367,0.0,12.769755936064975,0.16666666666666666,38.0,18.333333333333332,0,737,1.1877349391654208,16.986864673287165,0.125,38.625,20.375,3,844,3.6324157862838944,17.15209737741844,0.2222222222222222,39.77777777777778,18.22222222222222,11
2024-08-23 14:16:36.482657,236,49343.517343,14.276666666666667,18,38,62,0,3.0,-4.200000000000003,10.299999999999997,-30.9,-16.4,-1.0,13.5,-32.3,-17.799999999999997,0.0,0.0,0.0,0.0,0.0,0.0,-14.5,10.299999999999997,-16.599999999999994,12.399999999999991,0.0,0.0,0.0,0.0,0.0,-11.799999999999997,7.599999999999994,-12.700000000000003,8.5,0.0,0.0,0.0,0.0,0.0,-15.308641975308646,38,18,,,0.0,38.0,18.0,0,385,0.0,11.657819774930555,0.14285714285714285,38.0,18.285714285714285,0,755,1.130388330520878,15.909466085042297,0.1111111111111111,38.55555555555556,20.11111111111111,3,862,3.470510689285432,16.171305176488108,0.2,39.6,18.2,11
2024-08-23 14:16:41.065287,236,49338.934713,14.278055555555556,10,37,63,1,3.0,-4.200000000000003,10.299999999999997,-30.9,-16.4,-1.0,13.5,-32.3,-17.799999999999997,0.0,0.0,0.0,0.0,0.0,0.0,-14.5,10.299999999999997,-16.599999999999994,12.399999999999991,0.0,0.0,0.0,0.0,0.0,-11.799999999999997,7.599999999999994,-12.700000000000003,8.5,0.0,0.0,0.0,0.0,0.0,-16.22222222222222,-37,28,0.7071067811865476,5.656854249492381,0.5,37.5,14.0,1,395,0.3535533905932738,11.183533814113881,0.25,37.875,17.25,1,765,1.1737877907772674,15.336593856235194,0.2,38.4,19.1,4,872,3.384456448906597,15.53939275752844,0.2727272727272727,39.36363636363637,17.454545454545453,12
2024-08-23 14:17:01.566938,236,49318.433062,14.28361111111111,6,37,63,1,3.0,-4.200000000000003,10.299999999999997,-30.9,-16.4,-1.0,13.5,-32.3,-17.799999999999997,0.0,0.0,0.0,0.0,0.0,0.0,-14.5,10.299999999999997,-16.599999999999994,12.399999999999991,0.0,0.0,0.0,0.0,0.0,-11.799999999999997,7.599999999999994,-12.700000000000003,8.5,0.0,0.0,0.0,0.0,0.0,-17.432835820895523,-37,34,0.5773502691896258,6.110100926607786,0.6666666666666666,37.333333333333336,11.333333333333334,1,401,0.4409585518440985,11.113055385446435,0.3333333333333333,37.77777777777778,16.0,1,756,0.816496580927726,15.01258731124578,0.3,38.0,19.4,3,878,3.2983007562664564,15.180729411149699,0.3333333333333333,39.166666666666664,16.5,12
2024-08-23 14:17:21.469416,236,49298.530584,14.289166666666667,3,37,63,1,3.0,-4.200000000000003,10.299999999999997,-30.9,-16.4,-1.0,13.5,-32.3,-17.799999999999997,0.0,0.0,0.0,0.0,0.0,0.0,-14.5,10.299999999999997,-16.599999999999994,12.399999999999991,0.0,0.0,0.0,0.0,0.0,-11.799999999999997,7.599999999999994,-12.700000000000003,8.5,0.0,0.0,0.0,0.0,0.0,-18.25,-37,37,0.5,6.5,0.75,37.25,9.25,1,404,0.48304589153964794,11.25512229066294,0.4,37.7,14.7,1,759,0.8312094145936336,15.076170239517365,0.36363636363636365,37.90909090909091,17.90909090909091,3,881,3.2145502536643185,15.008971675942053,0.38461538461538464,39.0,15.461538461538462,12
2024-08-23 14:17:41.364806,236,49278.635194,14.294722222222221,1,37,63,1,3.0,-4.200000000000003,10.299999999999997,-30.9,-16.4,-1.0,13.5,-32.3,-17.799999999999997,0.0,0.0,0.0,0.0,0.0,0.0,-14.5,10.299999999999997,-16.599999999999994,12.399999999999991,0.0,0.0,0.0,0.0,0.0,-11.799999999999997,7.599999999999994,-12.700000000000003,8.5,0.0,0.0,0.0,0.0,0.0,-18.688,-37,38,0.4472135954999579,6.730527468185536,0.8,37.2,7.6,1,405,0.504524979109513,11.44869980708409,0.45454545454545453,37.63636363636363,13.454545454545455,1,760,0.8348471099367217,15.180729411149699,0.4166666666666667,37.833333333333336,16.5,3,882,3.1343541319027466,14.929136642121032,0.42857142857142855,38.857142857142854,14.428571428571429,12
2024-08-23 14:18:01.409119,236,49258.590881,14.300277777777778,1,37,63,1,3.0,-4.200000000000003,10.299999999999997,-30.9,-16.4,-1.0,13.5,-32.3,-17.799999999999997,0.0,0.0,0.0,0.0,0.0,0.0,-14.5,10.299999999999997,-16.599999999999994,12.399999999999991,0.0,0.0,0.0,0.0,0.0,-11.799999999999997,7.599999999999994,-12.700000000000003,8.5,0.0,0.0,0.0,0.0,0.0,-18.838709677419356,-37,39,0.408248290463863,6.59545297913646,0.8333333333333334,37.166666666666664,6.5,1,406,0.5149286505444373,11.49275133870621,0.5,37.583333333333336,12.416666666666666,1,761,0.8320502943378437,15.156872013405973,0.46153846153846156,37.76923076923077,15.307692307692308,3,883,3.0581662728473336,14.798005013546671,0.4666666666666667,38.733333333333334,13.533333333333333,12
2024-08-23 14:18:20.901866,236,49239.098134,14.305555555555557,1,37,63,1,3.0,-4.200000000000003,10.299999999999997,-30.9,-16.4,-1.0,13.5,-32.3,-17.799999999999997,0.0,0.0,0.0,0.0,0.0,0.0,-14.5,10.299999999999997,-16.599999999999994,12.399999999999991,0.0,0.0,0.0,0.0,0.0,-11.799999999999997,7.599999999999994,-12.700000000000003,8.5,0.0,0.0,0.0,0.0,0.0,-18.991869918699187,-37,40,0.3779644730092273,6.369570517030844,0.8571428571428571,37.142857142857146,5.714285714285714,1,407,0.5188745216627708,11.450002799238264,0.5384615384615384,37.53846153846154,11.538461538461538,1,762,0.8254203058555569,15.055939647903704,0.5,37.714285714285715,14.285714285714286,3,884,2.9860788111948193,14.635573101180562,0.5,38.625,12.75,12
2024-08-23 14:28:18.649603,236,48641.350397,14.471666666666668,20,34,66,1,3.0,-4.200000000000003,10.299999999999997,-30.9,-16.4,-1.0,13.5,-32.3,-17.799999999999997,0.0,0.0,0.0,0.0,0.0,0.0,-14.5,10.299999999999997,-16.599999999999994,12.399999999999991,0.0,0.0,0.0,0.0,0.0,-11.799999999999997,7.599999999999994,-12.700000000000003,8.5,0.0,0.0,0.0,0.0,0.0,-16.147540983606557,-34,20,,,1.0,34.0,20.0,0,258,1.1361818036340359,11.877404062871957,0.7272727272727273,37.09090909090909,11.545454545454545,4,747,1.245945806357946,14.583095236151573,0.5333333333333333,37.46666666666667,14.666666666666666,6,904,3.1012331513163485,14.279510207451303,0.5294117647058824,38.35294117647059,13.176470588235293,15
2024-08-23 14:28:39.823167,236,48620.176833,14.477500000000001,20,34,66,0,3.0,-4.200000000000003,10.299999999999997,-30.9,-16.4,-1.0,13.5,-32.3,-17.799999999999997,0.0,0.0,0.0,0.0,0.0,0.0,-14.5,10.299999999999997,-16.599999999999994,12.399999999999991,0.0,0.0,0.0,0.0,0.0,-11.799999999999997,7.599999999999994,-12.700000000000003,8.5,0.0,0.0,0.0,0.0,0.0,-19.313725490196077,34,40,0.0,0.0,0.5,34.0,20.0,0,98,1.4298407059684812,8.403702887550358,0.8,36.6,9.8,4,767,1.4832396974191326,14.151560573543353,0.5,37.25,15.0,6,924,3.1787694416863097,13.946208517950094,0.5,38.111111111111114,13.555555555555555,15
2024-08-23 14:28:53.156532,236,48606.843468,14.481388888888889,25,15,85,1,3.5,-4.700000000000003,10.299999999999997,-31.4,-16.4,-1.5,13.5,-32.8,-17.799999999999997,0.0,0.0,0.0,0.0,0.0,0.0,-15.0,10.299999999999997,-17.099999999999994,12.399999999999991,0.0,0.0,0.0,0.0,0.0,-12.299999999999997,7.599999999999994,-13.200000000000003,8.5,0.0,0.0,0.0,0.0,0.0,-5.384615384615385,-15,65,,,1.0,15.0,25.0,0,105,,,1.0,15.0,25.0,0,792,3.5777087639996634,110.52511026911488,0.2,8.6,72.4,-8,949,3.023715784073818,93.95008806605264,0.14285714285714285,8.142857142857142,59.42857142857143,-8
2024-08-23 14:28:53.231529,236,48606.768471,14.481388888888889,10,34,66,0,3.0,-4.200000000000003,10.299999999999997,-30.9,-16.4,-1.0,13.5,-32.3,-17.799999999999997,0.0,0.0,0.0,0.0,0.0,0.0,-14.5,10.299999999999997,-16.599999999999994,12.399999999999991,0.0,0.0,0.0,0.0,0.0,-11.799999999999997,7.599999999999994,-12.700000000000003,8.5,0.0,0.0,0.0,0.0,0.0,-24.024390243902445,34,75,0.0,5.773502691896257,0.3333333333333333,34.0,16.666666666666668,0,115,1.5491933384829666,7.9021797274197985,0.7,36.2,9.0,4,802,1.6382379343098379,13.755747461890033,0.47058823529411764,37.05882352941177,14.705882352941176,6,959,3.2299765537866825,13.577802662662277,0.47368421052631576,37.89473684210526,13.368421052631579,15
2024-08-23 14:28:53.232506,236,48606.767494,14.481388888888889,10,15,85,0,3.5,-4.700000000000003,10.299999999999997,-31.4,-16.4,-1.5,13.5,-32.8,-17.799999999999997,0.0,0.0,0.0,0.0,0.0,0.0,-15.0,10.299999999999997,-17.099999999999994,12.399999999999991,0.0,0.0,0.0,0.0,0.0,-12.299999999999997,7.599999999999994,-13.200000000000003,8.5,0.0,0.0,0.0,0.0,0.0,-6.666666666666671,15,85,0.0,10.606601717798213,0.5,15.0,17.5,0,125,0.0,10.606601717798213,0.5,15.0,17.5,0,812,4.1311822359545785,102.08623805391206,0.16666666666666666,9.666666666666666,62.0,-8,969,3.7032803990902057,88.71905899281974,0.125,9.0,53.25,-8
2024-08-23 14:28:53.234629,236,48606.765371,14.481388888888889,10,59,41,0,1.0,-2.200000000000003,10.299999999999997,-28.9,-16.4,1.0,13.5,-30.299999999999997,-17.799999999999997,0.0,0.0,0.0,0.0,0.0,0.0,-12.5,10.299999999999997,-14.599999999999994,12.399999999999991,0.0,0.0,0.0,0.0,0.0,-9.799999999999997,7.599999999999994,-10.700000000000003,8.5,0.0,0.0,0.0,0.0,0.0,-38.875613747954176,59,95,,,0.0,59.0,10.0,0,135,,,0.0,59.0,10.0,0,822,4.2895221179054435,16.36663272230017,0.16666666666666666,57.0,21.666666666666668,-8,979,4.396968652757639,19.24722202177643,0.4,55.0,22.3,-6
2024-08-23 14:28:53.251781,236,48606.748219,14.481388888888889,10,3,97,0,-1.0,-0.20000000000000284,10.299999999999997,-26.9,-16.4,3.0,13.5,-28.299999999999997,-17.799999999999997,0.0,0.0,0.0,0.0,0.0,0.0,-10.5,10.299999999999997,-12.599999999999994,12.399999999999991,0.0,0.0,0.0,0.0,0.0,-7.799999999999997,7.599999999999994,-8.700000000000003,8.5,0.0,0.0,0.0,0.0,0.0,45.072916666666664,-97,105,,,0.0,3.0,10.0,0,145,,,0.0,3.0,10.0,0,832,0.0,9.695359714832659,0.0,3.0,16.0,0,989,0.816496580927726,10.166939887039103,0.0,3.3333333333333335,13.833333333333334,2
2024-08-23 14:51:27.436146,236,47252.563854,14.8575,1,59,41,0,1.0,-2.200000000000003,10.299999999999997,-28.9,-16.4,1.0,13.5,-30.299999999999997,-17.799999999999997,0.0,0.0,0.0,0.0,0.0,0.0,-12.5,10.299999999999997,-14.599999999999994,12.399999999999991,0.0,0.0,0.0,0.0,0.0,-9.799999999999997,7.599999999999994,-10.700000000000003,8.5,0.0,0.0,0.0,0.0,0.0,-39.522462562396015,59,1,,,0.0,59.0,1.0,0,1,,,0.0,59.0,1.0,0,513,3.9880774697543058,16.859362242922927,0.14285714285714285,57.285714285714285,18.714285714285715,-8,990,4.342182107482993,19.35599507787046,0.36363636363636365,55.36363636363637,20.363636363636363,-6
2024-08-23 14:51:36.793780,236,47243.20622,14.86,19,59,41,0,1.0,-2.200000000000003,10.299999999999997,-28.9,-16.4,1.0,13.5,-30.299999999999997,-17.799999999999997,0.0,0.0,0.0,0.0,0.0,0.0,-12.5,10.299999999999997,-14.599999999999994,12.399999999999991,0.0,0.0,0.0,0.0,0.0,-9.799999999999997,7.599999999999994,-10.700000000000003,8.5,0.0,0.0,0.0,0.0,0.0,-39.58833333333334,59,111,1.7320508075688772,47.62352359916263,0.0,58.0,37.0,3,111,1.7320508075688772,47.62352359916263,0.0,58.0,37.0,3,623,3.5355339059327378,28.16370793138653,0.1111111111111111,57.333333333333336,26.77777777777778,-5,1100,4.0903262988139755,26.40828347124129,0.3076923076923077,55.69230769230769,25.692307692307693,-3
2024-08-23 14:51:36.793780,236,47243.20622,14.86,91,56,44,0,1.0,-2.200000000000003,10.299999999999997,-28.9,-16.4,1.0,13.5,-30.299999999999997,-17.799999999999997,0.0,0.0,0.0,0.0,0.0,0.0,-12.5,10.299999999999997,-14.599999999999994,12.399999999999991,0.0,0.0,0.0,0.0,0.0,-9.799999999999997,7.599999999999994,-10.700000000000003,8.5,0.0,0.0,0.0,0.0,0.0,-37.882960413080895,56,111,1.7320508075688772,47.62352359916263,0.0,58.0,37.0,3,111,1.7320508075688772,47.62352359916263,0.0,58.0,37.0,3,623,3.5355339059327378,28.16370793138653,0.1111111111111111,57.333333333333336,26.77777777777778,-5,1100,4.0903262988139755,26.40828347124129,0.3076923076923077,55.69230769230769,25.692307692307693,-3
2024-08-23 15:04:45.326563,236,46454.673437,15.079166666666666,45,15,85,0,3.5,-4.700000000000003,7.599999999999994,-31.4,-19.1,-1.5,10.799999999999997,-32.8,-20.5,0.0,0.0,0.0,0.0,0.0,0.0,-12.299999999999997,7.599999999999994,-13.200000000000003,8.5,0.0,0.0,0.0,0.0,0.0,-10.200000000000003,5.5,-7.700000000000003,3.0,0.0,0.0,0.0,0.0,0.0,-7.368421052631575,15,45,,,0.0,15.0,45.0,0,156,,,0.0,15.0,45.0,0,668,4.381780460041329,11.794066304714418,0.16666666666666666,11.0,24.5,-8,1089,4.0,83.03463132934354,0.1111111111111111,9.666666666666666,52.333333333333336,-8
2024-08-23 15:36:33.482946,236,44546.517054,15.609166666666667,10,23,77,0,3.0,-4.200000000000003,7.599999999999994,-30.9,-19.1,-1.0,10.799999999999997,-32.3,-20.5,0.0,0.0,0.0,0.0,0.0,0.0,-11.799999999999997,7.599999999999994,-12.700000000000003,8.5,0.0,0.0,0.0,0.0,0.0,-9.700000000000003,5.5,-7.200000000000003,3.0,0.0,0.0,0.0,0.0,0.0,-16.361111111111114,23,10,,,0.0,23.0,10.0,0,10,,,0.0,23.0,10.0,0,166,,,0.0,23.0,10.0,0,998,3.675123936374448,13.39105154339675,0.4444444444444444,36.27777777777778,14.444444444444445,17
2024-08-23 15:42:52.010658,236,44167.989342,15.714444444444444,200,5,95,0,-1.0,-0.20000000000000284,7.599999999999994,-26.9,-19.1,3.0,10.799999999999997,-28.299999999999997,-20.5,0.0,0.0,0.0,0.0,0.0,0.0,-7.799999999999997,7.599999999999994,-8.700000000000003,8.5,0.0,0.0,0.0,0.0,0.0,-5.700000000000003,5.5,-3.200000000000003,3.0,0.0,0.0,0.0,0.0,0.0,43.33527357392317,-95,380,0.7071067811865476,14.142135623730951,0.0,5.5,190.0,-1,390,0.7071067811865476,14.142135623730951,0.0,5.5,190.0,-1,546,0.7071067811865476,14.142135623730951,0.0,5.5,190.0,-1,1058,1.2535663410560174,85.46678552848134,0.0,3.7142857142857144,65.71428571428571,-3
2024-08-23 15:42:52.010658,236,44167.989342,15.714444444444444,180,6,94,0,-1.0,-0.20000000000000284,7.599999999999994,-26.9,-19.1,3.0,10.799999999999997,-28.299999999999997,-20.5,0.0,0.0,0.0,0.0,0.0,0.0,-7.799999999999997,7.599999999999994,-8.700000000000003,8.5,0.0,0.0,0.0,0.0,0.0,-5.700000000000003,5.5,-3.200000000000003,3.0,0.0,0.0,0.0,0.0,0.0,48.04479578392622,-94,380,0.7071067811865476,14.142135623730951,0.0,5.5,190.0,-1,390,0.7071067811865476,14.142135623730951,0.0,5.5,190.0,-1,546,0.7071067811865476,14.142135623730951,0.0,5.5,190.0,-1,1058,1.2535663410560174,85.46678552848134,0.0,3.7142857142857144,65.71428571428571,-3
2024-08-23 15:59:38.923161,236,43161.076839,15.993888888888888,11,68,32,0,1.0,-2.200000000000003,7.599999999999994,-28.9,-19.1,1.0,10.799999999999997,-30.299999999999997,-20.5,0.0,0.0,0.0,0.0,0.0,0.0,-9.799999999999997,7.599999999999994,-10.700000000000003,8.5,0.0,0.0,0.0,0.0,0.0,-7.700000000000003,5.5,-5.200000000000003,3.0,0.0,0.0,0.0,0.0,0.0,-56.91836734693878,68,11,,,0.0,68.0,11.0,0,11,,,0.0,68.0,11.0,0,446,,,0.0,68.0,11.0,0,1069,4.742245131674331,27.017689678348805,0.1,58.4,25.2,-17
2024-08-23 16:08:41.123912,236,42618.876088,16.14472222222222,3,15,85,0,3.0,-4.200000000000003,5.5,-30.9,-21.199999999999996,-1.0,8.700000000000003,-32.3,-22.599999999999994,0.0,0.0,0.0,0.0,0.0,0.0,-9.700000000000003,5.5,-7.200000000000003,3.0,0.0,0.0,0.0,0.0,0.0,-7.900000000000006,3.700000000000003,-4.200000000000003,0.0,0.0,0.0,0.0,0.0,0.0,-11.0,15,3,,,0.0,15.0,3.0,0,14,,,0.0,15.0,3.0,0,404,5.656854249492381,4.949747468305833,0.0,19.0,6.5,8,1063,6.2426427284679775,10.337680932337946,0.47058823529411764,34.705882352941174,12.352941176470589,23
2024-08-23 16:10:43.126780,236,42496.87322,16.178611111111113,25,10,90,1,-1.0,-0.20000000000000284,5.5,-26.9,-21.199999999999996,3.0,8.700000000000003,-28.299999999999997,-22.599999999999994,0.0,0.0,0.0,0.0,0.0,0.0,-5.700000000000003,5.5,-3.200000000000003,3.0,0.0,0.0,0.0,0.0,0.0,-3.9000000000000057,3.700000000000003,-0.20000000000000284,0.0,0.0,0.0,0.0,0.0,0.0,50.50822122571002,90,25,,,1.0,10.0,25.0,0,39,,,1.0,10.0,25.0,0,429,2.6457513110645907,95.78622030334009,0.3333333333333333,7.0,135.0,-5,1088,2.627691364061218,83.14932064550813,0.14285714285714285,4.714285714285714,68.85714285714286,-7
2024-08-23 16:21:13.721057,236,41866.278943,16.353611111111114,1,71,29,1,1.0,-2.200000000000003,5.5,-28.9,-21.199999999999996,1.0,8.700000000000003,-30.299999999999997,-22.599999999999994,0.0,0.0,0.0,0.0,0.0,0.0,-7.700000000000003,5.5,-5.200000000000003,3.0,0.0,0.0,0.0,0.0,0.0,-5.900000000000006,3.700000000000003,-2.200000000000003,0.0,0.0,0.0,0.0,0.0,0.0,-61.225469728601254,-71,1,,,1.0,71.0,1.0,0,29,,,1.0,71.0,1.0,0,430,2.1213203435596424,7.0710678118654755,0.5,69.5,6.0,-3,691,6.0,34.40009689908833,0.16666666666666666,62.0,22.166666666666668,-12
2024-08-23 16:28:28.661270,236,41431.33873,16.474444444444444,1,68,32,0,1.0,-2.200000000000003,5.5,-28.9,-21.199999999999996,1.0,8.700000000000003,-30.299999999999997,-22.599999999999994,0.0,0.0,0.0,0.0,0.0,0.0,-7.700000000000003,5.5,-5.200000000000003,3.0,0.0,0.0,0.0,0.0,0.0,-5.900000000000006,3.700000000000003,-2.200000000000003,0.0,0.0,0.0,0.0,0.0,0.0,-58.353556485355654,68,1,,,0.0,68.0,1.0,0,2,2.1213203435596424,0.0,0.5,69.5,1.0,3,431,1.7320508075688772,5.773502691896258,0.3333333333333333,69.0,4.333333333333333,0,672,5.9281411203561225,32.40590775063796,0.14285714285714285,62.857142857142854,19.142857142857142,-9
2024-08-23 16:34:29.179799,236,41070.820201,16.57472222222222,7,68,32,1,1.0,-2.200000000000003,5.5,-28.9,-21.199999999999996,1.0,8.700000000000003,-30.299999999999997,-22.599999999999994,0.0,0.0,0.0,0.0,0.0,0.0,-7.700000000000003,5.5,-5.200000000000003,3.0,0.0,0.0,0.0,0.0,0.0,-5.900000000000006,3.700000000000003,-2.200000000000003,0.0,0.0,0.0,0.0,0.0,0.0,-58.47589098532495,-68,7,,,1.0,68.0,7.0,0,9,1.7320508075688772,3.4641016151377544,0.6666666666666666,69.0,3.0,3,438,1.5,4.898979485566356,0.5,68.75,5.0,0,594,5.9281411203561225,32.56641565434287,0.2857142857142857,64.14285714285714,18.714285714285715,-9
2024-08-23 17:04:17.156096,236,39282.843904,17.07138888888889,3,10,90,1,-1.0,-0.20000000000000284,3.700000000000003,-26.9,-22.999999999999993,3.0,6.900000000000006,-28.299999999999997,-24.39999999999999,0.0,0.0,0.0,0.0,0.0,0.0,-3.9000000000000057,3.700000000000003,-0.20000000000000284,0.0,0.0,0.0,0.0,0.0,0.0,-4.0,3.799999999999997,-0.09999999999999432,-0.10000000000000853,0.0,0.0,0.0,0.0,0.0,51.46991622239147,90,3,,,1.0,10.0,3.0,0,3,,,1.0,10.0,3.0,0,40,0.0,15.556349186104045,1.0,10.0,14.0,0,486,2.6299556396765835,102.33604773815856,0.5,7.75,102.0,-5
2024-08-23 17:31:34.179304,236,37645.820696,17.52611111111111,3,16,84,1,3.0,-4.200000000000003,3.700000000000003,-30.9,-22.999999999999993,-1.0,6.900000000000006,-32.3,-24.39999999999999,0.0,0.0,0.0,0.0,0.0,0.0,-7.900000000000006,3.700000000000003,-4.200000000000003,0.0,0.0,0.0,0.0,0.0,0.0,-8.0,3.799999999999997,-4.099999999999994,-0.10000000000000853,0.0,0.0,0.0,0.0,0.0,-12.559322033898304,-16,9,1.0,0.0,1.0,17.0,3.0,-1,9,1.0,0.0,1.0,17.0,3.0,-1,19,1.0,0.0,1.0,17.0,3.0,-1,450,3.1144823004794873,3.1304951684997055,0.6,17.8,4.4,6
2024-08-23 17:31:34.179304,236,37645.820696,17.52611111111111,3,18,82,1,3.0,-4.200000000000003,3.700000000000003,-30.9,-22.999999999999993,-1.0,6.900000000000006,-32.3,-24.39999999999999,0.0,0.0,0.0,0.0,0.0,0.0,-7.900000000000006,3.700000000000003,-4.200000000000003,0.0,0.0,0.0,0.0,0.0,0.0,-8.0,3.799999999999997,-4.099999999999994,-0.10000000000000853,0.0,0.0,0.0,0.0,0.0,-15.232142857142858,-18,9,1.0,0.0,1.0,17.0,3.0,-1,9,1.0,0.0,1.0,17.0,3.0,-1,19,1.0,0.0,1.0,17.0,3.0,-1,450,3.1144823004794873,3.1304951684997055,0.6,17.8,4.4,6
2024-08-23 17:31:34.179304,236,37645.820696,17.52611111111111,3,17,83,1,3.0,-4.200000000000003,3.700000000000003,-30.9,-22.999999999999993,-1.0,6.900000000000006,-32.3,-24.39999999999999,0.0,0.0,0.0,0.0,0.0,0.0,-7.900000000000006,3.700000000000003,-4.200000000000003,0.0,0.0,0.0,0.0,0.0,0.0,-8.0,3.799999999999997,-4.099999999999994,-0.10000000000000853,0.0,0.0,0.0,0.0,0.0,-15.09433962264151,-17,9,1.0,0.0,1.0,17.0,3.0,-1,9,1.0,0.0,1.0,17.0,3.0,-1,19,1.0,0.0,1.0,17.0,3.0,-1,450,3.1144823004794873,3.1304951684997055,0.6,17.8,4.4,6
2024-08-23 18:42:22.131705,236,33397.868295,18.70611111111111,3,4,96,0,-1.0,-0.20000000000000284,3.799999999999997,-26.9,-22.9,3.0,7.0,-28.299999999999997,-24.299999999999997,0.0,0.0,0.0,0.0,0.0,0.0,-4.0,3.799999999999997,-0.09999999999999432,-0.10000000000000853,0.0,0.0,0.0,0.0,0.0,-0.9000000000000057,0.7000000000000028,3.0,-3.200000000000003,0.0,0.0,0.0,0.0,0.0,57.587786259541986,-96,24,2.449489742783178,0.0,0.0,6.5,3.0,1,24,2.449489742783178,0.0,0.0,6.5,3.0,1,24,2.449489742783178,0.0,0.0,6.5,3.0,1,36,2.571208103423585,0.0,0.1111111111111111,6.888888888888889,3.0,7
2024-08-23 18:42:22.131705,236,33397.868295,18.70611111111111,3,8,92,0,-1.0,-0.20000000000000284,3.799999999999997,-26.9,-22.9,3.0,7.0,-28.299999999999997,-24.299999999999997,0.0,0.0,0.0,0.0,0.0,0.0,-4.0,3.799999999999997,-0.09999999999999432,-0.10000000000000853,0.0,0.0,0.0,0.0,0.0,-0.9000000000000057,0.7000000000000028,3.0,-3.200000000000003,0.0,0.0,0.0,0.0,0.0,53.71996939556236,-92,24,2.449489742783178,0.0,0.0,6.5,3.0,1,24,2.449489742783178,0.0,0.0,6.5,3.0,1,24,2.449489742783178,0.0,0.0,6.5,3.0,1,36,2.571208103423585,0.0,0.1111111111111111,6.888888888888889,3.0,7
2024-08-23 18:42:22.131705,236,33397.868295,18.70611111111111,3,6,94,0,-1.0,-0.20000000000000284,3.799999999999997,-26.9,-22.9,3.0,7.0,-28.299999999999997,-24.299999999999997,0.0,0.0,0.0,0.0,0.0,0.0,-4.0,3.799999999999997,-0.09999999999999432,-0.10000000000000853,0.0,0.0,0.0,0.0,0.0,-0.9000000000000057,0.7000000000000028,3.0,-3.200000000000003,0.0,0.0,0.0,0.0,0.0,58.26953748006379,-94,24,2.449489742783178,0.0,0.0,6.5,3.0,1,24,2.449489742783178,0.0,0.0,6.5,3.0,1,24,2.449489742783178,0.0,0.0,6.5,3.0,1,36,2.571208103423585,0.0,0.1111111111111111,6.888888888888889,3.0,7
2024-08-23 18:42:22.131705,236,33397.868295,18.70611111111111,3,7,93,0,-1.0,-0.20000000000000284,3.799999999999997,-26.9,-22.9,3.0,7.0,-28.299999999999997,-24.299999999999997,0.0,0.0,0.0,0.0,0.0,0.0,-4.0,3.799999999999997,-0.09999999999999432,-0.10000000000000853,0.0,0.0,0.0,0.0,0.0,-0.9000000000000057,0.7000000000000028,3.0,-3.200000000000003,0.0,0.0,0.0,0.0,0.0,57.40927258193446,-93,24,2.449489742783178,0.0,0.0,6.5,3.0,1,24,2.449489742783178,0.0,0.0,6.5,3.0,1,24,2.449489742783178,0.0,0.0,6.5,3.0,1,36,2.571208103423585,0.0,0.1111111111111111,6.888888888888889,3.0,7
2024-08-23 18:42:22.131705,236,33397.868295,18.70611111111111,3,9,91,0,-1.0,-0.20000000000000284,3.799999999999997,-26.9,-22.9,3.0,7.0,-28.299999999999997,-24.299999999999997,0.0,0.0,0.0,0.0,0.0,0.0,-4.0,3.799999999999997,-0.09999999999999432,-0.10000000000000853,0.0,0.0,0.0,0.0,0.0,-0.9000000000000057,0.7000000000000028,3.0,-3.200000000000003,0.0,0.0,0.0,0.0,0.0,55.547275641025635,-91,24,2.449489742783178,0.0,0.0,6.5,3.0,1,24,2.449489742783178,0.0,0.0,6.5,3.0,1,24,2.449489742783178,0.0,0.0,6.5,3.0,1,36,2.571208103423585,0.0,0.1111111111111111,6.888888888888889,3.0,7
2024-08-23 18:42:22.131705,236,33397.868295,18.70611111111111,3,5,95,0,-1.0,-0.20000000000000284,3.799999999999997,-26.9,-22.9,3.0,7.0,-28.299999999999997,-24.299999999999997,0.0,0.0,0.0,0.0,0.0,0.0,-4.0,3.799999999999997,-0.09999999999999432,-0.10000000000000853,0.0,0.0,0.0,0.0,0.0,-0.9000000000000057,0.7000000000000028,3.0,-3.200000000000003,0.0,0.0,0.0,0.0,0.0,62.79275484414491,-95,24,2.449489742783178,0.0,0.0,6.5,3.0,1,24,2.449489742783178,0.0,0.0,6.5,3.0,1,24,2.449489742783178,0.0,0.0,6.5,3.0,1,36,2.571208103423585,0.0,0.1111111111111111,6.888888888888889,3.0,7
2024-08-23 18:42:22.131705,236,33397.868295,18.70611111111111,3,10,90,0,-1.0,-0.20000000000000284,3.799999999999997,-26.9,-22.9,3.0,7.0,-28.299999999999997,-24.299999999999997,0.0,0.0,0.0,0.0,0.0,0.0,-4.0,3.799999999999997,-0.09999999999999432,-0.10000000000000853,0.0,0.0,0.0,0.0,0.0,-0.9000000000000057,0.7000000000000028,3.0,-3.200000000000003,0.0,0.0,0.0,0.0,0.0,57.95185810810811,-90,24,2.449489742783178,0.0,0.0,6.5,3.0,1,24,2.449489742783178,0.0,0.0,6.5,3.0,1,24,2.449489742783178,0.0,0.0,6.5,3.0,1,36,2.571208103423585,0.0,0.1111111111111111,6.888888888888889,3.0,7
2024-08-23 18:42:22.131705,236,33397.868295,18.70611111111111,3,3,97,0,-1.0,-0.20000000000000284,3.799999999999997,-26.9,-22.9,3.0,7.0,-28.299999999999997,-24.299999999999997,0.0,0.0,0.0,0.0,0.0,0.0,-4.0,3.799999999999997,-0.09999999999999432,-0.10000000000000853,0.0,0.0,0.0,0.0,0.0,-0.9000000000000057,0.7000000000000028,3.0,-3.200000000000003,0.0,0.0,0.0,0.0,0.0,65.09906858594411,-97,24,2.449489742783178,0.0,0.0,6.5,3.0,1,24,2.449489742783178,0.0,0.0,6.5,3.0,1,24,2.449489742783178,0.0,0.0,6.5,3.0,1,36,2.571208103423585,0.0,0.1111111111111111,6.888888888888889,3.0,7
2024-08-23 20:04:47.750190,236,28452.24981,20.079722222222223,54,5,95,0,-1.0,-0.20000000000000284,1.0,-26.9,-25.699999999999996,3.0,4.200000000000003,-28.299999999999997,-27.099999999999994,0.0,0.0,0.0,0.0,0.0,0.0,-1.2000000000000028,1.0,0.7000000000000028,-0.9000000000000057,0.0,0.0,0.0,0.0,0.0,-2.5999999999999943,2.3999999999999915,-0.4000000000000057,0.20000000000000284,0.0,0.0,0.0,0.0,0.0,63.264855687606115,-95,54,,,0.0,5.0,54.0,0,54,,,0.0,5.0,54.0,0,54,,,0.0,5.0,54.0,0,78,2.345207879911715,17.0,0.0,6.333333333333333,8.666666666666666,-1
2024-08-23 21:44:47.027391,236,22452.972609,21.74638888888889,25,31,69,1,-1.0,-0.20000000000000284,2.3999999999999915,-26.9,-24.300000000000004,3.0,5.599999999999994,-28.299999999999997,-25.700000000000003,0.0,0.0,0.0,0.0,0.0,0.0,-2.5999999999999943,2.3999999999999915,-0.4000000000000057,0.20000000000000284,0.0,0.0,0.0,0.0,0.0,-0.20000000000000284,0.0,-0.20000000000000284,0.0,0.0,0.0,0.0,0.0,0.0,40.304270462633454,69,323,6.075908711186061,51.23394057328273,1.0,37.75,80.75,-9,323,6.075908711186061,51.23394057328273,1.0,37.75,80.75,-9,323,6.075908711186061,51.23394057328273,1.0,37.75,80.75,-9,377,15.56277610196844,45.95432515008788,0.8,31.2,75.4,-35
2024-08-23 21:44:47.027391,236,22452.972609,21.74638888888889,54,45,55,1,-1.0,-0.20000000000000284,2.3999999999999915,-26.9,-24.300000000000004,3.0,5.599999999999994,-28.299999999999997,-25.700000000000003,0.0,0.0,0.0,0.0,0.0,0.0,-2.5999999999999943,2.3999999999999915,-0.4000000000000057,0.20000000000000284,0.0,0.0,0.0,0.0,0.0,-0.20000000000000284,0.0,-0.20000000000000284,0.0,0.0,0.0,0.0,0.0,0.0,27.221110100090996,55,323,6.075908711186061,51.23394057328273,1.0,37.75,80.75,-9,323,6.075908711186061,51.23394057328273,1.0,37.75,80.75,-9,323,6.075908711186061,51.23394057328273,1.0,37.75,80.75,-9,377,15.56277610196844,45.95432515008788,0.8,31.2,75.4,-35
2024-08-23 21:44:47.027391,236,22452.972609,21.74638888888889,140,35,65,1,-1.0,-0.20000000000000284,2.3999999999999915,-26.9,-24.300000000000004,3.0,5.599999999999994,-28.299999999999997,-25.700000000000003,0.0,0.0,0.0,0.0,0.0,0.0,-2.5999999999999943,2.3999999999999915,-0.4000000000000057,0.20000000000000284,0.0,0.0,0.0,0.0,0.0,-0.20000000000000284,0.0,-0.20000000000000284,0.0,0.0,0.0,0.0,0.0,0.0,38.627751196172255,65,323,6.075908711186061,51.23394057328273,1.0,37.75,80.75,-9,323,6.075908711186061,51.23394057328273,1.0,37.75,80.75,-9,323,6.075908711186061,51.23394057328273,1.0,37.75,80.75,-9,377,15.56277610196844,45.95432515008788,0.8,31.2,75.4,-35
2024-08-23 21:44:47.027391,236,22452.972609,21.74638888888889,104,40,60,1,-1.0,-0.20000000000000284,2.3999999999999915,-26.9,-24.300000000000004,3.0,5.599999999999994,-28.299999999999997,-25.700000000000003,0.0,0.0,0.0,0.0,0.0,0.0,-2.5999999999999943,2.3999999999999915,-0.4000000000000057,0.20000000000000284,0.0,0.0,0.0,0.0,0.0,-0.20000000000000284,0.0,-0.20000000000000284,0.0,0.0,0.0,0.0,0.0,0.0,39.603314917127065,60,323,6.075908711186061,51.23394057328273,1.0,37.75,80.75,-9,323,6.075908711186061,51.23394057328273,1.0,37.75,80.75,-9,323,6.075908711186061,51.23394057328273,1.0,37.75,80.75,-9,377,15.56277610196844,45.95432515008788,0.8,31.2,75.4,-35
2024-08-23 21:48:03.603072,236,22256.396928,21.800833333333333,100,40,60,1,-1.0,-0.20000000000000284,2.3999999999999915,-26.9,-24.300000000000004,3.0,5.599999999999994,-28.299999999999997,-25.700000000000003,0.0,0.0,0.0,0.0,0.0,0.0,-2.5999999999999943,2.3999999999999915,-0.4000000000000057,0.20000000000000284,0.0,0.0,0.0,0.0,0.0,-0.20000000000000284,0.0,-0.20000000000000284,0.0,0.0,0.0,0.0,0.0,0.0,44.745318352059925,60,100,,,1.0,40.0,100.0,0,423,5.357238094391549,45.197345054770636,1.0,38.2,84.6,-9,423,5.357238094391549,45.197345054770636,1.0,38.2,84.6,-9,477,14.375905768565216,42.31193685001905,0.8333333333333334,32.666666666666664,79.5,-35
2024-08-23 21:49:40.580878,236,22159.419122,21.82777777777778,66,45,55,1,-1.0,-0.20000000000000284,2.3999999999999915,-26.9,-24.300000000000004,3.0,5.599999999999994,-28.299999999999997,-25.700000000000003,0.0,0.0,0.0,0.0,0.0,0.0,-2.5999999999999943,2.3999999999999915,-0.4000000000000057,0.20000000000000284,0.0,0.0,0.0,0.0,0.0,-0.20000000000000284,0.0,-0.20000000000000284,0.0,0.0,0.0,0.0,0.0,0.0,46.1283880171184,55,166,3.5355339059327378,24.041630560342615,1.0,42.5,83.0,-5,489,5.5377492419453835,41.13271204284979,1.0,39.333333333333336,81.5,-14,489,5.5377492419453835,41.13271204284979,1.0,39.333333333333336,81.5,-14,543,13.926678748085667,38.960908369189504,0.8571428571428571,34.42857142857143,77.57142857142857,-40
2024-08-23 21:59:35.408189,236,21564.591811,21.993055555555557,27,25,75,0,1.0,-2.200000000000003,2.3999999999999915,-28.9,-24.300000000000004,1.0,5.599999999999994,-30.299999999999997,-25.700000000000003,0.0,0.0,0.0,0.0,0.0,0.0,-4.599999999999994,2.3999999999999915,-2.4000000000000057,0.20000000000000284,0.0,0.0,0.0,0.0,0.0,-2.200000000000003,0.0,-2.200000000000003,0.0,0.0,0.0,0.0,0.0,0.0,-16.346808510638297,25,40,1.0,12.34233905438241,0.0,24.0,13.333333333333334,2,529,1.0,12.34233905438241,0.0,24.0,13.333333333333334,2,529,1.0,12.34233905438241,0.0,24.0,13.333333333333334,2,583,1.0,12.34233905438241,0.0,24.0,13.333333333333334,2
2024-08-23 21:59:35.408189,236,21564.591811,21.993055555555557,3,24,76,0,1.0,-2.200000000000003,2.3999999999999915,-28.9,-24.300000000000004,1.0,5.599999999999994,-30.299999999999997,-25.700000000000003,0.0,0.0,0.0,0.0,0.0,0.0,-4.599999999999994,2.3999999999999915,-2.4000000000000057,0.20000000000000284,0.0,0.0,0.0,0.0,0.0,-2.200000000000003,0.0,-2.200000000000003,0.0,0.0,0.0,0.0,0.0,0.0,-16.3431151241535,24,40,1.0,12.34233905438241,0.0,24.0,13.333333333333334,2,529,1.0,12.34233905438241,0.0,24.0,13.333333333333334,2,529,1.0,12.34233905438241,0.0,24.0,13.333333333333334,2,583,1.0,12.34233905438241,0.0,24.0,13.333333333333334,2
2024-08-23 21:59:35.408189,236,21564.591811,21.993055555555557,10,23,77,0,1.0,-2.200000000000003,2.3999999999999915,-28.9,-24.300000000000004,1.0,5.599999999999994,-30.299999999999997,-25.700000000000003,0.0,0.0,0.0,0.0,0.0,0.0,-4.599999999999994,2.3999999999999915,-2.4000000000000057,0.20000000000000284,0.0,0.0,0.0,0.0,0.0,-2.200000000000003,0.0,-2.200000000000003,0.0,0.0,0.0,0.0,0.0,0.0,-15.454545454545453,23,40,1.0,12.34233905438241,0.0,24.0,13.333333333333334,2,529,1.0,12.34233905438241,0.0,24.0,13.333333333333334,2,529,1.0,12.34233905438241,0.0,24.0,13.333333333333334,2,583,1.0,12.34233905438241,0.0,24.0,13.333333333333334,2
2024-08-23 22:15:30.935883,236,20609.064117,22.258333333333333,132,91,9,1,-1.0,-0.20000000000000284,0.0,-26.9,-26.699999999999996,3.0,3.200000000000003,-28.299999999999997,-28.099999999999994,0.0,0.0,0.0,0.0,0.0,0.0,-0.20000000000000284,0.0,-0.20000000000000284,0.0,0.0,0.0,0.0,0.0,0.0,-1.7999999999999972,1.5999999999999943,-2.4000000000000057,2.200000000000003,0.0,0.0,0.0,0.0,0.0,4.9228346456692975,9,132,,,1.0,91.0,132.0,0,132,,,1.0,91.0,132.0,0,661,20.171880475175385,42.12170574938882,1.0,46.714285714285715,88.71428571428571,-60,661,20.171880475175385,42.12170574938882,1.0,46.714285714285715,88.71428571428571,-60
2024-08-23 22:46:33.403998,236,18746.596002,22.77583333333333,380,8,92,0,1.0,-2.200000000000003,0.0,-28.9,-26.699999999999996,1.0,3.200000000000003,-30.299999999999997,-28.099999999999994,0.0,0.0,0.0,0.0,0.0,0.0,-2.200000000000003,0.0,-2.200000000000003,0.0,0.0,0.0,0.0,0.0,0.0,-3.799999999999997,1.5999999999999943,-4.400000000000006,2.200000000000003,0.0,0.0,0.0,0.0,0.0,-0.8139534883720927,8,380,,,0.0,8.0,380.0,0,380,,,0.0,8.0,380.0,0,718,8.04155872120988,183.6100941306514,0.0,20.0,105.0,17,1041,8.04155872120988,183.6100941306514,0.0,20.0,105.0,17
2024-08-23 23:47:23.641586,236,15096.358414,23.789722222222224,105,94,6,1,-1.0,-0.20000000000000284,1.5999999999999943,-26.9,-25.1,3.0,4.799999999999997,-28.299999999999997,-26.5,0.0,0.0,0.0,0.0,0.0,0.0,-1.7999999999999972,1.5999999999999943,-2.4000000000000057,2.200000000000003,0.0,0.0,0.0,0.0,0.0,-5.799999999999997,5.599999999999994,-7.700000000000003,7.5,0.0,0.0,0.0,0.0,0.0,3.214711729622266,6,105,,,1.0,94.0,105.0,0,105,,,1.0,94.0,105.0,0,105,,,1.0,94.0,105.0,0,823,28.965496715920477,27.097047809678457,1.0,67.5,100.75,-54
2024-08-23 23:56:49.861286,236,14530.138714,23.946944444444444,25,97,3,1,-1.0,-0.20000000000000284,1.5999999999999943,-26.9,-25.1,3.0,4.799999999999997,-28.299999999999997,-26.5,0.0,0.0,0.0,0.0,0.0,0.0,-1.7999999999999972,1.5999999999999943,-2.4000000000000057,2.200000000000003,0.0,0.0,0.0,0.0,0.0,-5.799999999999997,5.599999999999994,-7.700000000000003,7.5,0.0,0.0,0.0,0.0,0.0,1.062814070351763,3,25,,,1.0,97.0,25.0,0,130,2.1213203435596424,56.568542494923804,1.0,95.5,65.0,-3,130,2.1213203435596424,56.568542494923804,1.0,95.5,65.0,-3,682,3.0,55.644706247165445,1.0,94.0,87.33333333333333,-6
