time,trade_id,ticker,time_to_strike,count,shift,kalshi_fair,forecast,yes_price,no_price,taker_side,kalshi_strike_delta,forecast_strike_delta,kalshi_forecast_delta,strike_m_5.0,strike_m_3.0,strike_m_1.0,strike_p_1.0,strike_p_3.0,strike_p_5.0,entropy,impact,result,outcome
2024-08-31 10:16:58.241480,8c466a06-0d43-4030-844f-fb933955f94d,HIGHCHI-24SEP01-B75.5,135721.759,90,1.0,75.5,71.9,23,77,1,0.0,-3.6,-3.6,0.0,0.0,0.0,23.0,0.0,0.0,-72.116,-22.0,-23,0
2024-08-31 10:38:04.964811,13d3df15-a124-4150-9241-091f50442e05,HIGHCHI-24SEP01-B77.5,134455.035,25,3.0,76.87,71.9,45,55,0,-0.63,-5.6,-4.97,0.0,0.0,0.0,20.7,45.0,0.0,-234.024,-54.0,-55,1
2024-08-31 10:38:05.332454,4d180237-45a6-4abc-a063-1d17b3fb5f4a,HIGHCHI-24SEP01-T78,134454.668,25,5.0,77.735,71.9,29,71,0,-1.765,-7.6,-5.835,0.0,0.0,0.0,18.63,40.5,29.0,-302.043,28.0,29,0
2024-08-31 11:14:19.204873,91df7f1a-bc84-4edc-b483-69b6f39cde6a,HIGHCHI-24SEP01-T78,132280.795,37,5.0,77.798,71.9,29,71,0,-1.702,-7.6,-5.898,0.0,0.0,0.0,16.767,36.45,29.0,-275.997,22.0,29,0
2024-08-31 11:24:11.055974,c693bfb0-9976-4817-a914-ca711bf0c818,HIGHCHI-24SEP01-B77.5,131688.944,36,3.0,77.75,71.9,47,53,1,0.25,-5.6,-5.85,0.0,0.0,0.0,15.09,47.0,26.1,-307.049,51.263,53,1
2024-08-31 11:24:11.055974,be2f2c72-fafc-4595-aaa3-54706c8519d3,HIGHCHI-24SEP01-B77.5,131688.944,180,3.0,77.728,71.9,50,50,1,0.228,-5.6,-5.828,0.0,0.0,0.0,13.581,50.0,23.49,-305.178,48.304,50,1
2024-08-31 11:24:11.055974,b319714f-614d-43b5-9ad1-0091e8105958,HIGHCHI-24SEP01-B77.5,131688.944,60,3.0,77.719,71.9,48,52,1,0.219,-5.6,-5.819,0.0,0.0,0.0,12.223,48.0,21.141,-280.922,50.389,52,1
2024-08-31 12:36:08.354468,6925371c-2194-41e3-9d54-3847eacc18f6,HIGHCHI-24SEP01-B77.5,127371.646,3,3.0,77.696,71.9,52,48,1,0.196,-5.6,-5.796,0.0,0.0,0.0,11.001,52.0,19.027,-287.895,44.838,48,1
2024-08-31 12:48:34.852041,8306371e-84b0-4ada-88c5-066f8a2361fd,HIGHCHI-24SEP01-B77.5,126625.148,90,3.0,77.701,71.9,45,55,0,0.201,-5.6,-5.801,0.0,0.0,0.0,9.901,45.0,17.124,-242.64,-48.734,-55,1
2024-08-31 12:48:34.852041,702ec90e-4641-4419-990d-754b25a632be,HIGHCHI-24SEP01-B77.5,126625.148,500,3.0,77.688,71.9,45,55,0,0.188,-5.6,-5.788,0.0,0.0,0.0,8.911,45.0,15.412,-232.943,-49.604,-55,1
2024-08-31 12:49:35.979408,ca598091-fe0f-4e1d-a8c4-b8e024577928,HIGHCHI-24SEP01-T78,126564.021,60,5.0,78.162,71.9,36,64,1,-1.338,-7.6,-6.262,0.0,0.0,0.0,8.02,40.5,36.0,-295.605,-25.124,-36,0
2024-08-31 12:49:35.979408,7bac7d51-0307-4db9-b1c0-b47a85f7429d,HIGHCHI-24SEP01-T78,126564.021,158,5.0,78.223,71.9,36,64,1,-1.277,-7.6,-6.323,0.0,0.0,0.0,7.218,36.45,36.0,-274.345,-25.125,-36,0
2024-08-31 12:49:35.979408,5f4ee4e5-fb6e-4c5a-9d30-1f719dbb8b42,HIGHCHI-24SEP01-T78,126564.021,72,5.0,78.25,71.9,34,66,1,-1.25,-7.6,-6.35,0.0,0.0,0.0,6.496,32.805,34.0,-246.56,-24.5,-34,0
2024-08-31 12:59:53.537072,2b060745-7712-41c8-bd52-9a987c712bb2,HIGHCHI-24SEP01-B77.5,125946.463,18,3.0,78.104,71.9,41,59,0,0.604,-5.6,-6.204,0.0,0.0,0.0,5.262,41.0,27.54,-252.306,-43.613,-59,1
2024-08-31 12:59:53.537072,48d67c84-8912-4bb7-85c6-8ab60b9033a3,HIGHCHI-24SEP01-B77.5,125946.463,180,3.0,78.156,71.9,39,61,0,0.656,-5.6,-6.256,0.0,0.0,0.0,5.846,39.0,30.6,-257.885,-33.463,-61,1
2024-08-31 13:08:31.321719,6508c324-6127-4132-b34a-0100ab5dfc5c,HIGHCHI-24SEP01-B75.5,125428.678,54,1.0,77.542,71.9,23,77,1,2.042,-3.6,-5.642,0.0,0.0,0.0,23.0,36.9,24.786,-284.829,-22.0,-23,0
2024-08-31 13:08:31.336554,e9fdcf48-78f1-4d11-a442-68f69ed0ad7b,HIGHCHI-24SEP01-B75.5,125428.663,6,1.0,77.482,71.9,23,77,1,1.982,-3.6,-5.582,0.0,0.0,0.0,23.0,33.21,22.307,-257.709,-22.0,-23,0
2024-08-31 13:08:31.336554,4aa6c424-e746-4bed-a703-10ac4287812b,HIGHCHI-24SEP01-B75.5,125428.663,60,1.0,77.297,71.9,28,72,1,1.797,-3.6,-5.397,0.0,0.0,0.0,28.0,29.889,20.077,-255.07,-27.0,-28,0
2024-08-31 13:08:31.527149,b33c3c64-ee04-4425-9dc0-8f06b5a6766e,HIGHCHI-24SEP01-T78,125428.473,180,5.0,77.594,71.9,29,71,0,-1.906,-7.6,-5.694,0.0,0.0,0.0,25.2,26.9,29.0,-267.527,18.182,29,0
2024-08-31 13:08:31.560054,63135d20-1ccb-4717-b233-e757247236ed,HIGHCHI-24SEP01-T78,125428.44,36,5.0,77.667,71.9,29,71,0,-1.833,-7.6,-5.767,0.0,0.0,0.0,22.68,24.21,29.0,-245.599,16.749,29,0
2024-08-31 13:08:31.577351,7c8469c2-44ec-4672-a85a-2f60ed15d3c1,HIGHCHI-24SEP01-T78,125428.423,84,5.0,77.741,71.9,29,71,0,-1.759,-7.6,-5.841,0.0,0.0,0.0,20.412,21.789,29.0,-226.358,15.563,29,0
2024-08-31 13:09:12.163875,be8a85aa-199c-4b1d-9f84-4edd2b3e58cd,HIGHCHI-24SEP01-B75.5,125387.836,18,1.0,77.348,71.9,32,68,0,1.848,-3.6,-5.448,0.0,0.0,0.0,32.0,19.61,26.1,-254.401,31.0,32,0
2024-08-31 13:09:12.163875,9c94124e-c4df-4542-9438-765ab446eddf,HIGHCHI-24SEP01-B75.5,125387.836,180,1.0,77.317,71.9,30,70,0,1.817,-3.6,-5.417,0.0,0.0,0.0,30.0,17.649,23.49,-226.849,29.0,30,0
2024-08-31 13:09:58.861935,bf8b905d-78d6-49e9-a1d8-11cbff8dba07,HIGHCHI-24SEP01-B75.5,125341.138,108,1.0,77.289,71.9,28,72,0,1.789,-3.6,-5.389,0.0,0.0,0.0,28.0,15.884,21.141,-201.733,27.0,28,0
2024-08-31 13:09:58.861935,8e87c329-c503-4fe7-8c2f-1900bdae7b64,HIGHCHI-24SEP01-B75.5,125341.138,180,1.0,77.236,71.9,27,73,0,1.736,-3.6,-5.336,0.0,0.0,0.0,27.0,14.296,19.027,-183.064,26.0,27,0
2024-08-31 13:13:52.913725,d9d55fc0-bc7b-4c2a-9a4e-7514730f6949,HIGHCHI-24SEP01-T78,125107.086,72,5.0,77.642,71.9,29,71,1,-1.858,-7.6,-5.742,0.0,0.0,0.0,24.3,12.866,29.0,-208.048,-13.904,-29,0
2024-08-31 13:13:52.913725,7e01b001-d5e7-4ef1-a8d6-3502d82ca1a5,HIGHCHI-24SEP01-T78,125107.086,5,5.0,77.7,71.9,28,72,1,-1.8,-7.6,-5.8,0.0,0.0,0.0,21.87,11.58,28.0,-189.135,-13.372,-28,0
2024-08-31 13:13:52.913725,39425ec6-fa55-43c5-be14-4ac34629d04b,HIGHCHI-24SEP01-T78,125107.086,180,5.0,77.87,71.9,31,69,1,-1.63,-7.6,-5.97,0.0,0.0,0.0,19.683,10.422,31.0,-189.531,-16.838,-31,0
2024-08-31 13:14:14.968380,7463df82-4f85-4904-8168-aec121d65fe0,HIGHCHI-24SEP01-T78,125085.032,90,5.0,77.983,71.9,32,68,1,-1.517,-7.6,-6.083,0.0,0.0,0.0,17.715,9.379,32.0,-182.819,-16.581,-32,0
2024-08-31 13:14:35.703377,9f164a9a-ff2b-450b-8657-f6d3751c462c,HIGHCHI-24SEP01-B77.5,125064.297,36,3.0,77.8,71.9,37,63,0,0.3,-5.6,-5.9,0.0,0.0,0.0,14.349,37.0,25.92,-256.195,-32.824,-63,1
2024-08-31 13:14:35.703377,fe28f5ec-3661-4486-873f-f4a06e9f11c5,HIGHCHI-24SEP01-B77.5,125064.297,36,3.0,77.822,71.9,35,65,0,0.322,-5.6,-5.922,0.0,0.0,0.0,15.943,35.0,28.8,-265.363,-30.957,-65,1
2024-08-31 13:28:56.309416,f8b98a7f-4725-4450-9d28-4abbef753431,HIGHCHI-24SEP01-B77.5,124203.691,5,3.0,77.763,71.9,43,57,1,0.263,-5.6,-5.863,0.0,0.0,0.0,12.914,43.0,23.328,-268.245,22.403,57,1
2024-08-31 13:28:56.309416,52f3165c-1560-4d48-b2c9-61c6941c9924,HIGHCHI-24SEP01-B77.5,124203.691,6,3.0,77.755,71.9,41,59,1,0.255,-5.6,-5.855,0.0,0.0,0.0,11.623,41.0,20.995,-244.682,24.726,59,1
2024-08-31 13:28:56.309416,3ab0d1a6-fea5-410b-8438-337a4ca6bcec,HIGHCHI-24SEP01-B77.5,124203.691,36,3.0,77.743,71.9,40,60,1,0.243,-5.6,-5.843,0.0,0.0,0.0,10.46,40.0,18.896,-227.645,25.936,60,1
2024-08-31 13:33:23.183849,ec76c705-a448-4839-9840-2b304942cd46,HIGHCHI-24SEP01-B75.5,123936.816,60,1.0,77.039,71.9,38,62,1,1.539,-3.6,-5.139,0.0,0.0,0.0,38.0,36.0,17.006,-315.423,-36.14,-38,0
2024-08-31 13:33:23.183849,a0443abc-6090-4596-89e7-e2c54dc626cb,HIGHCHI-24SEP01-B75.5,123936.816,180,1.0,77.143,71.9,29,71,1,1.643,-3.6,-5.243,0.0,0.0,0.0,29.0,32.4,15.306,-252.101,-27.371,-29,0
2024-08-31 13:33:23.183849,5f037c41-c7fd-489a-8138-35ef0d281c28,HIGHCHI-24SEP01-B75.5,123936.816,25,1.0,76.682,71.9,53,47,1,1.182,-3.6,-4.782,0.0,0.0,0.0,53.0,29.16,13.775,-344.906,-51.63,-53,0
2024-08-31 13:33:23.183849,4bc7288e-218a-474a-a821-1f5e35bb0dae,HIGHCHI-24SEP01-B75.5,123936.816,5,1.0,76.253,71.9,97,3,1,0.753,-3.6,-4.353,0.0,0.0,0.0,97.0,26.244,12.397,-560.708,-95.921,-97,0
2024-08-31 13:33:23.183849,238a1476-1af6-4938-a352-d5712e9d90af,HIGHCHI-24SEP01-B75.5,123936.816,36,1.0,77.037,71.9,25,75,1,1.537,-3.6,-5.137,0.0,0.0,0.0,25.0,23.62,11.158,-182.073,-24.0,-25,0
2024-08-31 13:33:23.183849,0b296026-3e8b-4e4d-b5e0-e04c22dc0dde,HIGHCHI-24SEP01-B75.5,123936.816,180,1.0,76.918,71.9,27,73,1,1.418,-3.6,-5.018,0.0,0.0,0.0,27.0,21.258,10.042,-177.131,-26.0,-27,0
2024-08-31 13:34:06.452487,73ebe3fd-7bc4-418b-b385-bbb189bf6d43,HIGHCHI-24SEP01-B75.5,123893.548,25,1.0,76.779,71.9,30,70,1,1.279,-3.6,-4.879,0.0,0.0,0.0,30.0,19.132,9.038,-178.397,-27.933,-30,0
2024-08-31 13:34:28.408679,d82fca8b-2b31-4ae3-ae94-4907f79d5b4a,HIGHCHI-24SEP01-B77.5,123871.591,300,3.0,76.962,71.9,35,65,0,-0.538,-5.6,-5.062,0.0,0.0,0.0,27.0,35.0,8.134,-230.474,-28.971,-65,1
2024-08-31 13:34:37.054024,36f4aded-1e22-4289-b6b3-d3178760f39c,HIGHCHI-24SEP01-B73.5,123862.946,25,-1.0,76.448,71.9,11,89,1,2.948,-1.6,-4.548,0.0,0.0,11.0,24.3,31.5,7.321,-227.153,-10.0,-11,0
2024-08-31 14:09:30.727744,8a48bd3b-a3f2-4aec-853a-8d6bf112b0b3,HIGHCHI-24SEP01-B77.5,121769.272,6,3.0,76.581,71.9,38,62,1,-0.919,-5.6,-4.681,0.0,0.0,9.9,21.87,38.0,6.589,-240.817,25.819,62,1
2024-08-31 15:40:33.786856,e303fced-573b-4c8e-ab91-e3e1f3fa68b9,HIGHCHI-24SEP01-B73.5,116306.213,35,-1.0,76.49,71.9,11,89,1,2.99,-1.6,-4.59,0.0,0.0,11.0,19.683,34.2,5.93,-216.384,-10.0,-11,0
2024-08-31 15:44:32.914493,54203f96-3ab4-4254-96c4-032f673bcbe9,HIGHCHI-24SEP01-B73.5,116067.086,60,-1.0,76.229,71.9,16,84,1,2.729,-1.6,-4.329,0.0,0.0,16.0,17.715,30.78,5.337,-209.696,-15.0,-16,0
2024-08-31 16:50:25.693761,e1cae3e9-bd71-4991-9392-45813560f2ff,HIGHCHI-24SEP01-B77.5,112114.306,31,3.0,76.274,71.9,30,70,1,-1.226,-5.6,-4.374,0.0,0.0,14.4,15.943,30.0,4.803,-192.128,33.338,70,1
2024-08-31 16:50:33.521624,acf8f102-ee6b-43dc-a062-7073b7c6e5c7,HIGHCHI-24SEP01-B75.5,112106.478,21,1.0,76.008,71.9,45,55,1,0.508,-3.6,-4.108,0.0,0.0,12.96,45.0,27.0,4.323,-299.817,-42.893,-45,0
2024-08-31 17:56:30.836259,50539c1b-e3da-4dd9-a9c5-6358a028edb5,HIGHCHI-24SEP01-B75.5,108149.164,18,1.0,76.085,71.9,30,70,0,0.585,-3.6,-4.185,0.0,0.0,11.664,30.0,24.3,3.89,-213.502,27.745,30,0
2024-08-31 17:56:30.853417,5d4cd60a-2dee-4f7d-a893-5d7abb4773dc,HIGHCHI-24SEP01-B75.5,108149.147,82,1.0,76.058,71.9,30,70,0,0.558,-3.6,-4.158,0.0,0.0,10.498,30.0,21.87,3.501,-198.577,27.334,30,0
2024-08-31 17:56:30.887406,d37f7887-3aa3-411a-a8eb-864a76421ec3,HIGHCHI-24SEP01-T78,108149.113,36,5.0,77.103,71.9,29,71,1,-2.397,-7.6,-5.203,0.0,0.0,9.448,27.0,19.683,29.0,-266.508,-13.454,-29,0
2024-08-31 17:56:38.676002,0ab04c5d-92e3-4aea-b1f1-08de4ab7ad9a,HIGHCHI-24SEP01-T78,108141.324,90,5.0,77.19,71.9,29,71,1,-2.31,-7.6,-5.29,0.0,0.0,8.503,24.3,17.715,29.0,-244.299,-13.445,-29,0
2024-08-31 18:00:31.812386,ce9342bc-e5b8-41c5-b7a7-27ebf38e1ce5,HIGHCHI-24SEP01-T78,107908.188,24,5.0,77.28,71.9,29,71,1,-2.22,-7.6,-5.38,0.0,0.0,7.653,21.87,15.943,29.0,-224.844,-13.373,-29,0
2024-08-31 18:07:14.050120,bdab1ce7-396e-447e-bb72-aa97d208f570,HIGHCHI-24SEP01-T78,107505.95,5,5.0,76.887,71.9,16,84,0,-2.613,-7.6,-4.987,0.0,0.0,6.887,19.683,14.349,16.0,-154.524,0.489,16,0
2024-08-31 18:07:14.050120,5b139b64-7bfd-40e5-bd85-2b4eca88c226,HIGHCHI-24SEP01-T78,107505.95,53,5.0,76.917,71.9,15,85,0,-2.583,-7.6,-5.017,0.0,0.0,6.199,17.715,12.914,15.0,-135.887,-0.788,15,0
2024-08-31 18:08:29.031018,618de725-d5f0-451f-aa34-13d0a9df2cad,HIGHCHI-24SEP01-B75.5,107430.969,90,1.0,76.626,71.9,28,72,0,1.126,-3.6,-4.726,0.0,0.0,5.579,28.0,11.623,13.5,-166.538,25.305,28,0
2024-08-31 18:08:29.046051,c1723dc2-377e-4e30-9524-a64285ac7014,HIGHCHI-24SEP01-B75.5,107430.954,180,1.0,76.569,71.9,28,72,0,1.069,-3.6,-4.669,0.0,0.0,5.021,28.0,10.46,12.15,-156.303,24.334,28,0
2024-08-31 18:08:29.061436,447b4f2f-f7c7-4f66-a0fa-c801e7008f54,HIGHCHI-24SEP01-B75.5,107430.939,180,1.0,76.513,71.9,28,72,0,1.013,-3.6,-4.613,0.0,0.0,4.519,28.0,9.414,10.935,-147.383,23.543,28,0
2024-08-31 18:08:29.105746,8d52b61b-8f93-4f67-8bd9-26bca0f1fe6e,HIGHCHI-24SEP01-T78,107430.894,5,5.0,77.5,71.9,30,70,1,-2.0,-7.6,-5.6,0.0,0.0,3.66,22.68,7.626,30.0,-193.072,-14.516,-30,0
2024-08-31 18:08:29.105746,a90d067e-1f74-4f46-83cb-4d18ccf3246b,HIGHCHI-24SEP01-T78,107430.894,175,5.0,77.432,71.9,31,69,1,-2.068,-7.6,-5.532,0.0,0.0,4.067,25.2,8.473,31.0,-211.581,-15.518,-31,0
2024-08-31 18:08:29.123346,ff04447b-c451-4440-b581-7b3f4129fa92,HIGHCHI-24SEP01-T78,107430.877,37,5.0,77.63,71.9,31,69,1,-1.87,-7.6,-5.73,0.0,0.0,3.294,20.412,6.863,31.0,-185.165,-15.111,-31,0
2024-08-31 18:08:29.136744,f871dafd-db5c-4695-aff8-0d536f01ea7d,HIGHCHI-24SEP01-T78,107430.863,18,5.0,77.987,71.9,41,59,1,-1.513,-7.6,-6.087,0.0,0.0,2.965,18.371,6.177,41.0,-220.198,-24.922,-41,0
2024-08-31 18:08:29.181339,f0e5dd2a-e2c8-4031-a9c1-b8506b128ef6,HIGHCHI-24SEP01-B71.5,107430.819,50,-3.0,77.884,71.9,1,99,0,6.384,0.4,-5.984,0.0,1.0,2.668,16.534,5.559,36.9,-191.682,0.0,1,0
2024-08-31 18:08:29.181339,24525b83-5f4c-4116-aa20-08dedf03bf74,HIGHCHI-24SEP01-B71.5,107430.819,50,-3.0,77.873,71.9,1,99,0,6.373,0.4,-5.973,0.0,1.0,2.402,14.88,5.003,33.21,-166.667,0.0,1,0
2024-08-31 18:08:29.185698,f21a7d04-f04d-40de-8bb1-ff9aae79a313,HIGHCHI-24SEP01-B77.5,107430.814,100,3.0,77.739,71.9,33,67,0,0.239,-5.6,-5.839,0.0,0.9,2.161,13.392,33.0,29.889,-253.252,-29.659,-67,1
2024-08-31 18:08:29.188465,ca023a7e-4556-4cf0-8e8c-23185e5153ad,HIGHCHI-24SEP01-T78,107430.812,100,5.0,77.994,71.9,39,61,0,-1.506,-7.6,-6.094,0.0,0.81,1.945,12.053,29.7,39.0,-274.724,22.655,39,0
2024-08-31 18:08:29.193882,d9ac24aa-aed1-4002-aa85-a98978c303fb,HIGHCHI-24SEP01-B73.5,107430.806,60,-1.0,77.921,71.9,3,97,0,4.421,-1.6,-6.021,0.0,0.729,3.0,10.848,26.73,35.1,-241.648,2.0,3,0
2024-08-31 18:08:29.193882,84a4e28e-9186-4ce6-9af6-d783a3c6edd4,HIGHCHI-24SEP01-B73.5,107430.806,40,-1.0,77.901,71.9,3,97,0,4.401,-1.6,-6.001,0.0,0.656,3.0,9.763,24.057,31.59,-210.852,2.0,3,0
2024-08-31 18:08:29.194943,3c35074d-0861-44c0-b020-393b25cb3e01,HIGHCHI-24SEP01-T71,107430.805,50,-5.0,77.768,71.9,1,99,0,8.268,2.4,-5.868,1.0,0.59,2.7,8.787,21.651,28.431,-183.218,0.0,1,0
2024-08-31 18:08:29.194943,26cff15c-f487-4220-ab71-8174d285b8bc,HIGHCHI-24SEP01-T71,107430.805,50,-5.0,77.754,71.9,1,99,0,8.254,2.4,-5.854,1.0,0.531,2.43,7.908,19.486,25.588,-159.002,0.0,1,0
2024-08-31 18:08:29.198450,9b3fbee6-5063-424f-acb5-0535f577f5ca,HIGHCHI-24SEP01-B75.5,107430.802,100,1.0,77.101,71.9,28,72,0,1.601,-3.6,-5.201,0.9,0.478,2.187,28.0,17.538,23.029,-217.036,23.219,28,0
2024-08-31 18:08:29.250785,9a86dd5d-83e4-49b0-bfae-bfe30467f1cc,HIGHCHI-24SEP01-B75.5,107430.749,110,1.0,77.035,71.9,28,72,0,1.535,-3.6,-5.135,0.81,0.43,1.968,28.0,15.784,20.726,-200.478,22.596,28,0
2024-08-31 18:08:29.252391,4e2c075d-b3b1-4a58-8687-1c330caaa2d8,HIGHCHI-24SEP01-B71.5,107430.748,10,-3.0,76.98,71.9,1,99,0,5.48,0.4,-5.08,0.729,1.0,1.771,25.2,14.205,18.654,-174.376,0.0,1,0
2024-08-31 18:08:29.252981,11f76ab6-65de-4aed-80aa-3c859cbcde3c,HIGHCHI-24SEP01-B77.5,107430.747,36,3.0,77.114,71.9,32,68,0,-0.386,-5.6,-5.214,0.656,0.9,1.594,22.68,32.0,16.788,-229.425,-30.355,-68,1
2024-08-31 18:08:29.258034,b1f433a1-6d2f-45f6-b4d7-eaf897c7ccbf,HIGHCHI-24SEP01-T71,107430.742,10,-5.0,77.068,71.9,1,99,0,7.568,2.4,-5.168,1.0,0.81,1.435,20.412,28.8,15.109,-199.718,0.0,1,0
2024-08-31 18:08:29.258551,43c6ccea-6438-48b5-970d-c1c4d7b7fe7e,HIGHCHI-24SEP01-T78,107430.741,43,5.0,77.784,71.9,39,61,0,-1.716,-7.6,-5.884,0.9,0.729,1.291,18.371,25.92,39.0,-280.727,22.152,39,0
2024-08-31 18:08:29.263024,897b76f7-398c-42a7-8fff-a4c3a00c6bfd,HIGHCHI-24SEP01-B73.5,107430.737,110,-1.0,77.685,71.9,3,97,0,4.185,-1.6,-5.785,0.81,0.656,3.0,16.534,23.328,35.1,-247.6,2.0,3,0
2024-08-31 18:08:38.967170,315b9c24-a1a0-4104-94ec-bf1a22a7c9e3,HIGHCHI-24SEP01-B75.5,107421.033,65,1.0,77.346,71.9,28,72,0,1.846,-3.6,-5.446,0.729,0.59,2.7,28.0,20.995,31.59,-268.433,21.049,28,0
2024-08-31 18:12:33.039083,a80333db-0052-4ac1-9064-cdf5600a3d99,HIGHCHI-24SEP01-B77.5,107186.961,18,3.0,77.369,71.9,32,68,1,-0.131,-5.6,-5.469,0.656,0.531,2.43,25.2,32.0,28.431,-288.937,30.077,68,1
2024-08-31 18:15:58.218841,60adecd8-df9d-4e2c-9834-5d8257d1c17c,HIGHCHI-24SEP01-T78,106981.781,108,5.0,77.431,71.9,28,72,0,-2.069,-7.6,-5.531,0.59,0.478,2.187,22.68,28.8,28.0,-261.923,10.254,28,0
2024-08-31 18:15:58.218841,0e21b82a-b884-4e73-ba97-985815e4d530,HIGHCHI-24SEP01-T78,106981.781,27,5.0,77.48,71.9,27,73,0,-2.02,-7.6,-5.58,0.531,0.43,1.968,20.412,25.92,27.0,-235.557,9.834,27,0
2024-08-31 18:16:09.061507,83ef37dc-0485-4c8f-b376-30e5b2624f01,HIGHCHI-24SEP01-B77.5,106970.938,56,3.0,77.482,71.9,32,68,1,-0.018,-5.6,-5.582,0.478,0.387,1.771,18.371,32.0,24.3,-242.198,28.355,68,1
2024-08-31 18:21:28.147066,d3ccf22d-be9c-49dc-9463-f7505af37da3,HIGHCHI-24SEP01-B73.5,106651.853,59,-1.0,76.799,71.9,16,84,1,3.299,-1.6,-4.899,0.43,0.349,16.0,16.534,28.8,21.87,-254.265,-15.0,-16,0
2024-08-31 18:23:16.331190,9eeb1ce1-874b-4ae2-9ca7-5297e7ab93a3,HIGHCHI-24SEP01-B75.5,106543.669,81,1.0,76.526,71.9,35,65,1,1.026,-3.6,-4.626,0.387,0.314,14.4,35.0,25.92,19.683,-305.135,-27.67,-35,0
2024-08-31 18:44:38.009605,7efa0ee0-6316-40f6-8ba5-fc7ff0ea53e7,HIGHCHI-24SEP01-T78,105261.99,72,5.0,76.815,71.9,27,73,0,-2.685,-7.6,-4.915,0.349,0.282,12.96,31.5,23.328,27.0,-303.615,8.795,27,0
2024-08-31 18:45:20.770053,e7921be3-18ec-44e6-8af6-2368e1d7e2b9,HIGHCHI-24SEP01-T78,105219.23,90,5.0,76.868,71.9,26,74,0,-2.632,-7.6,-4.968,0.314,0.254,11.664,28.35,20.995,26.0,-271.387,7.732,26,0
2024-08-31 19:11:35.616551,99b2dcbf-3889-493c-aa71-aebe91603e29,HIGHCHI-24SEP01-T78,103644.383,14,5.0,76.887,71.9,24,76,0,-2.613,-7.6,-4.987,0.282,0.229,10.498,25.515,18.896,24.0,-238.443,5.714,24,0
2024-08-31 19:21:57.829404,2f9334eb-7d5b-48dc-b789-1ba99cc7a4ed,HIGHCHI-24SEP01-B75.5,103022.171,25,1.0,76.646,71.9,38,62,1,1.146,-3.6,-4.746,0.254,0.206,9.448,38.0,17.006,21.6,-273.331,-29.643,-38,0
2024-08-31 19:22:03.816428,d73f1070-946f-43f9-ba99-40633f213222,HIGHCHI-24SEP01-B77.5,103016.184,24,3.0,76.845,71.9,39,61,1,-0.655,-5.6,-4.945,0.229,0.185,8.503,34.2,39.0,19.44,-338.916,20.849,61,1
2024-08-31 19:22:17.565504,1f090c57-cfe8-4761-b173-ab63d7b20e9f,HIGHCHI-24SEP01-B75.5,103002.434,25,1.0,76.747,71.9,38,62,1,1.247,-3.6,-4.847,0.206,0.167,7.653,38.0,35.1,17.496,-328.144,-28.619,-38,0
2024-08-31 19:22:23.687285,4919b526-6ed0-439c-9ae9-ba188923f063,HIGHCHI-24SEP01-B77.5,102996.313,24,3.0,76.805,71.9,39,61,1,-0.695,-5.6,-4.905,0.185,0.15,6.887,34.2,39.0,15.746,-319.781,20.45,61,1
2024-08-31 19:27:32.714263,d046304b-67a3-421c-86e6-63cf51703da2,HIGHCHI-24SEP01-B77.5,102687.286,18,3.0,76.835,71.9,39,61,1,-0.665,-5.6,-4.935,0.167,0.135,6.199,30.78,39.0,14.172,-296.67,19.063,61,1
2024-08-31 19:27:32.714263,30e29356-6ad6-4f23-a26a-8d48c55fc864,HIGHCHI-24SEP01-B77.5,102687.286,180,3.0,76.88,71.9,41,59,1,-0.62,-5.6,-4.98,0.15,0.122,5.579,27.702,41.0,12.755,-285.79,17.132,59,1
2024-08-31 19:28:22.708896,e4837574-67b9-4a03-8146-9eb1e5040377,HIGHCHI-24SEP01-B77.5,102637.291,90,3.0,76.925,71.9,43,57,1,-0.575,-5.6,-5.025,0.135,0.109,5.021,24.932,43.0,11.479,-277.52,14.522,57,1
2024-08-31 19:28:22.708896,72237c42-ebcd-4b2d-9c6c-ad081d645c99,HIGHCHI-24SEP01-B77.5,102637.291,180,3.0,76.968,71.9,45,55,1,-0.532,-5.6,-5.068,0.122,0.098,4.519,22.439,45.0,10.331,-271.558,12.776,55,1
2024-08-31 19:28:50.285252,94914e6b-fc89-4de8-a740-0506c608a553,HIGHCHI-24SEP01-T78,102609.715,72,5.0,77.478,71.9,28,72,1,-2.022,-7.6,-5.578,0.109,0.089,4.067,20.195,40.5,28.0,-309.147,-9.492,-28,0
2024-08-31 19:29:18.837205,ba550817-3a3b-41b8-ac47-d747221c01bd,HIGHCHI-24SEP01-B77.5,102581.163,54,3.0,77.48,71.9,44,56,1,-0.02,-5.6,-5.58,0.098,0.08,3.66,18.175,44.0,25.2,-304.85,12.897,56,1
2024-08-31 19:29:18.837205,4635113f-9ce2-4139-b5c6-79bfc398f019,HIGHCHI-24SEP01-B77.5,102581.163,176,3.0,77.481,71.9,46,54,1,-0.019,-5.6,-5.581,0.089,0.072,3.294,16.358,46.0,22.68,-296.151,10.974,54,1
2024-08-31 19:29:29.015983,463c1c40-aa6f-480c-aa0b-beec1c9ad739,HIGHCHI-24SEP01-T78,102570.984,18,5.0,77.678,71.9,29,71,0,-1.822,-7.6,-5.778,0.08,0.065,2.965,14.722,41.4,29.0,-294.231,10.403,29,0
2024-08-31 19:29:29.031614,9acb7168-6e6f-427a-af3c-fd10c77299d8,HIGHCHI-24SEP01-T78,102570.968,90,5.0,77.742,71.9,29,71,0,-1.758,-7.6,-5.842,0.072,0.058,2.668,13.25,37.26,29.0,-268.957,10.329,29,0
2024-08-31 19:29:49.709556,d722aa67-6570-414e-bbc2-e0a61487b6a2,HIGHCHI-24SEP01-T78,102550.29,108,5.0,77.808,71.9,29,71,1,-1.692,-7.6,-5.908,0.065,0.052,2.402,11.925,33.534,29.0,-246.771,-9.837,-29,0
2024-08-31 19:30:18.828970,7aa3ac3f-2014-4efb-92f8-cce20f4d099a,HIGHCHI-24SEP01-B77.5,102521.171,72,3.0,77.74,71.9,45,55,1,0.24,-5.6,-5.84,0.052,0.042,1.945,9.659,45.0,23.49,-268.36,11.792,55,1
2024-08-31 19:30:18.828970,84df3379-c12c-405d-9f30-c945917e1461,HIGHCHI-24SEP01-B77.5,102521.171,180,3.0,77.748,71.9,47,53,1,0.248,-5.6,-5.848,0.058,0.047,2.161,10.732,47.0,26.1,-292.921,9.682,53,1
2024-08-31 19:30:36.312569,2d902ceb-f45b-4367-b270-0d2c1713cd4e,HIGHCHI-24SEP01-T78,102503.687,18,5.0,77.892,71.9,28,72,1,-1.608,-7.6,-5.992,0.047,0.038,1.751,8.693,40.5,28.0,-262.716,-8.76,-28,0
2024-08-31 19:31:03.245147,5bc2d771-9a3f-4bd8-9bf9-908d37909e28,HIGHCHI-24SEP01-T78,102476.755,18,5.0,77.974,71.9,29,71,1,-1.526,-7.6,-6.074,0.042,0.034,1.576,7.824,36.45,29.0,-245.285,-9.257,-29,0
2024-08-31 19:31:03.245147,3b78d437-54f2-4639-90c4-26f2fc15095f,HIGHCHI-24SEP01-T78,102476.755,108,5.0,78.037,71.9,29,71,1,-1.463,-7.6,-6.137,0.038,0.031,1.418,7.041,32.805,29.0,-226.167,-9.691,-29,0
2024-08-31 19:31:03.333469,5b745ef4-64ba-4139-a2dc-0bd14f857c79,HIGHCHI-24SEP01-B75.5,102476.667,18,1.0,77.368,71.9,29,71,0,1.868,-3.6,-5.468,0.034,0.028,1.276,29.0,29.525,26.1,-282.831,19.206,29,0
2024-08-31 19:31:03.376944,b44c063f-6ffc-4f2b-a81a-ca9188e32c01,HIGHCHI-24SEP01-B73.5,102476.623,18,-1.0,77.278,71.9,3,97,0,3.778,-1.6,-5.378,0.031,0.025,3.0,26.1,26.572,23.49,-249.533,2.0,3,0
2024-08-31 19:31:03.378117,61d013fe-7a3c-4b85-a952-1fc83dd6988d,HIGHCHI-24SEP01-B77.5,102476.622,18,3.0,77.321,71.9,41,59,0,-0.179,-5.6,-5.421,0.028,0.023,2.7,23.49,41.0,21.141,-293.407,-14.974,-59,1
2024-08-31 19:31:04.163670,7360ce58-d28f-4d40-b3e6-eaa0efbca622,HIGHCHI-24SEP01-T71,102475.836,12,-5.0,77.226,71.9,1,99,1,7.726,2.4,-5.326,1.0,0.02,2.43,21.141,36.9,19.027,-255.778,0.0,-1,0
2024-08-31 19:31:04.266430,161d8651-5e27-45fd-b8c1-2fd02014b430,HIGHCHI-24SEP01-B71.5,102475.734,11,-3.0,77.149,71.9,1,99,1,5.649,0.4,-5.249,0.9,1.0,2.187,19.027,33.21,17.124,-222.638,0.0,-1,0
2024-08-31 19:31:04.372337,cebebaf8-78de-4399-a491-c8f8786031b0,HIGHCHI-24SEP01-B75.5,102475.628,29,1.0,76.898,71.9,29,71,0,1.398,-3.6,-4.998,0.81,0.9,1.968,29.0,29.889,15.412,-242.42,17.795,29,0
2024-08-31 19:31:44.026393,a1858011-2e27-4165-87f0-407beff4d4ed,HIGHCHI-24SEP01-B77.5,102435.974,36,3.0,77.027,71.9,46,54,1,-0.473,-5.6,-5.127,0.729,0.81,1.771,26.1,46.0,13.871,-298.342,9.77,54,1
2024-08-31 19:31:44.152235,f0a36457-c1b3-4b50-a76c-4c4e5597980b,HIGHCHI-24SEP01-B73.5,102435.848,36,-1.0,76.966,71.9,3,97,0,3.466,-1.6,-5.066,0.656,0.729,3.0,23.49,41.4,12.484,-262.594,2.0,3,0
2024-08-31 19:31:44.154128,d7bb44d7-6ffa-4ed5-85e8-081565154ad2,HIGHCHI-24SEP01-T78,102435.846,36,5.0,77.316,71.9,23,77,0,-2.184,-7.6,-5.416,0.59,0.656,2.7,21.141,37.26,23.0,-273.52,2.924,23,0
2024-08-31 19:31:44.161456,c6ccbe05-a399-477a-8deb-c822812a30b4,HIGHCHI-24SEP01-B75.5,102435.839,36,1.0,77.107,71.9,29,71,0,1.607,-3.6,-5.207,0.531,0.59,2.43,29.0,33.534,20.7,-279.676,17.509,29,0
2024-08-31 19:32:06.447166,c73c1710-308f-4325-bbde-c16cadaad6be,HIGHCHI-24SEP01-T78,102413.553,18,5.0,77.387,71.9,29,71,1,-2.113,-7.6,-5.487,0.478,0.531,2.187,26.1,30.181,29.0,-286.642,-8.86,-29,0
2024-08-31 19:32:31.846800,0cae027b-ce9c-4f54-98f0-0f1214212bb5,HIGHCHI-24SEP01-B77.5,102388.153,18,3.0,77.414,71.9,47,53,1,-0.086,-5.6,-5.514,0.387,0.43,1.771,21.141,47.0,23.49,-319.893,8.621,53,1
2024-08-31 19:32:31.846800,aad86433-5369-4d51-a773-7412b81986bc,HIGHCHI-24SEP01-B77.5,102388.153,126,3.0,77.41,71.9,47,53,1,-0.09,-5.6,-5.51,0.43,0.478,1.968,23.49,47.0,26.1,-340.859,8.208,53,1
2024-08-31 19:32:32.010108,e0aa5811-88e9-4ff8-89de-378379fc09fb,HIGHCHI-24SEP01-T78,102387.99,126,5.0,77.435,71.9,22,78,0,-2.065,-7.6,-5.535,0.349,0.387,1.594,19.027,42.3,22.0,-282.467,1.642,22,0
2024-08-31 19:32:32.017460,34c1a223-f700-414f-b54b-02f0343df686,HIGHCHI-24SEP01-B73.5,102387.983,126,-1.0,77.357,71.9,3,97,0,3.857,-1.6,-5.457,0.314,0.349,3.0,17.124,38.07,19.8,-248.875,2.0,3,0
2024-08-31 19:32:32.020132,aa32396f-feec-43f1-bdda-d48752544d0e,HIGHCHI-24SEP01-B75.5,102387.98,126,1.0,77.058,71.9,29,71,0,1.558,-3.6,-5.158,0.282,0.314,2.7,29.0,34.263,17.82,-272.028,17.23,29,0
2024-08-31 19:32:33.372967,386850fc-cff0-40f9-925c-0676312066a7,HIGHCHI-24SEP01-B75.5,102386.627,180,1.0,77.001,71.9,29,71,0,1.501,-3.6,-5.101,0.254,0.282,2.43,29.0,30.837,16.038,-249.339,16.396,29,0
2024-08-31 19:32:33.402439,b3d7349b-6817-4e7a-ab5e-04d21d454fd2,HIGHCHI-24SEP01-B75.5,102386.598,90,1.0,76.942,71.9,29,71,0,1.442,-3.6,-5.042,0.229,0.254,2.187,29.0,27.753,14.434,-229.444,15.74,29,0
2024-08-31 19:32:33.487552,ab477018-7be9-40a1-a858-c533b27c64a8,HIGHCHI-24SEP01-B75.5,102386.512,21,1.0,76.881,71.9,29,71,0,1.381,-3.6,-4.981,0.206,0.229,1.968,29.0,24.978,12.991,-212.011,15.09,29,0
2024-08-31 19:32:33.559559,e5a07e9f-4bb2-49d5-9a29-2102abd9871a,HIGHCHI-24SEP01-T78,102386.44,21,5.0,77.189,71.9,20,80,0,-2.311,-7.6,-5.289,0.185,0.206,1.771,26.1,22.48,20.0,-215.398,-0.378,20,0
2024-08-31 19:32:33.603240,a4afc030-b2a4-4592-8a51-b73f699556d3,HIGHCHI-24SEP01-B73.5,102386.397,21,-1.0,77.109,71.9,3,97,0,3.609,-1.6,-5.209,0.167,0.185,3.0,23.49,20.232,18.0,-189.702,2.0,3,0
2024-08-31 19:32:33.606178,6c980891-be8a-4720-acbd-3cd255d1dd48,HIGHCHI-24SEP01-B77.5,102386.394,21,3.0,77.244,71.9,49,51,0,-0.256,-5.6,-5.344,0.15,0.167,2.7,21.141,49.0,16.2,-302.421,-5.48,-51,1
2024-08-31 19:32:44.073450,70cc4f0f-c9ff-4346-a7a5-64c6ec2b70f6,HIGHCHI-24SEP01-T78,102375.927,18,5.0,77.503,71.9,25,75,1,-1.997,-7.6,-5.603,0.135,0.15,2.43,19.027,44.1,25.0,-305.108,-4.435,-25,0
2024-08-31 19:33:26.657564,a7081569-1b69-43c0-889d-e64fbcf20642,HIGHCHI-24SEP01-B77.5,102333.342,30,3.0,77.502,71.9,53,47,1,0.002,-5.6,-5.602,0.122,0.135,2.187,17.124,53.0,22.5,-330.306,0.803,47,1
2024-08-31 19:34:43.169448,ab107555-b6cb-4fb9-bd72-1ba052a7df3e,HIGHCHI-24SEP01-T78,102256.831,108,5.0,77.628,71.9,26,74,1,-1.872,-7.6,-5.728,0.109,0.122,1.968,15.412,47.7,26.0,-312.056,-5.267,-26,0
2024-08-31 19:34:53.717571,098fb4da-832b-42f7-a10b-2c1273f387dc,HIGHCHI-24SEP01-T78,102246.282,108,5.0,77.707,71.9,27,73,1,-1.793,-7.6,-5.807,0.098,0.109,1.771,13.871,42.93,27.0,-287.405,-6.207,-27,0
2024-08-31 19:38:33.474944,8ef56736-cfb0-4db9-8d54-c6aaef865044,HIGHCHI-24SEP01-T78,102026.525,54,5.0,77.767,71.9,27,73,1,-1.733,-7.6,-5.867,0.089,0.098,1.594,12.484,38.637,27.0,-261.99,-5.938,-27,0
2024-08-31 19:49:54.981807,942f69ab-138a-4676-96dd-89c1fcd39488,HIGHCHI-24SEP01-T78,101345.018,72,5.0,77.852,71.9,28,72,1,-1.648,-7.6,-5.952,0.08,0.089,1.435,11.235,34.773,28.0,-243.987,-6.676,-28,0
2024-08-31 20:28:01.162426,83155acd-35f5-4430-8640-78f14d8ac101,HIGHCHI-24SEP01-B75.5,99058.838,108,1.0,77.341,71.9,29,71,1,1.841,-3.6,-5.441,0.072,0.08,1.291,29.0,31.296,25.2,-286.675,-13.213,-29,0
2024-08-31 20:28:01.162426,1f11119b-5c4d-4e94-a9ec-629cc5e8d42c,HIGHCHI-24SEP01-B75.5,99058.838,180,1.0,77.233,71.9,31,69,1,1.733,-3.6,-5.333,0.065,0.072,1.162,31.0,28.166,22.68,-271.081,-15.526,-31,0
2024-08-31 20:28:29.407762,509f504c-2909-44b1-97f2-36f3ae5b4067,HIGHCHI-24SEP01-B75.5,99030.592,108,1.0,77.143,71.9,32,68,1,1.643,-3.6,-5.243,0.058,0.065,1.046,32.0,25.35,20.412,-254.123,-15.538,-32,0
2024-08-31 20:28:29.407762,0c0ccd29-971d-4d57-adf3-5eaa0c3359ea,HIGHCHI-24SEP01-B75.5,99030.592,54,1.0,77.072,71.9,32,68,1,1.572,-3.6,-5.172,0.052,0.058,0.941,32.0,22.815,18.371,-235.351,-15.981,-32,0
2024-08-31 20:28:29.539719,1f2d9324-edaa-48fd-9afe-c5517cea9907,HIGHCHI-24SEP01-B73.5,99030.46,54,-1.0,76.96,71.9,3,97,0,3.46,-1.6,-5.06,0.047,0.052,3.0,28.8,20.533,16.534,-208.213,2.0,3,0
2024-08-31 20:28:29.540910,db98f852-995b-4971-a496-281225673fc5,HIGHCHI-24SEP01-B77.5,99030.459,54,3.0,77.109,71.9,42,58,0,-0.391,-5.6,-5.209,0.042,0.047,2.7,25.92,42.0,14.88,-283.934,-11.569,-58,1
2024-08-31 20:28:29.547843,1dd8ae34-4164-4efd-9a12-7fb2b394ef01,HIGHCHI-24SEP01-T78,99030.452,54,5.0,77.398,71.9,24,76,0,-2.102,-7.6,-5.498,0.038,0.042,2.43,23.328,37.8,24.0,-288.949,2.096,24,0
2024-08-31 20:48:30.781349,2dbc8995-12bb-46a5-96bf-5e73ca3c6c18,HIGHCHI-24SEP01-T78,97829.219,36,5.0,77.46,71.9,24,76,0,-2.04,-7.6,-5.56,0.034,0.038,2.187,20.995,34.02,24.0,-261.647,1.984,24,0
2024-08-31 20:48:30.796818,a37250f0-bbdd-4f06-8237-4e75cb8d87db,HIGHCHI-24SEP01-T78,97829.203,72,5.0,77.525,71.9,24,76,0,-1.975,-7.6,-5.625,0.031,0.034,1.968,18.896,30.618,24.0,-237.678,1.876,24,0
2024-08-31 20:52:31.916570,b7d34a78-40d6-46e0-8994-45fe56d2e3e8,HIGHCHI-24SEP01-T78,97588.083,7,5.0,77.313,71.9,15,85,0,-2.187,-7.6,-5.413,0.028,0.031,1.771,17.006,27.556,15.0,-180.997,-7.136,15,0
2024-08-31 20:54:11.552029,9d10296f-6226-4e2a-be7e-e7adc0caf3c7,HIGHCHI-24SEP01-T78,97488.448,5,5.0,77.071,71.9,8,92,0,-2.429,-7.6,-5.171,0.025,0.028,1.594,15.306,24.801,8.0,-138.575,-14.488,8,0
2024-08-31 20:54:11.552029,80ffb743-212c-4739-9393-29f19d33511c,HIGHCHI-24SEP01-T78,97488.448,45,5.0,77.06,71.9,7,93,0,-2.44,-7.6,-5.16,0.023,0.025,1.435,13.775,22.321,7.0,-119.408,-15.609,7,0
2024-08-31 20:54:30.347042,006423b9-901e-479f-9173-8d831658f450,HIGHCHI-24SEP01-B77.5,97469.653,22,3.0,77.221,71.9,39,61,1,-0.279,-5.6,-5.321,0.018,0.02,1.162,11.158,39.0,5.67,-179.654,13.937,61,1
2024-08-31 20:54:30.347042,3aa81df1-b349-4d8f-a3dd-d5d562b1f6cf,HIGHCHI-24SEP01-B77.5,97469.653,18,3.0,77.19,71.9,37,63,1,-0.31,-5.6,-5.29,0.02,0.023,1.291,12.397,37.0,6.3,-176.576,15.583,63,1
2024-08-31 20:59:06.023634,a45baa9e-7fb4-4211-877d-6e8a45e0f958,HIGHCHI-24SEP01-B75.5,97193.976,36,1.0,76.49,71.9,48,52,0,0.99,-3.6,-4.59,0.016,0.018,1.046,48.0,35.1,5.103,-318.934,30.588,48,0
2024-08-31 20:59:06.023634,35b522f4-8172-46b4-a8bf-33645045ce7e,HIGHCHI-24SEP01-B75.5,97193.976,180,1.0,76.456,71.9,46,54,0,0.956,-3.6,-4.556,0.015,0.016,0.941,46.0,31.59,4.593,-292.008,28.895,46,0
2024-08-31 20:59:26.202790,266e9d11-ad4c-4d53-ba03-01ce882060f7,HIGHCHI-24SEP01-B75.5,97173.797,72,1.0,76.412,71.9,45,55,0,0.912,-3.6,-4.512,0.013,0.015,0.847,45.0,28.431,4.133,-272.078,27.53,45,0
2024-08-31 20:59:46.607533,1d5d200e-4146-44be-9f3a-bc37513c3e2a,HIGHCHI-24SEP01-B75.5,97153.392,72,1.0,76.369,71.9,44,56,0,0.869,-3.6,-4.469,0.012,0.013,0.763,44.0,25.588,3.72,-254.033,26.288,44,0
2024-08-31 21:00:03.153112,6c5a407e-4d38-431f-a28a-398706cc1a67,HIGHCHI-24SEP01-B75.5,97136.847,90,1.0,76.327,71.9,43,57,0,0.827,-3.6,-4.427,0.011,0.012,0.686,43.0,23.029,3.348,-237.654,24.834,43,0
2024-08-31 21:00:39.238944,dd0012eb-595c-4a27-bf9c-14ed2fd0ef3d,HIGHCHI-24SEP01-B75.5,97100.761,30,1.0,76.286,71.9,42,58,0,0.786,-3.6,-4.386,0.01,0.011,0.618,42.0,20.726,3.013,-222.744,23.537,42,0
2024-08-31 21:02:56.541903,b4cae52e-c538-4065-865d-97509d71a58a,HIGHCHI-24SEP01-T78,96963.458,162,5.0,76.906,71.9,17,83,1,-2.594,-7.6,-5.006,0.009,0.01,0.556,37.8,18.654,17.0,-239.634,5.478,-17,0
2024-08-31 21:05:59.936915,e981067c-c9ef-4de0-bc8e-582d982ca73d,HIGHCHI-24SEP01-B75.5,96780.063,36,1.0,76.846,71.9,37,63,0,1.346,-3.6,-4.946,0.008,0.009,0.5,37.0,16.788,15.3,-222.268,18.39,37,0
2024-08-31 21:05:59.936915,bd68436b-b440-4039-be8c-ae4305b253b9,HIGHCHI-24SEP01-B75.5,96780.063,180,1.0,76.811,71.9,35,65,0,1.311,-3.6,-4.911,0.007,0.008,0.45,35.0,15.109,13.77,-201.143,16.455,35,0
2024-08-31 21:06:25.147269,fdeadd88-b44e-4200-84e5-0f09317f4979,HIGHCHI-24SEP01-B77.5,96754.853,7,3.0,77.048,71.9,44,56,1,-0.452,-5.6,-5.148,0.006,0.007,0.405,31.5,44.0,12.393,-305.941,7.618,56,1
2024-08-31 21:06:25.147269,9d0c07e8-b64d-477e-8b0d-b171b0fbbcd8,HIGHCHI-24SEP01-B77.5,96754.853,180,3.0,77.096,71.9,49,51,1,-0.404,-5.6,-5.196,0.006,0.006,0.365,28.35,49.0,11.154,-311.99,2.729,51,1
2024-08-31 21:06:25.147269,5776f08b-0add-456e-9c8d-da1817f55b36,HIGHCHI-24SEP01-B77.5,96754.853,36,3.0,77.105,71.9,46,54,1,-0.395,-5.6,-5.205,0.005,0.006,0.328,25.515,46.0,10.038,-281.498,5.814,54,1
2024-08-31 21:07:04.917106,404d756a-f3d7-4d05-8456-12e1c30dd48f,HIGHCHI-24SEP01-B77.5,96715.083,180,3.0,77.173,71.9,51,49,1,-0.327,-5.6,-5.273,0.004,0.005,0.266,20.667,51.0,8.131,-279.755,0.509,49,1
2024-08-31 21:07:04.917106,ee5ab03d-c565-4de4-8aea-36e3039543f6,HIGHCHI-24SEP01-B77.5,96715.083,54,3.0,77.142,71.9,49,51,1,-0.358,-5.6,-5.242,0.005,0.005,0.295,22.964,49.0,9.034,-282.138,2.124,51,1
2024-08-31 21:07:43.801884,9db90839-3663-4b92-8e28-c602e419291f,HIGHCHI-24SEP01-T78,96676.198,4,5.0,77.521,71.9,18,82,1,-1.979,-7.6,-5.621,0.003,0.004,0.215,16.74,41.31,18.0,-252.546,4.525,-18,0
2024-08-31 21:07:43.801884,ba4b67d2-a128-4701-9cfb-e96a6faf4d4c,HIGHCHI-24SEP01-T78,96676.198,36,5.0,77.473,71.9,18,82,1,-2.027,-7.6,-5.573,0.004,0.004,0.239,18.6,45.9,18.0,-281.648,4.694,-18,0
2024-08-31 21:07:55.161510,177c915c-faed-4003-b82e-812ce5feef62,HIGHCHI-24SEP01-T78,96664.838,42,5.0,77.599,71.9,19,81,1,-1.901,-7.6,-5.699,0.003,0.003,0.194,15.066,37.179,19.0,-230.886,3.759,-19,0
2024-08-31 21:08:10.638526,95ac9a34-983b-44eb-a389-b969a031e173,HIGHCHI-24SEP01-B77.5,96649.361,24,3.0,77.578,71.9,51,49,1,0.078,-5.6,-5.678,0.003,0.003,0.174,13.56,51.0,17.1,-284.085,0.003,49,1
2024-08-31 21:10:37.368106,45e87327-a752-4a0e-a0fa-90ebd93b0dc6,HIGHCHI-24SEP01-B77.5,96502.632,30,3.0,77.571,71.9,53,47,1,0.071,-5.6,-5.671,0.002,0.003,0.157,12.204,53.0,15.39,-282.706,-2.234,47,1
2024-08-31 21:10:48.127646,fe4d8ed8-dd25-4c77-aeda-8c79a3fbbbc3,HIGHCHI-24SEP01-T78,96491.872,126,5.0,77.675,71.9,18,82,1,-1.825,-7.6,-5.775,0.002,0.002,0.141,10.983,47.7,18.0,-262.399,4.991,-18,0
2024-08-31 21:18:07.338936,371d8104-2948-444a-8e6b-e8057a58e0b7,HIGHCHI-24SEP01-T78,96052.661,108,5.0,77.746,71.9,19,81,1,-1.754,-7.6,-5.846,0.002,0.002,0.127,9.885,42.93,19.0,-239.701,4.375,-19,0
2024-08-31 21:26:23.827446,4a637249-22b1-4970-8692-f5424f94ad8a,HIGHCHI-24SEP01-B77.5,95556.173,47,3.0,77.709,71.9,50,50,0,0.209,-5.6,-5.809,0.002,0.002,0.114,8.897,50.0,17.1,-263.322,-0.171,-50,1
2024-08-31 21:27:22.864667,58ab9b6e-6c3b-448f-96d7-ff74bf02eee4,HIGHCHI-24SEP01-B77.5,95497.135,54,3.0,77.68,71.9,56,44,1,0.18,-5.6,-5.78,0.002,0.002,0.103,8.007,56.0,15.39,-283.892,-6.036,44,1
2024-08-31 21:31:35.640446,7d16707c-cef7-45a9-afe7-a27c96423a99,HIGHCHI-24SEP01-B77.5,95244.36,18,3.0,77.665,71.9,57,43,1,0.165,-5.6,-5.765,0.001,0.002,0.093,7.206,57.0,13.851,-280.851,-8.409,43,1
2024-08-31 21:31:35.640446,18ad6df0-6975-4cce-b62b-3a5cbf491ed6,HIGHCHI-24SEP01-B77.5,95244.36,180,3.0,77.649,71.9,59,41,1,0.149,-5.6,-5.749,0.001,0.001,0.083,6.486,59.0,12.466,-283.926,-9.06,41,1
2024-08-31 21:48:53.039379,1e389fa8-44f0-4859-bad0-1029a33aa9f2,HIGHCHI-24SEP01-T78,94206.961,72,5.0,77.854,71.9,20,80,0,-1.646,-7.6,-5.954,0.001,0.001,0.075,5.837,53.1,20.0,-280.924,-3.381,20,0
2024-08-31 21:49:17.544009,7181e80c-258d-415d-b690-4e6956aeb5b5,HIGHCHI-24SEP01-T78,94182.456,108,5.0,77.877,71.9,19,81,0,-1.623,-7.6,-5.977,0.001,0.001,0.068,5.253,47.79,19.0,-249.257,-4.487,19,0
2024-08-31 21:49:25.677424,90c1d39c-306d-49e5-9be0-3912e7c4339c,HIGHCHI-24SEP01-T78,94174.323,180,5.0,77.875,71.9,17,83,0,-1.625,-7.6,-5.975,0.001,0.001,0.061,4.728,43.011,17.0,-217.109,-6.605,17,0
2024-08-31 21:49:33.231038,775cd76c-e8f5-4d9c-86e7-da0d826104e3,HIGHCHI-24SEP01-T78,94166.769,108,5.0,77.947,71.9,18,82,0,-1.553,-7.6,-6.047,0.001,0.001,0.055,4.255,38.71,18.0,-199.544,-5.654,18,0
2024-08-31 21:49:43.099326,08297409-198e-4454-8230-80720a2b6fa0,HIGHCHI-24SEP01-B75.5,94156.901,180,1.0,77.191,71.9,23,77,1,1.691,-3.6,-5.291,0.001,0.001,0.04,23.0,28.22,13.122,-200.012,-4.35,-23,0
2024-08-31 21:49:43.099326,df406400-8503-42f8-b3b5-02c3b9df02b0,HIGHCHI-24SEP01-B75.5,94156.901,108,1.0,77.364,71.9,21,79,1,1.864,-3.6,-5.464,0.001,0.001,0.049,21.0,34.839,16.2,-232.596,-2.146,-21,0
2024-08-31 21:49:43.099326,54d17aab-fae0-4be1-a64c-bd14b5235feb,HIGHCHI-24SEP01-B75.5,94156.901,180,1.0,77.204,71.9,25,75,1,1.704,-3.6,-5.304,0.001,0.001,0.044,25.0,31.355,14.58,-227.422,-6.248,-25,0
2024-08-31 21:49:57.853012,d95e3ac3-d863-48fd-82b2-3da790a70993,HIGHCHI-24SEP01-B75.5,94142.147,54,1.0,77.074,71.9,25,75,1,1.574,-3.6,-5.174,0.001,0.001,0.036,25.0,25.398,11.81,-191.653,-5.874,-25,0
2024-08-31 21:50:02.862547,56c43405-9865-48ab-9375-0285c4de4657,HIGHCHI-24SEP01-B75.5,94137.137,180,1.0,76.957,71.9,27,73,1,1.457,-3.6,-5.057,0.001,0.001,0.032,27.0,22.858,10.629,-185.519,-7.756,-27,0
2024-08-31 21:50:20.987707,e4baa460-c72a-4b24-aa9b-71990f2db2d2,HIGHCHI-24SEP01-B75.5,94119.012,60,1.0,76.841,71.9,29,71,1,1.341,-3.6,-4.941,0.0,0.001,0.029,29.0,20.572,9.566,-181.352,-9.563,-29,0
2024-08-31 21:51:00.176768,8503ed4e-3dfa-42ee-ad26-6475404b7ddf,HIGHCHI-24SEP01-B77.5,94079.823,30,3.0,77.126,71.9,59,41,1,-0.374,-5.6,-5.226,0.0,0.0,0.026,26.1,59.0,8.609,-344.144,-10.501,41,1
2024-08-31 21:52:31.693875,e8ac138a-99d3-4db0-bec6-aed625f563a0,HIGHCHI-24SEP01-B75.5,93988.306,30,1.0,77.026,71.9,29,71,1,1.526,-3.6,-5.126,0.0,0.0,0.024,29.0,53.1,7.748,-324.344,-9.394,-29,0
2024-08-31 21:56:31.457243,46d3fd22-6479-4afc-9062-49ed4cd7be08,HIGHCHI-24SEP01-B75.5,93748.543,70,1.0,76.973,71.9,29,71,0,1.473,-3.6,-5.073,0.0,0.0,0.021,29.0,47.79,6.974,-295.903,9.107,29,0
2024-09-01 08:04:52.797633,a802ae21-4c4b-4939-88df-95a17646d479,HIGHCHI-24SEP01-B75.5,57247.202,72,1.0,76.866,71.9,32,68,1,1.366,-3.6,-4.966,0.0,0.0,0.019,32.0,43.011,6.276,-284.135,-11.712,-32,0
2024-09-01 08:04:52.797633,5d227630-27d7-47ae-b3a9-8937cbc076eb,HIGHCHI-24SEP01-B75.5,57247.202,2,1.0,76.776,71.9,34,66,1,1.276,-3.6,-4.876,0.0,0.0,0.017,34.0,38.71,5.649,-271.129,-13.84,-34,0
2024-09-01 08:05:51.351270,80c96782-1aa1-41ca-847c-99ed304e5d54,HIGHCHI-24SEP01-B77.5,57188.649,18,3.0,76.96,71.9,59,41,1,-0.54,-5.6,-5.06,0.0,0.0,0.015,30.6,59.0,5.084,-353.455,-10.514,41,1
2024-09-01 08:06:20.008717,32cd8907-d40f-46c2-a118-1e11af64f33a,HIGHCHI-24SEP01-B77.5,57159.991,2,3.0,77.001,71.9,60,40,1,-0.499,-5.6,-5.101,0.0,0.0,0.014,27.54,60.0,4.575,-343.868,-11.523,40,1
2024-09-01 08:23:44.231410,adc7b59a-c15d-4d7d-bb71-6fc4cbf637f8,HIGHCHI-24SEP01-B77.5,56115.769,150,3.0,77.007,71.9,55,45,0,-0.493,-5.6,-5.107,0.0,0.0,0.013,24.786,55.0,4.118,-305.743,6.644,-45,1
2024-09-01 09:02:46.478105,39db421c-362c-4b21-a5f1-e421914449f6,HIGHCHI-24SEP01-B77.5,53773.522,46,3.0,77.141,71.9,63,37,1,-0.359,-5.6,-5.241,0.0,0.0,0.009,18.069,63.0,3.002,-316.567,-14.784,37,1
2024-09-01 09:02:46.478105,3c6dee22-5b47-4b3a-97e2-7c1afd5abed6,HIGHCHI-24SEP01-B77.5,53773.522,180,3.0,77.108,71.9,62,38,1,-0.392,-5.6,-5.208,0.0,0.0,0.01,20.077,62.0,3.335,-320.072,-13.821,38,1
2024-09-01 09:02:46.478105,87f106eb-07e7-4fc4-b966-f91f1d67b649,HIGHCHI-24SEP01-B77.5,53773.522,90,3.0,77.067,71.9,60,40,1,-0.433,-5.6,-5.167,0.0,0.0,0.011,22.307,60.0,3.706,-319.724,-12.275,40,1
2024-09-01 09:07:40.709534,a5f8dbee-7631-4912-8ab6-1c1d5853e75e,HIGHCHI-24SEP01-B75.5,53479.29,28,1.0,76.844,71.9,33,67,1,1.344,-3.6,-4.944,0.0,0.0,0.008,33.0,56.7,2.702,-346.97,-12.57,-33,0
2024-09-01 09:12:15.457633,41e9a509-1628-49a7-b02d-54c31428d737,HIGHCHI-24SEP01-B77.5,53204.542,3,3.0,76.926,71.9,63,37,1,-0.574,-5.6,-5.026,0.0,0.0,0.007,29.7,63.0,2.432,-363.857,-15.604,37,1
2024-09-01 09:20:46.914528,61ce5f03-aade-4d22-975e-f0f1f1a3abe8,HIGHCHI-24SEP01-T78,52693.085,29,5.0,77.142,71.9,10,90,0,-2.358,-7.6,-5.242,0.0,0.0,0.007,26.73,56.7,10.0,-339.761,-14.06,10,0
2024-09-01 09:20:46.914528,5c9e83ec-e031-4c22-ab05-9828fe2df4c9,HIGHCHI-24SEP01-T78,52693.085,4,5.0,77.196,71.9,11,89,0,-2.304,-7.6,-5.296,0.0,0.0,0.006,24.057,51.03,11.0,-303.527,-12.887,11,0
2024-09-01 09:57:59.525688,6d5eb519-219a-471a-96a9-4c79388b8b86,HIGHCHI-24SEP01-T78,50460.474,100,5.0,77.339,71.9,15,85,0,-2.161,-7.6,-5.439,0.0,0.0,0.005,21.651,45.927,15.0,-282.935,-9.648,15,0
2024-09-01 09:57:59.525688,6753574f-0645-4f9b-ad42-7d1eefe0a332,HIGHCHI-24SEP01-T78,50460.474,150,5.0,77.294,71.9,12,88,0,-2.206,-7.6,-5.394,0.0,0.0,0.005,19.486,41.334,12.0,-241.493,-12.492,12,0
2024-09-01 10:01:40.909872,2410c9b0-ae2c-4999-9d8f-ea2b646bc259,HIGHCHI-24SEP01-B77.5,50239.09,7,3.0,77.352,71.9,63,37,1,-0.148,-5.6,-5.452,0.0,0.0,0.004,17.538,63.0,10.8,-336.925,-15.655,37,1
2024-09-01 10:02:31.676641,b9adcbd3-8480-4eac-8050-664d554f215c,HIGHCHI-24SEP01-T78,50188.323,100,5.0,77.36,71.9,10,90,0,-2.14,-7.6,-5.46,0.0,0.0,0.004,15.784,56.7,10.0,-295.492,-14.684,10,0
2024-09-01 10:06:38.014303,c31edeb5-6b16-4fe9-979c-a9e912d70b6e,HIGHCHI-24SEP01-B73.5,49941.986,50,-1.0,77.308,71.9,1,99,0,3.808,-1.6,-5.408,0.0,0.0,1.0,14.205,51.03,9.0,-258.141,0.0,1,0
2024-09-01 11:06:45.608527,64ef45ca-5003-4db3-9bca-a2cb9bc04890,HIGHCHI-24SEP01-B75.5,46334.391,79,1.0,77.51,71.9,6,94,0,2.01,-3.6,-5.61,0.0,0.0,0.9,6.0,45.927,8.1,-203.364,-14.551,6,0
2024-09-01 11:06:45.608527,54743fee-2a1d-4444-b5ed-b756a3c04670,HIGHCHI-24SEP01-B75.5,46334.391,20,1.0,77.488,71.9,6,94,0,1.988,-3.6,-5.588,0.0,0.0,0.81,6.0,41.334,7.29,-178.894,-14.46,6,0
2024-09-01 11:06:45.714051,91bb5422-4971-453d-ac22-14f388423d0b,HIGHCHI-24SEP01-B75.5,46334.286,99,1.0,77.464,71.9,6,94,0,1.964,-3.6,-5.564,0.0,0.0,0.729,6.0,37.201,6.561,-157.392,-14.593,6,0
2024-09-01 11:06:45.813170,f79f73eb-8c92-44bd-aca8-31d4417cd428,HIGHCHI-24SEP01-B75.5,46334.187,99,1.0,77.439,71.9,6,94,0,1.939,-3.6,-5.539,0.0,0.0,0.656,6.0,33.481,5.905,-138.509,-14.79,6,0
2024-09-01 11:06:45.865068,3acdf8b4-b884-4016-aa81-180d5db509e3,HIGHCHI-24SEP01-B75.5,46334.135,99,1.0,77.411,71.9,6,94,0,1.911,-3.6,-5.511,0.0,0.0,0.59,6.0,30.133,5.314,-121.936,-14.815,6,0
2024-09-01 11:06:45.971494,48743a92-1a9f-4f92-b98f-88303c02e495,HIGHCHI-24SEP01-B75.5,46334.029,99,1.0,77.381,71.9,6,94,0,1.881,-3.6,-5.481,0.0,0.0,0.531,6.0,27.119,4.783,-107.401,-14.88,6,0
2024-09-01 11:06:46.024192,ee6c4c28-032e-4fa1-abfd-41c6b640d974,HIGHCHI-24SEP01-B75.5,46333.976,25,1.0,77.349,71.9,6,94,0,1.849,-3.6,-5.449,0.0,0.0,0.478,6.0,24.407,4.305,-94.66,-15.25,6,0
2024-09-01 11:06:46.024192,e5aa2344-559a-482e-bdd2-599dba361cdc,HIGHCHI-24SEP01-B75.5,46333.976,50,1.0,77.648,71.9,1,99,0,2.148,-3.6,-5.748,0.0,0.0,0.43,1.0,21.967,3.874,-72.751,-20.015,1,0
2024-09-01 11:07:00.391674,a12fbf13-97a0-4f6e-bf46-d827dc20bb5f,HIGHCHI-24SEP01-B77.5,46319.608,4,3.0,77.553,71.9,63,37,1,0.053,-5.6,-5.653,0.0,0.0,0.387,0.9,63.0,3.487,-264.91,-15.652,37,1
2024-09-01 11:14:38.186080,f67de6fa-8f71-4fb3-8bb8-19cb3a400b3f,HIGHCHI-24SEP01-B75.5,45861.814,79,1.0,77.547,71.9,1,99,1,2.047,-3.6,-5.647,0.0,0.0,0.349,1.0,56.7,3.138,-232.163,20.572,-1,0
2024-09-01 11:14:38.186080,40fff07f-0112-4cb6-913e-f8a91e80e567,HIGHCHI-24SEP01-B75.5,45861.814,21,1.0,77.543,71.9,1,99,1,2.043,-3.6,-5.643,0.0,0.0,0.314,1.0,51.03,2.824,-203.239,20.413,-1,0
2024-09-01 11:15:00.649958,9be6644f-1d90-47b1-87e9-9a2c7815588e,HIGHCHI-24SEP01-B73.5,45839.35,50,-1.0,77.486,71.9,1,99,1,3.986,-1.6,-5.586,0.0,0.0,1.0,0.9,45.927,2.542,-178.041,0.122,-1,0
2024-09-01 11:15:00.649958,634aa094-6e01-4cc8-966d-8ebf9572fb15,HIGHCHI-24SEP01-B73.5,45839.35,50,-1.0,77.477,71.9,1,99,1,3.977,-1.6,-5.577,0.0,0.0,1.0,0.81,41.334,2.288,-155.556,0.09,-1,0
2024-09-01 11:51:42.805841,ab704300-f2de-4f34-9f44-139983d19ac7,HIGHCHI-24SEP01-B75.5,43637.194,16,1.0,77.464,71.9,1,99,1,1.964,-3.6,-5.564,0.0,0.0,0.9,1.0,37.201,2.059,-135.922,20.986,-1,0
2024-09-01 11:51:42.805841,96a59ebb-5890-40c7-8144-266858b1c75b,HIGHCHI-24SEP01-B75.5,43637.194,95,1.0,77.459,71.9,1,99,1,1.959,-3.6,-5.559,0.0,0.0,0.81,1.0,33.481,1.853,-118.522,20.932,-1,0
2024-09-01 11:51:42.805841,68e58c50-3038-4755-981c-5803443e0fb1,HIGHCHI-24SEP01-B75.5,43637.194,95,1.0,77.453,71.9,1,99,1,1.953,-3.6,-5.553,0.0,0.0,0.729,1.0,30.133,1.668,-103.243,20.905,-1,0
2024-09-01 11:51:42.805841,3e88a478-19c5-411e-8714-fa3889851453,HIGHCHI-24SEP01-B75.5,43637.194,95,1.0,77.446,71.9,1,99,1,1.946,-3.6,-5.546,0.0,0.0,0.656,1.0,27.119,1.501,-89.834,20.679,-1,0
2024-09-01 14:52:02.434196,2cde602a-cb95-4bf0-ba0c-3179d881c76d,HIGHCHI-24SEP01-B75.5,32817.566,55,1.0,77.431,71.9,1,99,1,1.931,-3.6,-5.531,0.0,0.0,0.531,1.0,21.967,1.216,-67.768,20.987,-1,0
2024-09-01 14:52:02.434196,eb77f48c-c629-464c-953f-597e86e1f9d3,HIGHCHI-24SEP01-B75.5,32817.566,45,1.0,77.439,71.9,1,99,1,1.939,-3.6,-5.539,0.0,0.0,0.59,1.0,24.407,1.351,-78.074,20.995,-1,0
2024-09-01 16:00:41.325644,87160410-cd18-4e6b-9178-782845bbe703,HIGHCHI-24SEP01-B75.5,28698.674,1000,1.0,77.423,71.9,1,99,1,1.923,-3.6,-5.523,0.0,0.0,0.478,1.0,19.77,1.094,-58.743,21.009,-1,0
2024-09-01 16:00:47.165659,a80b1842-b88d-4671-ba8b-a7714916f6c3,HIGHCHI-24SEP01-B77.5,28692.834,3,3.0,77.484,71.9,97,3,1,-0.016,-5.6,-5.584,0.0,0.0,0.43,0.9,97.0,0.985,-443.274,-49.643,3,1
2024-09-01 16:01:02.437095,fdc158bf-6cb8-4348-b121-b8019d3de820,HIGHCHI-24SEP01-B73.5,28677.563,150,-1.0,77.457,71.9,1,99,1,3.957,-1.6,-5.557,0.0,0.0,1.0,0.81,87.3,0.886,-389.896,1.848,-1,0
2024-09-01 16:01:02.437095,f8bd19f0-1275-4ee0-b570-c384e8da6476,HIGHCHI-24SEP01-B73.5,28677.563,100,-1.0,77.452,71.9,1,99,1,3.952,-1.6,-5.552,0.0,0.0,1.0,0.729,78.57,0.798,-342.468,1.733,-1,0
2024-09-01 16:01:02.437095,bfe1b1a1-2a38-4146-ae65-05be0c3bf03e,HIGHCHI-24SEP01-B73.5,28677.563,100,-1.0,77.447,71.9,1,99,1,3.947,-1.6,-5.547,0.0,0.0,1.0,0.656,70.713,0.718,-300.626,1.566,-1,0
2024-09-01 16:01:02.437095,9f306436-46b7-4e47-a489-e357b80ba439,HIGHCHI-24SEP01-B73.5,28677.563,100,-1.0,77.441,71.9,1,99,1,3.941,-1.6,-5.541,0.0,0.0,1.0,0.59,63.642,0.646,-263.728,1.084,-1,0
2024-09-01 16:01:02.437095,9887b024-9c6a-48ce-bc4f-5d38ac8cb4e8,HIGHCHI-24SEP01-B73.5,28677.563,100,-1.0,77.434,71.9,1,99,1,3.934,-1.6,-5.534,0.0,0.0,1.0,0.531,57.278,0.581,-231.203,1.05,-1,0
2024-09-01 16:01:02.437095,877770f8-50e6-4c11-9d00-f8ece36e3580,HIGHCHI-24SEP01-B73.5,28677.563,50,-1.0,77.427,71.9,1,99,1,3.927,-1.6,-5.527,0.0,0.0,1.0,0.478,51.55,0.523,-202.546,1.026,-1,0
2024-09-01 16:01:02.437095,4069d3bd-b4df-40a8-97c9-b16d3d2d36ad,HIGHCHI-24SEP01-B73.5,28677.563,100,-1.0,77.419,71.9,1,99,1,3.919,-1.6,-5.519,0.0,0.0,1.0,0.43,46.395,0.471,-177.308,0.953,-1,0
2024-09-01 16:01:02.437095,30be4e02-dee5-48fb-9ef1-6ec12890ed4b,HIGHCHI-24SEP01-B73.5,28677.563,100,-1.0,77.41,71.9,1,99,1,3.91,-1.6,-5.51,0.0,0.0,1.0,0.387,41.755,0.424,-155.092,0.363,-1,0
2024-09-01 16:01:02.437095,1f11d94e-9c6e-4c1a-a648-67767b3e68fb,HIGHCHI-24SEP01-B73.5,28677.563,100,-1.0,77.4,71.9,1,99,1,3.9,-1.6,-5.5,0.0,0.0,1.0,0.349,37.58,0.382,-135.547,0.342,-1,0
2024-09-01 16:01:02.437095,0f1e49d0-35b8-4468-a33e-4c7311b14541,HIGHCHI-24SEP01-B73.5,28677.563,100,-1.0,77.389,71.9,1,99,1,3.889,-1.6,-5.489,0.0,0.0,1.0,0.314,33.822,0.343,-118.359,0.298,-1,0
2024-09-01 17:59:55.537987,e6c14b24-d586-44f2-b56e-e8d7b18fb104,HIGHCHI-24SEP01-B77.5,21544.462,20,3.0,77.464,71.9,98,2,1,-0.036,-5.6,-5.564,0.0,0.0,0.9,0.282,98.0,0.309,-448.512,-50.54,2,1
2024-09-01 17:59:55.537987,e2aa73e2-3595-4d63-9f5f-4479b13c1545,HIGHCHI-24SEP01-B77.5,21544.462,22,3.0,77.468,71.9,97,3,1,-0.032,-5.6,-5.568,0.0,0.0,0.81,0.254,97.0,0.278,-442.872,-49.536,3,1
2024-09-01 19:48:20.037988,bfb65377-cfe2-4258-929a-c0db5c7edf8c,HIGHCHI-24SEP01-B77.5,15039.962,50,3.0,77.471,71.9,99,1,1,-0.029,-5.6,-5.571,0.0,0.0,0.729,0.229,99.0,0.25,-454.002,-51.554,1,1
2024-09-01 20:59:11.340480,9359a189-6ee8-4d8f-b8c4-71857fe9efb3,HIGHCHI-24SEP01-T78,10788.66,50,5.0,77.489,71.9,1,99,0,-2.011,-7.6,-5.589,0.0,0.0,0.656,0.206,89.1,1.0,-399.436,-23.708,1,0
