time,trade_id,ticker,time_to_strike,day_forecast_strike_dev,current_forecast_strike_dev,day_current_forecast_dev,kalshi_strike_dev,polymk_strike_dev,kalshi_polymk_dev,kalshi_day_forecast_dev,polymk_day_forecast_dev,day_forecast_percipitation,day_forecast_rain,hour_forecast_rain,yes_price,no_price,taker_side,count,shift,impact,result,outcome,count_agg_2,yes_price_vol_2,count_vol_2,taker_side_sentiment_2,yes_price_sentiment_2,count_sentiment_2,yes_price_trend_2,count_agg_5,yes_price_vol_5,count_vol_5,taker_side_sentiment_5,yes_price_sentiment_5,count_sentiment_5,yes_price_trend_5,count_agg_15,yes_price_vol_15,count_vol_15,taker_side_sentiment_15,yes_price_sentiment_15,count_sentiment_15,yes_price_trend_15,count_agg_60,yes_price_vol_60,count_vol_60,taker_side_sentiment_60,yes_price_sentiment_60,count_sentiment_60,yes_price_trend_60,count_agg_120,yes_price_vol_120,count_vol_120,taker_side_sentiment_120,yes_price_sentiment_120,count_sentiment_120,yes_price_trend_120
2025-04-04 23:59:23.350222,22bad9da-db88-4bae-af86-465e5a0b2ded,KXHIGHNY-25APR05-B59.5,86376.65,-1.4,-0.4,-1.0,0.0,-9.842,9.842,-1.4,8.442,54.0,1.5,0.0,63,37,1,7,3.0,12.902,37,1,7,0.0,0.0,1.0,63.0,7.0,0,7,0.0,0.0,1.0,63.0,7.0,0,7,0.0,0.0,1.0,63.0,7.0,0,7,0.0,0.0,1.0,63.0,7.0,0,7,0.0,0.0,1.0,63.0,7.0,0
2025-04-04 23:59:50.326359,c7804572-9959-4402-aae7-5f49c17f2423,KXHIGHNY-25APR05-B59.5,86349.674,-1.4,-0.4,-1.0,0.0,-9.842,9.842,-1.4,8.442,54.0,1.5,0.0,63,37,1,14,3.0,12.573,37,1,22,0.577,6.506,1.0,62.667,7.333,1,22,0.577,6.506,1.0,62.667,7.333,1,22,0.577,6.506,1.0,62.667,7.333,1,22,0.577,6.506,1.0,62.667,7.333,1,22,0.577,6.506,1.0,62.667,7.333,1
2025-04-04 23:59:50.326359,b757e220-80dd-49d3-85da-1386a5555718,KXHIGHNY-25APR05-B59.5,86349.674,-1.4,-0.4,-1.0,0.0,-9.842,9.842,-1.4,8.442,54.0,1.5,0.0,62,38,1,1,3.0,13.741,38,1,22,0.577,6.506,1.0,62.667,7.333,1,22,0.577,6.506,1.0,62.667,7.333,1,22,0.577,6.506,1.0,62.667,7.333,1,22,0.577,6.506,1.0,62.667,7.333,1,22,0.577,6.506,1.0,62.667,7.333,1
2025-04-05 00:00:41.786460,cffe0836-32f8-4a3a-a3e2-5d6b17338409,KXHIGHNY-25APR05-T60,86298.214,-3.4,-3.4,0.0,-1.632,-11.846,10.215,-1.768,8.446,54.0,1.5,0.0,14,86,1,133,5.0,-5.4,-14,0,216,0.577,61.175,1.0,14.667,64.667,-1,216,0.577,61.175,1.0,14.667,64.667,-1,216,0.577,61.175,1.0,14.667,64.667,-1,216,0.577,61.175,1.0,14.667,64.667,-1,216,0.577,61.175,1.0,14.667,64.667,-1
2025-04-05 00:00:41.786460,80cb8f81-f375-49ae-b26d-1d3ef0e545b4,KXHIGHNY-25APR05-T60,86298.214,-3.4,-3.4,0.0,-1.61,-11.846,10.236,-1.79,8.446,54.0,1.5,0.0,15,85,1,46,5.0,-6.412,-15,0,216,0.577,61.175,1.0,14.667,64.667,-1,216,0.577,61.175,1.0,14.667,64.667,-1,216,0.577,61.175,1.0,14.667,64.667,-1,216,0.577,61.175,1.0,14.667,64.667,-1,216,0.577,61.175,1.0,14.667,64.667,-1
2025-04-05 00:00:41.786460,5bdd89cb-bc51-4332-8fde-6b61320562c1,KXHIGHNY-25APR05-T60,86298.214,-3.4,-3.4,0.0,-1.61,-11.846,10.236,-1.79,8.446,54.0,1.5,0.0,15,85,1,15,5.0,-6.422,-15,0,216,0.577,61.175,1.0,14.667,64.667,-1,216,0.577,61.175,1.0,14.667,64.667,-1,216,0.577,61.175,1.0,14.667,64.667,-1,216,0.577,61.175,1.0,14.667,64.667,-1,216,0.577,61.175,1.0,14.667,64.667,-1
2025-04-05 00:00:47.665241,88627887-c7d6-4034-900e-427f39ee9682,KXHIGHNY-25APR05-B57.5,86292.335,0.6,0.6,0.0,1.804,-7.846,9.65,-1.204,8.446,54.0,1.5,0.0,25,75,0,50,1.0,7.89,25,0,266,0.0,0.0,0.0,25.0,50.0,0,266,0.0,0.0,0.0,25.0,50.0,0,266,0.0,0.0,0.0,25.0,50.0,0,266,0.0,0.0,0.0,25.0,50.0,0,266,0.0,0.0,0.0,25.0,50.0,0
2025-04-05 00:01:15.665869,22909dc4-33e9-4551-914d-e8e53fbc39fe,KXHIGHNY-25APR05-B57.5,86264.334,0.6,0.6,0.0,1.822,-7.846,9.668,-1.222,8.446,54.0,1.5,0.0,24,76,0,5,1.0,6.669,24,0,305,2.082,22.811,0.0,23.333,29.667,4,305,2.082,22.811,0.0,23.333,29.667,4,305,2.082,22.811,0.0,23.333,29.667,4,305,2.082,22.811,0.0,23.333,29.667,4,305,2.082,22.811,0.0,23.333,29.667,4
2025-04-05 00:01:15.665869,14430018-149a-4d76-8993-ec67ac230a9c,KXHIGHNY-25APR05-B57.5,86264.334,0.6,0.6,0.0,1.878,-7.846,9.724,-1.278,8.446,54.0,1.5,0.0,21,79,0,34,1.0,3.849,21,0,305,2.082,22.811,0.0,23.333,29.667,4,305,2.082,22.811,0.0,23.333,29.667,4,305,2.082,22.811,0.0,23.333,29.667,4,305,2.082,22.811,0.0,23.333,29.667,4,305,2.082,22.811,0.0,23.333,29.667,4
2025-04-05 00:01:28.210106,7066dcb6-ae80-4256-b7a6-a7f972a6a976,KXHIGHNY-25APR05-B57.5,86251.79,0.6,0.6,0.0,1.878,-7.846,9.724,-1.278,8.446,54.0,1.5,0.0,21,79,0,46,1.0,3.045,21,0,344,2.062,20.337,0.0,22.75,33.75,4,351,2.062,20.337,0.0,22.75,33.75,4,351,2.062,20.337,0.0,22.75,33.75,4,351,2.062,20.337,0.0,22.75,33.75,4,351,2.062,20.337,0.0,22.75,33.75,4
2025-04-05 00:03:28.737861,1687f93e-b17e-4f7f-82c0-09858282c4f5,KXHIGHNY-25APR05-B59.5,86131.262,-1.4,-1.4,0.0,-0.118,-9.846,9.729,-1.282,8.446,54.0,1.5,0.0,66,34,1,43,3.0,9.542,34,1,104,0.577,11.93,1.0,65.333,34.667,1,455,1.549,17.263,1.0,64.0,21.0,-2,455,1.549,17.263,1.0,64.0,21.0,-2,455,1.549,17.263,1.0,64.0,21.0,-2,455,1.549,17.263,1.0,64.0,21.0,-2
2025-04-05 00:03:28.737861,6f6a9d53-7c21-4176-b637-2aaeef813f9e,KXHIGHNY-25APR05-B59.5,86131.262,-1.4,-1.4,0.0,-0.119,-9.846,9.728,-1.281,8.446,54.0,1.5,0.0,65,35,1,21,3.0,10.381,35,1,104,0.577,11.93,1.0,65.333,34.667,1,455,1.549,17.263,1.0,64.0,21.0,-2,455,1.549,17.263,1.0,64.0,21.0,-2,455,1.549,17.263,1.0,64.0,21.0,-2,455,1.549,17.263,1.0,64.0,21.0,-2
2025-04-05 00:03:28.737861,ddc187b3-f3fb-4ff7-8922-ec4f55215290,KXHIGHNY-25APR05-B59.5,86131.262,-1.4,-1.4,0.0,-0.119,-9.846,9.728,-1.281,8.446,54.0,1.5,0.0,65,35,1,40,3.0,10.378,35,1,104,0.577,11.93,1.0,65.333,34.667,1,455,1.549,17.263,1.0,64.0,21.0,-2,455,1.549,17.263,1.0,64.0,21.0,-2,455,1.549,17.263,1.0,64.0,21.0,-2,455,1.549,17.263,1.0,64.0,21.0,-2
2025-04-05 00:04:29.500642,2aa9becf-d7a4-4eef-b8bc-d7f2bd9a844d,KXHIGHNY-25APR05-B59.5,86070.499,-1.4,-1.4,0.0,-0.114,-9.846,9.732,-1.286,8.446,54.0,1.5,0.0,69,31,1,24,3.0,6.371,31,1,128,1.893,11.106,1.0,66.25,32.0,-3,472,2.449,15.842,1.0,65.0,23.833,-6,479,2.36,15.799,1.0,64.714,21.429,-6,479,2.36,15.799,1.0,64.714,21.429,-6,479,2.36,15.799,1.0,64.714,21.429,-6
2025-04-05 00:04:39.916552,8cbebf2c-b113-4382-ab0a-8c7916d55924,KXHIGHNY-25APR05-B57.5,86060.083,0.6,0.6,0.0,1.904,-7.846,9.75,-1.304,8.446,54.0,1.5,0.0,20,80,0,50,1.0,2.031,20,0,178,0.0,0.0,0.0,20.0,50.0,0,522,2.168,19.053,0.0,22.2,37.0,5,529,2.168,19.053,0.0,22.2,37.0,5,529,2.168,19.053,0.0,22.2,37.0,5,529,2.168,19.053,0.0,22.2,37.0,5
2025-04-05 00:06:04.058770,f6892f89-8c81-41d3-ac0a-528c63d6017e,KXHIGHNY-25APR05-B59.5,85975.941,-1.4,-1.4,0.0,-0.094,-9.846,9.752,-1.306,8.446,54.0,1.5,0.0,71,29,1,13,3.0,4.34,29,1,87,1.414,7.778,1.0,70.0,18.5,-2,276,2.683,12.834,1.0,67.2,28.2,-5,542,3.117,14.928,1.0,65.5,20.375,-8,542,3.117,14.928,1.0,65.5,20.375,-8,542,3.117,14.928,1.0,65.5,20.375,-8
2025-04-05 00:06:10.868328,e32c9990-9271-49a4-8326-008485332624,KXHIGHNY-25APR05-B57.5,85969.132,0.6,0.6,0.0,1.906,-7.846,9.752,-1.306,8.446,54.0,1.5,0.0,20,80,0,250,1.0,1.775,20,0,337,0.0,141.421,0.0,20.0,150.0,0,526,1.643,98.301,0.0,21.2,77.0,4,792,2.137,88.611,0.0,21.833,72.5,5,792,2.137,88.611,0.0,21.833,72.5,5,792,2.137,88.611,0.0,21.833,72.5,5
2025-04-05 00:06:16.582789,a3308bbf-af23-4245-899a-4541f5d2416a,KXHIGHNY-25APR05-B57.5,85963.417,0.6,0.6,0.0,1.942,-7.846,9.789,-1.342,8.446,54.0,1.5,0.0,18,82,0,50,1.0,-0.334,18,0,387,1.155,115.47,0.0,19.333,116.667,2,537,1.258,100.684,0.0,19.75,99.0,3,842,2.43,81.336,0.0,21.286,69.286,7,842,2.43,81.336,0.0,21.286,69.286,7,842,2.43,81.336,0.0,21.286,69.286,7
2025-04-05 00:08:06.567901,2b8c620e-4765-433c-a739-21a9581cb765,KXHIGHNY-25APR05-B59.5,85853.432,-1.4,-1.4,0.0,-0.057,-9.846,9.79,-1.343,8.446,54.0,1.5,0.0,73,27,1,13,3.0,2.275,27,1,313,0.0,0.0,1.0,73.0,13.0,0,504,3.371,13.049,1.0,68.167,25.667,-7,855,3.841,14.178,1.0,66.333,19.556,-10,855,3.841,14.178,1.0,66.333,19.556,-10,855,3.841,14.178,1.0,66.333,19.556,-10
2025-04-05 00:08:22.158729,e1986216-a4dc-4f3a-92e3-949bb0a1a58d,KXHIGHNY-25APR05-B59.5,85837.841,-1.4,-1.4,0.0,-0.057,-9.846,9.79,-1.343,8.446,54.0,1.5,0.0,73,27,1,16,3.0,2.193,27,1,39,0.577,3.0,1.0,73.333,13.0,-1,530,3.78,12.593,1.0,69.5,22.5,-8,881,4.501,13.025,1.0,67.636,18.364,-11,881,4.501,13.025,1.0,67.636,18.364,-11,881,4.501,13.025,1.0,67.636,18.364,-11
2025-04-05 00:08:22.158729,356029a7-de97-4bf5-a2c3-0ebc73c7a981,KXHIGHNY-25APR05-B59.5,85837.841,-1.4,-1.4,0.0,-0.056,-9.846,9.79,-1.344,8.446,54.0,1.5,0.0,74,26,1,10,3.0,1.235,26,1,39,0.577,3.0,1.0,73.333,13.0,-1,530,3.78,12.593,1.0,69.5,22.5,-8,881,4.501,13.025,1.0,67.636,18.364,-11,881,4.501,13.025,1.0,67.636,18.364,-11,881,4.501,13.025,1.0,67.636,18.364,-11
2025-04-05 00:09:09.337459,cf0344d4-6721-4519-9f5f-a21e4c2fc11b,KXHIGHNY-25APR05-B59.5,85790.663,-1.4,-1.4,0.0,-0.056,-9.846,9.791,-1.344,8.446,54.0,1.5,0.0,75,25,1,10,3.0,-0.151,25,1,65,1.0,3.0,1.0,74.0,13.0,-2,452,2.193,4.826,1.0,72.857,14.571,-6,907,4.952,12.122,1.0,68.769,17.538,-12,907,4.952,12.122,1.0,68.769,17.538,-12,907,4.952,12.122,1.0,68.769,17.538,-12
2025-04-05 00:09:09.337459,005eba43-61a5-4cfa-b72e-d45a4680b2ff,KXHIGHNY-25APR05-B59.5,85790.663,-1.4,-1.4,0.0,-0.056,-9.846,9.791,-1.344,8.446,54.0,1.5,0.0,75,25,1,16,3.0,-0.098,25,1,65,1.0,3.0,1.0,74.0,13.0,-2,452,2.193,4.826,1.0,72.857,14.571,-6,907,4.952,12.122,1.0,68.769,17.538,-12,907,4.952,12.122,1.0,68.769,17.538,-12,907,4.952,12.122,1.0,68.769,17.538,-12
2025-04-05 00:09:20.912548,732a1aa7-4b3b-4f33-98ea-029008d55255,KXHIGHNY-25APR05-B55.5,85779.087,2.6,2.6,0.0,3.838,-5.846,9.684,-1.238,8.446,54.0,1.5,0.0,3,97,0,49,-1.0,-8.874,3,0,114,0.0,0.0,0.0,3.0,49.0,0,501,0.0,0.0,0.0,3.0,49.0,0,956,0.0,0.0,0.0,3.0,49.0,0,956,0.0,0.0,0.0,3.0,49.0,0,956,0.0,0.0,0.0,3.0,49.0,0
2025-04-05 00:09:24.280495,6ecedaea-8089-4a76-80f7-48cbede212b9,KXHIGHNY-25APR05-B59.5,85775.72,-1.4,-1.4,0.0,-0.162,-9.846,9.684,-1.238,8.446,54.0,1.5,0.0,75,25,1,6,3.0,-0.236,25,1,120,0.983,3.92,1.0,74.167,11.833,-2,507,2.167,5.398,1.0,73.125,13.5,-6,962,5.041,12.048,1.0,69.214,16.714,-12,962,5.041,12.048,1.0,69.214,16.714,-12,962,5.041,12.048,1.0,69.214,16.714,-12
2025-04-05 00:09:36.086687,506cbf02-24f1-4446-96c4-cc6ceeb58892,KXHIGHNY-25APR05-B57.5,85763.913,0.6,0.6,0.0,1.872,-7.846,9.718,-1.272,8.446,54.0,1.5,0.0,16,84,0,100,1.0,-2.373,16,0,220,0.0,0.0,0.0,16.0,100.0,0,583,1.915,94.648,0.0,18.5,112.5,4,1062,2.925,76.082,0.0,20.625,73.125,9,1062,2.925,76.082,0.0,20.625,73.125,9,1062,2.925,76.082,0.0,20.625,73.125,9
2025-04-05 00:09:49.918171,70f3c673-aa07-49dd-9c7d-27c4092f5c96,KXHIGHNY-25APR05-T60,85750.082,-3.4,-3.4,0.0,-2.21,-11.846,9.637,-1.19,8.446,54.0,1.5,0.0,11,89,1,25,5.0,-2.25,-11,0,245,0.0,0.0,1.0,11.0,25.0,0,558,0.0,0.0,1.0,11.0,25.0,0,1087,1.893,53.742,1.0,13.75,54.75,3,1087,1.893,53.742,1.0,13.75,54.75,3,1087,1.893,53.742,1.0,13.75,54.75,3
2025-04-05 00:10:11.346266,cd5e68e3-becc-4228-9147-0efc3ac999e4,KXHIGHNY-25APR05-B59.5,85728.654,-1.4,-1.4,0.0,-0.206,-9.849,9.644,-1.194,8.449,54.0,1.5,0.0,77,23,1,36,3.0,-3.411,23,1,352,1.414,15.006,1.0,75.333,19.778,-4,678,1.902,13.699,1.0,74.727,18.545,-6,1207,5.415,14.163,1.0,70.833,19.667,-14,1207,5.415,14.163,1.0,70.833,19.667,-14,1207,5.415,14.163,1.0,70.833,19.667,-14
2025-04-05 00:10:11.346266,9e9c67df-ba99-4e26-92ff-2280a1a57117,KXHIGHNY-25APR05-B59.5,85728.654,-1.4,-1.4,0.0,-0.206,-9.849,9.644,-1.194,8.449,54.0,1.5,0.0,77,23,1,29,3.0,-3.407,23,1,352,1.414,15.006,1.0,75.333,19.778,-4,678,1.902,13.699,1.0,74.727,18.545,-6,1207,5.415,14.163,1.0,70.833,19.667,-14,1207,5.415,14.163,1.0,70.833,19.667,-14,1207,5.415,14.163,1.0,70.833,19.667,-14
2025-04-05 00:10:11.346266,70ea8b8c-0c1d-4787-8b59-9bd7dd3c611c,KXHIGHNY-25APR05-B59.5,85728.654,-1.4,-1.4,0.0,-0.21,-9.849,9.64,-1.19,8.449,54.0,1.5,0.0,75,25,1,6,3.0,-0.475,25,1,352,1.414,15.006,1.0,75.333,19.778,-4,678,1.902,13.699,1.0,74.727,18.545,-6,1207,5.415,14.163,1.0,70.833,19.667,-14,1207,5.415,14.163,1.0,70.833,19.667,-14,1207,5.415,14.163,1.0,70.833,19.667,-14
2025-04-05 00:10:11.346266,2c8ba280-920a-41f4-891f-127e4d289693,KXHIGHNY-25APR05-B59.5,85728.654,-1.4,-1.4,0.0,-0.206,-9.849,9.644,-1.194,8.449,54.0,1.5,0.0,77,23,1,49,3.0,-2.331,23,1,352,1.414,15.006,1.0,75.333,19.778,-4,678,1.902,13.699,1.0,74.727,18.545,-6,1207,5.415,14.163,1.0,70.833,19.667,-14,1207,5.415,14.163,1.0,70.833,19.667,-14,1207,5.415,14.163,1.0,70.833,19.667,-14
2025-04-05 00:11:01.573203,dac8500d-ebfe-4292-93f0-f6bdbe613c56,KXHIGHNY-25APR05-B57.5,85678.427,0.6,0.6,0.0,1.794,-7.849,9.644,-1.194,8.449,54.0,1.5,0.0,16,84,0,50,1.0,-2.416,16,0,376,0.0,35.355,0.0,16.0,75.0,0,728,1.915,94.648,0.0,17.5,112.5,4,1257,3.14,71.584,0.0,20.111,70.556,9,1257,3.14,71.584,0.0,20.111,70.556,9,1257,3.14,71.584,0.0,20.111,70.556,9
2025-04-05 00:14:30.614296,f91ece44-a7a3-4141-9d8e-2910649400db,KXHIGHNY-25APR05-T60,85469.386,-3.4,-3.4,0.0,-2.165,-11.849,9.684,-1.235,8.449,54.0,1.5,0.0,13,87,1,10,5.0,-4.164,-13,0,107,1.414,61.518,1.0,14.0,53.5,-2,402,2.0,46.508,1.0,13.0,44.0,-4,1357,1.602,49.903,1.0,13.833,54.333,-1,1364,1.602,49.903,1.0,13.833,54.333,-1,1364,1.602,49.903,1.0,13.833,54.333,-1
2025-04-05 00:14:30.614296,e810b05d-e07d-456c-8f32-ba8676667f4b,KXHIGHNY-25APR05-T60,85469.386,-3.4,-3.4,0.0,-2.126,-11.849,9.723,-1.274,8.449,54.0,1.5,0.0,15,85,1,97,5.0,-6.196,-15,0,107,1.414,61.518,1.0,14.0,53.5,-2,402,2.0,46.508,1.0,13.0,44.0,-4,1357,1.602,49.903,1.0,13.833,54.333,-1,1364,1.602,49.903,1.0,13.833,54.333,-1,1364,1.602,49.903,1.0,13.833,54.333,-1
2025-04-05 00:14:42.098385,aabafce5-3e7c-4f77-ac69-d317a46da853,KXHIGHNY-25APR05-T60,85457.902,-3.4,-3.4,0.0,-2.126,-11.849,9.723,-1.274,8.449,54.0,1.5,0.0,15,85,1,2,5.0,-6.146,-15,0,109,1.155,52.691,1.0,14.333,36.333,-2,304,1.915,43.394,1.0,13.5,33.5,-4,1359,1.528,49.664,1.0,14.0,46.857,-1,1366,1.528,49.664,1.0,14.0,46.857,-1,1366,1.528,49.664,1.0,14.0,46.857,-1
2025-04-05 00:15:45.710096,f81491d5-5495-4878-973a-161219f36b26,KXHIGHNY-25APR05-B57.5,85394.29,0.6,0.6,0.0,1.908,-7.849,9.757,-1.308,8.449,54.0,1.5,0.0,14,86,0,50,1.0,-4.552,14,0,159,0.0,0.0,0.0,14.0,50.0,0,209,1.414,0.0,0.0,15.0,50.0,2,1200,3.536,67.802,0.0,19.5,68.5,11,1416,3.536,67.802,0.0,19.5,68.5,11,1416,3.536,67.802,0.0,19.5,68.5,11
2025-04-05 00:16:23.099520,e1a26914-c658-43d5-971a-ebd55b3eec7e,KXHIGHNY-25APR05-B57.5,85356.9,0.6,0.6,0.0,1.944,-7.849,9.793,-1.344,8.449,54.0,1.5,0.0,12,88,0,100,1.0,-6.581,12,0,259,1.414,35.355,0.0,13.0,75.0,2,259,1.414,35.355,0.0,13.0,75.0,2,1211,3.182,69.759,0.0,17.125,87.0,9,1516,4.045,65.02,0.0,18.818,71.364,13,1516,4.045,65.02,0.0,18.818,71.364,13
2025-04-05 00:17:13.556949,662b378b-ed33-4b2d-973b-3b59e1c556cd,KXHIGHNY-25APR05-T60,85306.443,-3.4,-3.4,0.0,-2.245,-11.849,9.604,-1.155,8.449,54.0,1.5,0.0,6,94,0,5,5.0,-2.859,6,0,160,0.0,0.0,0.0,6.0,5.0,0,269,4.637,41.021,0.6,11.0,23.8,7,1175,4.147,36.693,0.667,11.0,24.0,5,1526,3.768,46.803,0.778,12.222,37.556,8,1526,3.768,46.803,0.778,12.222,37.556,8
2025-04-05 00:17:13.556949,9884a1b5-f57a-4790-a0a4-461e4b38e850,KXHIGHNY-25APR05-T60,85306.443,-3.4,-3.4,0.0,-2.245,-11.849,9.604,-1.155,8.449,54.0,1.5,0.0,6,94,0,5,5.0,-2.895,6,0,160,0.0,0.0,0.0,6.0,5.0,0,269,4.637,41.021,0.6,11.0,23.8,7,1175,4.147,36.693,0.667,11.0,24.0,5,1526,3.768,46.803,0.778,12.222,37.556,8,1526,3.768,46.803,0.778,12.222,37.556,8
2025-04-05 00:19:45.634649,f9f7764b-5dc4-4d94-808f-75b84db2b0ef,KXHIGHNY-25APR05-B59.5,85154.365,-1.4,-1.4,0.0,-0.261,-9.849,9.588,-1.139,8.449,54.0,1.5,0.0,71,29,0,34,3.0,-1.702,-29,1,34,0.0,0.0,0.0,71.0,34.0,0,194,0.0,0.0,0.0,71.0,34.0,0,1031,2.109,13.803,0.917,74.417,19.833,0,1560,5.263,14.151,0.947,70.842,20.421,-8,1560,5.263,14.151,0.947,70.842,20.421,-8
2025-04-05 00:21:50.696872,f44f071f-ccf4-4cc7-a945-188276953158,KXHIGHNY-25APR05-T60,85029.303,-3.4,-3.4,0.0,-2.261,-11.814,9.554,-1.139,8.414,54.0,1.5,0.0,6,94,0,31,5.0,-2.896,6,0,31,0.0,0.0,0.0,6.0,31.0,0,75,0.0,15.011,0.0,6.0,13.667,0,749,4.231,33.601,0.571,10.286,25.0,5,1591,4.061,44.175,0.7,11.6,36.9,8,1591,4.061,44.175,0.7,11.6,36.9,8
2025-04-05 00:24:59.932996,477712db-08bd-4ee7-93ab-1ed3a0f90192,KXHIGHNY-25APR05-B59.5,84840.067,-1.4,-1.4,0.0,-0.253,-9.814,9.562,-1.147,8.414,54.0,1.5,0.0,74,26,0,5,3.0,1.362,-26,1,5,0.0,0.0,0.0,74.0,5.0,0,36,0.0,0.0,0.0,74.0,5.0,0,509,2.401,17.558,0.667,75.167,26.5,3,1596,5.171,14.199,0.9,71.0,19.65,-11,1596,5.171,14.199,0.9,71.0,19.65,-11
2025-04-05 00:26:12.733095,e746dae3-7cae-4060-a090-fe5981ce41bc,KXHIGHNY-25APR05-T60,84767.267,-3.4,-3.4,0.0,-2.162,-11.814,9.653,-1.238,8.414,54.0,1.5,0.0,10,90,1,5,5.0,-1.034,-10,0,55,0.707,28.284,1.0,10.5,25.0,-1,86,2.646,20.298,0.667,9.0,27.0,-5,389,3.919,32.894,0.625,10.25,25.0,2,1646,3.704,41.119,0.75,11.417,34.917,3,1646,3.704,41.119,0.75,11.417,34.917,3
2025-04-05 00:26:12.733095,1065bec8-2917-4f91-a1f9-50600bc8f1b0,KXHIGHNY-25APR05-T60,84767.267,-3.4,-3.4,0.0,-2.14,-11.814,9.674,-1.26,8.414,54.0,1.5,0.0,11,89,1,45,5.0,-2.088,-11,0,55,0.707,28.284,1.0,10.5,25.0,-1,86,2.646,20.298,0.667,9.0,27.0,-5,389,3.919,32.894,0.625,10.25,25.0,2,1646,3.704,41.119,0.75,11.417,34.917,3,1646,3.704,41.119,0.75,11.417,34.917,3
2025-04-05 00:28:22.255013,4f017e1d-74b8-4e8b-9761-a78d246257c5,KXHIGHNY-25APR05-B57.5,84637.745,0.6,0.6,0.0,1.879,-7.814,9.693,-1.279,8.414,54.0,1.5,0.0,11,89,1,75,1.0,7.604,-11,0,75,0.0,0.0,1.0,11.0,75.0,0,130,0.0,0.0,1.0,11.0,75.0,0,464,1.528,25.0,0.333,12.333,75.0,3,1721,4.469,62.003,0.083,18.167,71.667,14,1721,4.469,62.003,0.083,18.167,71.667,14
2025-04-05 00:29:57.658547,d00c050c-0933-4a03-a664-fec93b543b42,KXHIGHNY-25APR05-B59.5,84542.341,-1.4,-1.4,0.0,-0.12,-9.814,9.694,-1.28,8.414,54.0,1.5,0.0,75,25,0,16,3.0,2.937,-25,1,235,4.082,41.207,0.0,72.0,40.0,7,290,3.647,38.968,0.0,72.4,33.0,6,515,3.312,34.856,0.0,72.167,33.167,3,1881,4.94,21.167,0.75,71.167,23.042,-5,1881,4.94,21.167,0.75,71.167,23.042,-5
2025-04-05 00:29:57.658547,6156c5a8-1d65-40bc-99bd-85fd02f37fc6,KXHIGHNY-25APR05-B59.5,84542.341,-1.4,-1.4,0.0,-0.128,-9.814,9.687,-1.272,8.414,54.0,1.5,0.0,69,31,0,14,3.0,-3.361,-31,1,235,4.082,41.207,0.0,72.0,40.0,7,290,3.647,38.968,0.0,72.4,33.0,6,515,3.312,34.856,0.0,72.167,33.167,3,1881,4.94,21.167,0.75,71.167,23.042,-5,1881,4.94,21.167,0.75,71.167,23.042,-5
2025-04-05 00:29:57.658547,5fdaa31e-147f-43ac-98fb-01fd03473883,KXHIGHNY-25APR05-B59.5,84542.341,-1.4,-1.4,0.0,-0.119,-9.814,9.696,-1.281,8.414,54.0,1.5,0.0,76,24,0,29,3.0,3.54,-24,1,235,4.082,41.207,0.0,72.0,40.0,7,290,3.647,38.968,0.0,72.4,33.0,6,515,3.312,34.856,0.0,72.167,33.167,3,1881,4.94,21.167,0.75,71.167,23.042,-5,1881,4.94,21.167,0.75,71.167,23.042,-5
2025-04-05 00:29:57.658547,08f74294-02c7-4a79-8919-0ab6d333438d,KXHIGHNY-25APR05-B59.5,84542.341,-1.4,-1.4,0.0,-0.129,-9.814,9.685,-1.271,8.414,54.0,1.5,0.0,68,32,0,101,3.0,-4.579,-32,1,235,4.082,41.207,0.0,72.0,40.0,7,290,3.647,38.968,0.0,72.4,33.0,6,515,3.312,34.856,0.0,72.167,33.167,3,1881,4.94,21.167,0.75,71.167,23.042,-5,1881,4.94,21.167,0.75,71.167,23.042,-5
2025-04-05 00:30:18.458059,89585d2f-eff7-4102-a139-cb97798c1dc5,KXHIGHNY-25APR05-B57.5,84521.542,0.6,0.6,0.0,1.758,-7.813,9.571,-1.158,8.413,54.0,1.5,0.0,17,83,1,18,1.0,1.622,-17,0,341,3.775,42.146,1.0,14.25,45.25,0,391,3.775,42.146,1.0,14.25,45.25,0,621,3.061,39.392,0.667,13.833,55.167,3,1987,4.372,59.525,0.267,17.6,64.4,14,1987,4.372,59.525,0.267,17.6,64.4,14
2025-04-05 00:30:18.458059,e79236f5-709e-49a3-93ff-89c27b87ddf6,KXHIGHNY-25APR05-B57.5,84521.542,0.6,0.6,0.0,1.74,-7.813,9.553,-1.14,8.413,54.0,1.5,0.0,18,82,1,87,1.0,0.739,-18,0,341,3.775,42.146,1.0,14.25,45.25,0,391,3.775,42.146,1.0,14.25,45.25,0,621,3.061,39.392,0.667,13.833,55.167,3,1987,4.372,59.525,0.267,17.6,64.4,14,1987,4.372,59.525,0.267,17.6,64.4,14
2025-04-05 00:30:18.458059,bda2a3a2-8cb6-4473-abb7-88934210f572,KXHIGHNY-25APR05-B57.5,84521.542,0.6,0.6,0.0,1.871,-7.813,9.684,-1.271,8.413,54.0,1.5,0.0,11,89,1,1,1.0,7.68,-11,0,341,3.775,42.146,1.0,14.25,45.25,0,391,3.775,42.146,1.0,14.25,45.25,0,621,3.061,39.392,0.667,13.833,55.167,3,1987,4.372,59.525,0.267,17.6,64.4,14,1987,4.372,59.525,0.267,17.6,64.4,14
2025-04-05 00:31:18.492535,c3b9fc7b-bdde-45ce-b8af-e8b1773ecfe9,KXHIGHNY-25APR05-B57.5,84461.507,0.6,0.6,0.0,1.758,-7.813,9.571,-1.158,8.413,54.0,1.5,0.0,17,83,1,5,1.0,1.922,-17,0,286,2.95,35.245,1.0,16.2,25.2,-1,361,3.386,37.511,1.0,15.333,33.5,-7,591,3.338,42.477,0.857,14.857,43.0,-6,2007,4.094,58.565,0.353,17.588,58.0,7,2007,4.094,58.565,0.353,17.588,58.0,7
2025-04-05 00:31:18.492535,15c9c9f7-d089-464d-be1f-f125511abe2b,KXHIGHNY-25APR05-B57.5,84461.507,0.6,0.6,0.0,1.74,-7.813,9.553,-1.14,8.413,54.0,1.5,0.0,18,82,1,15,1.0,0.864,-18,0,286,2.95,35.245,1.0,16.2,25.2,-1,361,3.386,37.511,1.0,15.333,33.5,-7,591,3.338,42.477,0.857,14.857,43.0,-6,2007,4.094,58.565,0.353,17.588,58.0,7,2007,4.094,58.565,0.353,17.588,58.0,7
2025-04-05 00:31:31.540724,5e72ab47-75fb-4dd0-b922-8a67160e881b,KXHIGHNY-25APR05-B57.5,84448.459,0.6,0.6,0.0,1.891,-7.813,9.705,-1.291,8.413,54.0,1.5,0.0,10,90,0,29,1.0,-8.944,10,0,315,3.656,31.562,0.833,15.167,25.833,7,390,3.69,34.285,0.857,14.571,32.857,1,520,3.69,34.285,0.857,14.571,32.857,1,2036,4.356,57.226,0.333,17.167,56.389,15,2036,4.356,57.226,0.333,17.167,56.389,15
2025-04-05 00:31:55.315637,a78e633a-0f1e-47b4-a8e7-3dfcfe7cc17c,KXHIGHNY-25APR05-B59.5,84424.684,-1.4,-1.4,0.0,-0.106,-9.813,9.707,-1.294,8.413,54.0,1.5,0.0,70,30,0,1,3.0,-1.525,-30,1,802,3.105,151.234,0.0,70.75,80.875,7,877,3.105,151.234,0.0,70.75,80.875,7,1007,2.923,136.035,0.0,71.1,68.6,3,2523,4.618,82.855,0.643,70.929,37.143,-5,2523,4.618,82.855,0.643,70.929,37.143,-5
2025-04-05 00:31:55.315637,128b4a2f-5053-4edb-9c0b-bd68b13bef18,KXHIGHNY-25APR05-B59.5,84424.684,-1.4,-1.4,0.0,-0.108,-9.813,9.706,-1.292,8.413,54.0,1.5,0.0,69,31,0,6,3.0,-2.575,-31,1,802,3.105,151.234,0.0,70.75,80.875,7,877,3.105,151.234,0.0,70.75,80.875,7,1007,2.923,136.035,0.0,71.1,68.6,3,2523,4.618,82.855,0.643,70.929,37.143,-5,2523,4.618,82.855,0.643,70.929,37.143,-5
2025-04-05 00:31:55.315637,0e96ad80-5aa9-4163-a259-d27d679bc2f4,KXHIGHNY-25APR05-B59.5,84424.684,-1.4,-1.4,0.0,-0.105,-9.813,9.708,-1.295,8.413,54.0,1.5,0.0,71,29,0,33,3.0,-0.689,-29,1,802,3.105,151.234,0.0,70.75,80.875,7,877,3.105,151.234,0.0,70.75,80.875,7,1007,2.923,136.035,0.0,71.1,68.6,3,2523,4.618,82.855,0.643,70.929,37.143,-5,2523,4.618,82.855,0.643,70.929,37.143,-5
2025-04-05 00:31:55.315637,0185d834-eb62-432b-956e-c4fb11c9bc81,KXHIGHNY-25APR05-B59.5,84424.684,-1.4,-1.4,0.0,-0.109,-9.813,9.705,-1.291,8.413,54.0,1.5,0.0,68,32,0,447,3.0,-4.034,-32,1,802,3.105,151.234,0.0,70.75,80.875,7,877,3.105,151.234,0.0,70.75,80.875,7,1007,2.923,136.035,0.0,71.1,68.6,3,2523,4.618,82.855,0.643,70.929,37.143,-5,2523,4.618,82.855,0.643,70.929,37.143,-5
2025-04-05 00:33:52.463734,71f0e8ab-bfc2-4683-a556-2581d8a78c6b,KXHIGHNY-25APR05-B59.5,84307.536,-1.4,-1.4,0.0,-0.097,-9.813,9.716,-1.303,8.413,54.0,1.5,0.0,79,21,1,22,3.0,-7.879,21,1,529,5.007,176.17,0.333,72.667,88.167,-9,844,4.427,135.745,0.2,72.4,68.9,-4,1039,4.055,124.436,0.167,72.417,60.667,-8,2565,4.904,80.052,0.667,71.467,36.067,-16,2565,4.904,80.052,0.667,71.467,36.067,-16
2025-04-05 00:33:52.463734,3c57e05e-b52f-4bbf-b227-76592c3ea48c,KXHIGHNY-25APR05-B59.5,84307.536,-1.4,-1.4,0.0,-0.097,-9.813,9.716,-1.303,8.413,54.0,1.5,0.0,79,21,1,20,3.0,-7.609,21,1,529,5.007,176.17,0.333,72.667,88.167,-9,844,4.427,135.745,0.2,72.4,68.9,-4,1039,4.055,124.436,0.167,72.417,60.667,-8,2565,4.904,80.052,0.667,71.467,36.067,-16,2565,4.904,80.052,0.667,71.467,36.067,-16
2025-04-05 00:35:37.489182,68619a3d-8393-4b08-b79d-91ca92b3a0fc,KXHIGHNY-25APR05-B57.5,84202.511,0.6,0.6,0.0,1.922,-7.813,9.735,-1.322,8.413,54.0,1.5,0.0,9,91,0,28,1.0,-9.956,9,0,78,0.0,14.142,0.0,9.0,18.0,0,614,4.506,11.113,0.4,12.6,17.0,8,1041,4.031,30.814,0.667,13.333,29.556,2,2601,4.826,55.5,0.3,16.35,52.55,16,2601,4.826,55.5,0.3,16.35,52.55,16
2025-04-05 00:35:37.489182,c9744089-949c-4b75-b828-f0893457900e,KXHIGHNY-25APR05-B57.5,84202.511,0.6,0.6,0.0,1.922,-7.813,9.735,-1.322,8.413,54.0,1.5,0.0,9,91,0,8,1.0,-9.987,9,0,78,0.0,14.142,0.0,9.0,18.0,0,614,4.506,11.113,0.4,12.6,17.0,8,1041,4.031,30.814,0.667,13.333,29.556,2,2601,4.826,55.5,0.3,16.35,52.55,16,2601,4.826,55.5,0.3,16.35,52.55,16
2025-04-05 00:38:16.908844,6d0f796b-0a23-4541-969a-f0548a32f24e,KXHIGHNY-25APR05-B59.5,84043.091,-1.4,-1.4,0.0,-0.085,-9.813,9.728,-1.315,8.413,54.0,1.5,0.0,71,29,0,5,3.0,0.562,-29,1,48,0.577,18.193,0.0,70.667,16.0,1,126,4.583,13.172,0.4,74.0,18.0,9,1058,3.8,116.17,0.143,72.143,53.0,4,2649,4.677,76.567,0.606,71.394,34.242,-7,2649,4.677,76.567,0.606,71.394,34.242,-7
2025-04-05 00:38:16.908844,5c88066d-2415-40f3-94bd-8cd23d57889d,KXHIGHNY-25APR05-B59.5,84043.091,-1.4,-1.4,0.0,-0.085,-9.813,9.728,-1.315,8.413,54.0,1.5,0.0,71,29,0,37,3.0,0.512,-29,1,48,0.577,18.193,0.0,70.667,16.0,1,126,4.583,13.172,0.4,74.0,18.0,9,1058,3.8,116.17,0.143,72.143,53.0,4,2649,4.677,76.567,0.606,71.394,34.242,-7,2649,4.677,76.567,0.606,71.394,34.242,-7
2025-04-05 00:38:16.908844,00c65e7b-d8e6-4893-9a0d-713d0dadeae5,KXHIGHNY-25APR05-B59.5,84043.091,-1.4,-1.4,0.0,-0.086,-9.813,9.727,-1.314,8.413,54.0,1.5,0.0,70,30,0,6,3.0,-0.855,-30,1,48,0.577,18.193,0.0,70.667,16.0,1,126,4.583,13.172,0.4,74.0,18.0,9,1058,3.8,116.17,0.143,72.143,53.0,4,2649,4.677,76.567,0.606,71.394,34.242,-7,2649,4.677,76.567,0.606,71.394,34.242,-7
2025-04-05 00:39:23.001006,2eccaba7-3b40-4e83-8b76-37474a5d6f16,KXHIGHNY-25APR05-B59.5,83976.999,-1.4,-1.4,0.0,-0.077,-9.813,9.736,-1.323,8.413,54.0,1.5,0.0,81,19,1,24,3.0,-10.574,19,1,72,5.188,15.384,0.25,73.25,18.0,-10,108,5.188,15.384,0.25,73.25,18.0,-10,1082,4.317,112.195,0.2,72.733,51.067,-7,2673,4.891,75.419,0.618,71.676,33.941,-18,2673,4.891,75.419,0.618,71.676,33.941,-18
2025-04-05 00:39:43.358959,c88306db-ebbe-404d-bb2c-656cabc36ea5,KXHIGHNY-25APR05-B59.5,83956.641,-1.4,-1.4,0.0,-0.075,-9.813,9.738,-1.325,8.413,54.0,1.5,0.0,83,17,1,5,3.0,-13.124,17,1,106,6.653,14.137,0.5,76.667,17.667,-13,142,6.653,14.137,0.5,76.667,17.667,-13,1116,5.397,105.642,0.294,74.0,47.059,-10,2707,5.488,73.394,0.639,72.333,33.0,-21,2707,5.488,73.394,0.639,72.333,33.0,-21
2025-04-05 00:39:43.358959,ac867032-1c42-40e8-b79c-6479652266ef,KXHIGHNY-25APR05-B59.5,83956.641,-1.4,-1.4,0.0,-0.075,-9.813,9.738,-1.325,8.413,54.0,1.5,0.0,84,16,1,29,3.0,-13.672,16,1,106,6.653,14.137,0.5,76.667,17.667,-13,142,6.653,14.137,0.5,76.667,17.667,-13,1116,5.397,105.642,0.294,74.0,47.059,-10,2707,5.488,73.394,0.639,72.333,33.0,-21,2707,5.488,73.394,0.639,72.333,33.0,-21
2025-04-05 00:44:47.817199,f582f71d-1fb8-431d-be4c-9b7716f5dea9,KXHIGHNY-25APR05-B59.5,83652.183,-1.4,-1.4,0.0,-0.076,-9.812,9.735,-1.324,8.412,54.0,1.5,0.0,82,18,1,24,3.0,-12.477,18,1,48,1.732,7.211,1.0,84.0,16.0,-3,48,1.732,7.211,1.0,84.0,16.0,-3,1034,6.345,99.904,0.421,75.579,44.368,-10,2755,6.149,70.606,0.667,73.231,31.692,-22,2755,6.149,70.606,0.667,73.231,31.692,-22
2025-04-05 00:44:47.817199,dcfc0d72-08c1-48c8-8e21-d9248bddfec9,KXHIGHNY-25APR05-B59.5,83652.183,-1.4,-1.4,0.0,-0.074,-9.812,9.738,-1.326,8.412,54.0,1.5,0.0,85,15,1,14,3.0,-15.175,15,1,48,1.732,7.211,1.0,84.0,16.0,-3,48,1.732,7.211,1.0,84.0,16.0,-3,1034,6.345,99.904,0.421,75.579,44.368,-10,2755,6.149,70.606,0.667,73.231,31.692,-22,2755,6.149,70.606,0.667,73.231,31.692,-22
2025-04-05 00:44:47.817199,61a05beb-db6f-4187-8dfc-fe759e978929,KXHIGHNY-25APR05-B59.5,83652.183,-1.4,-1.4,0.0,-0.074,-9.812,9.738,-1.326,8.412,54.0,1.5,0.0,85,15,1,10,3.0,-15.132,15,1,48,1.732,7.211,1.0,84.0,16.0,-3,48,1.732,7.211,1.0,84.0,16.0,-3,1034,6.345,99.904,0.421,75.579,44.368,-10,2755,6.149,70.606,0.667,73.231,31.692,-22,2755,6.149,70.606,0.667,73.231,31.692,-22
2025-04-05 00:46:09.113514,6045caca-ce92-40e6-bdf8-e4e7106295d0,KXHIGHNY-25APR05-B57.5,83570.886,0.6,0.6,0.0,1.926,-7.812,9.738,-1.326,8.412,54.0,1.5,0.0,9,91,0,150,1.0,-10.009,9,0,198,0.0,0.0,0.0,9.0,150.0,0,198,0.0,0.0,0.0,9.0,150.0,0,918,4.29,55.199,0.333,12.0,39.167,8,2905,4.97,58.125,0.286,16.0,57.19,16,2905,4.97,58.125,0.286,16.0,57.19,16
2025-04-05 00:46:09.914779,7786375c-9b3c-437e-a143-74a2ccac9d38,KXHIGHNY-25APR05-T60,83570.085,-3.4,-3.4,0.0,-2.093,-11.812,9.718,-1.307,8.412,54.0,1.5,0.0,10,90,1,9,5.0,-1.029,-10,0,207,0.0,0.0,1.0,10.0,9.0,0,207,0.0,0.0,1.0,10.0,9.0,0,927,0.0,0.0,1.0,10.0,9.0,0,2914,3.568,40.02,0.769,11.308,32.923,4,2914,3.568,40.02,0.769,11.308,32.923,4
2025-04-05 00:46:34.673626,caff9404-089c-4e65-9692-4d284925c7d8,KXHIGHNY-25APR05-B57.5,83545.326,0.6,0.6,0.0,1.907,-7.812,9.718,-1.307,8.412,54.0,1.5,0.0,9,91,0,142,1.0,-10.23,9,0,349,0.0,5.657,0.0,9.0,146.0,0,349,0.0,5.657,0.0,9.0,146.0,0,1020,0.0,74.422,0.0,9.0,82.0,0,3056,5.075,59.536,0.273,15.682,61.045,16,3056,5.075,59.536,0.273,15.682,61.045,16
2025-04-05 00:47:00.347122,4486f2c4-1953-4c6d-a092-8d45c82cc294,KXHIGHNY-25APR05-B57.5,83519.653,0.6,0.6,0.0,1.925,-7.812,9.736,-1.325,8.412,54.0,1.5,0.0,8,92,0,8,1.0,-11.261,8,0,309,0.577,79.775,0.0,8.667,100.0,1,357,0.577,79.775,0.0,8.667,100.0,1,541,0.447,72.451,0.0,8.8,67.2,1,3064,5.21,59.209,0.261,15.348,58.739,17,3064,5.21,59.209,0.261,15.348,58.739,17
2025-04-05 00:47:00.987450,1ce8b03a-5573-4c25-8e3b-fd4b9ce9d5f4,KXHIGHNY-25APR05-B57.5,83519.013,0.6,0.6,0.0,1.925,-7.812,9.736,-1.325,8.412,54.0,1.5,0.0,8,92,0,170,1.0,-11.315,8,0,479,0.577,73.944,0.0,8.5,117.5,1,527,0.577,73.944,0.0,8.5,117.5,1,711,0.516,77.205,0.0,8.667,84.333,1,3234,5.312,62.202,0.25,15.042,63.375,17,3234,5.312,62.202,0.25,15.042,63.375,17
2025-04-05 00:49:23.904211,dc60dd2e-c909-4b42-b32a-8e88dca37ee0,KXHIGHNY-25APR05-B59.5,83376.096,-1.4,-1.4,0.0,-0.075,-9.812,9.737,-1.325,8.412,54.0,1.5,0.0,86,14,1,6,3.0,-18.661,14,1,113,1.722,22.293,1.0,86.167,18.833,-2,640,1.944,18.045,1.0,85.444,17.889,-6,782,6.147,16.045,0.8,81.933,17.8,-17,3347,7.264,66.192,0.711,74.956,29.978,-25,3347,7.264,66.192,0.711,74.956,29.978,-25
2025-04-05 00:49:23.904211,d78ccd77-d9db-4ccf-9c8c-004ed73d80a8,KXHIGHNY-25APR05-B59.5,83376.096,-1.4,-1.4,0.0,-0.077,-9.812,9.735,-1.323,8.412,54.0,1.5,0.0,83,17,1,23,3.0,-15.595,17,1,113,1.722,22.293,1.0,86.167,18.833,-2,640,1.944,18.045,1.0,85.444,17.889,-6,782,6.147,16.045,0.8,81.933,17.8,-17,3347,7.264,66.192,0.711,74.956,29.978,-25,3347,7.264,66.192,0.711,74.956,29.978,-25
2025-04-05 00:49:23.904211,c5dd1b31-6353-417c-a24d-a2101d9abd63,KXHIGHNY-25APR05-B59.5,83376.096,-1.4,-1.4,0.0,-0.075,-9.812,9.737,-1.325,8.412,54.0,1.5,0.0,86,14,1,10,3.0,-17.63,14,1,113,1.722,22.293,1.0,86.167,18.833,-2,640,1.944,18.045,1.0,85.444,17.889,-6,782,6.147,16.045,0.8,81.933,17.8,-17,3347,7.264,66.192,0.711,74.956,29.978,-25,3347,7.264,66.192,0.711,74.956,29.978,-25
2025-04-05 00:49:23.904211,9c3b093a-6bd8-49ca-89eb-6b718c9edf1b,KXHIGHNY-25APR05-B59.5,83376.096,-1.4,-1.4,0.0,-0.074,-9.812,9.738,-1.326,8.412,54.0,1.5,0.0,87,13,1,62,3.0,-18.572,13,1,113,1.722,22.293,1.0,86.167,18.833,-2,640,1.944,18.045,1.0,85.444,17.889,-6,782,6.147,16.045,0.8,81.933,17.8,-17,3347,7.264,66.192,0.711,74.956,29.978,-25,3347,7.264,66.192,0.711,74.956,29.978,-25
2025-04-05 00:49:23.904211,94e2aed2-3b53-489e-90f8-699e9d6d30c7,KXHIGHNY-25APR05-B59.5,83376.096,-1.4,-1.4,0.0,-0.074,-9.812,9.738,-1.326,8.412,54.0,1.5,0.0,87,13,1,10,3.0,-17.667,13,1,113,1.722,22.293,1.0,86.167,18.833,-2,640,1.944,18.045,1.0,85.444,17.889,-6,782,6.147,16.045,0.8,81.933,17.8,-17,3347,7.264,66.192,0.711,74.956,29.978,-25,3347,7.264,66.192,0.711,74.956,29.978,-25
2025-04-05 00:49:23.904211,3fd93dae-ddc2-4267-91e2-5a44d6918130,KXHIGHNY-25APR05-B59.5,83376.096,-1.4,-1.4,0.0,-0.073,-9.812,9.738,-1.327,8.412,54.0,1.5,0.0,88,12,1,2,3.0,-18.497,12,1,113,1.722,22.293,1.0,86.167,18.833,-2,640,1.944,18.045,1.0,85.444,17.889,-6,782,6.147,16.045,0.8,81.933,17.8,-17,3347,7.264,66.192,0.711,74.956,29.978,-25,3347,7.264,66.192,0.711,74.956,29.978,-25
2025-04-05 00:49:54.448436,5b7d1976-2aef-4330-a1ef-ccf316750b06,KXHIGHNY-25APR05-B57.5,83345.552,0.6,0.6,0.0,1.944,-7.812,9.756,-1.344,8.412,54.0,1.5,0.0,7,93,0,27,1.0,-12.353,7,0,140,0.0,0.0,0.0,7.0,27.0,0,619,0.837,75.755,0.0,8.2,99.4,2,809,0.787,73.735,0.0,8.429,76.143,2,3374,5.443,61.326,0.24,14.72,61.92,18,3374,5.443,61.326,0.24,14.72,61.92,18
2025-04-05 00:51:56.710435,8c07c5d7-c0b5-42dc-aa51-fe09d7a9864c,KXHIGHNY-25APR05-T60,83223.29,-3.4,-3.4,0.0,-1.93,-11.832,9.902,-1.47,8.432,54.0,1.5,0.0,17,83,1,16,5.0,-8.029,-17,0,16,0.0,0.0,1.0,17.0,16.0,0,334,0.0,0.0,1.0,17.0,16.0,0,789,4.95,4.95,1.0,13.5,12.5,-7,3390,3.75,38.715,0.786,11.714,31.714,-3,3390,3.75,38.715,0.786,11.714,31.714,-3
2025-04-05 00:52:05.109696,743173b4-caf2-462a-a385-835aafeee3c6,KXHIGHNY-25APR05-T60,83214.89,-3.4,-3.4,0.0,-1.914,-11.832,9.918,-1.486,8.432,54.0,1.5,0.0,18,82,1,10,5.0,-8.988,-18,0,26,0.707,4.243,1.0,17.5,13.0,-1,166,0.707,4.243,1.0,17.5,13.0,-1,799,4.359,3.786,1.0,15.0,11.667,-8,3400,3.962,37.725,0.8,12.133,30.267,-4,3400,3.962,37.725,0.8,12.133,30.267,-4
2025-04-05 00:52:15.575685,8b999bff-9652-4ff8-943b-9892844ab826,KXHIGHNY-25APR05-B57.5,83204.424,0.6,0.6,0.0,2.161,-7.832,9.993,-1.561,8.432,54.0,1.5,0.0,3,97,0,200,1.0,-16.635,3,0,301,1.732,94.648,0.0,4.0,91.667,0,441,2.062,83.772,0.0,4.75,75.5,4,1074,2.446,76.517,0.0,6.625,96.5,6,3675,6.161,63.987,0.214,13.571,65.107,22,3675,6.161,63.987,0.214,13.571,65.107,22
2025-04-05 00:52:15.575685,84adf123-58b9-42b9-917c-2ae663608fe4,KXHIGHNY-25APR05-B57.5,83204.424,0.6,0.6,0.0,2.104,-7.832,9.937,-1.504,8.432,54.0,1.5,0.0,6,94,0,25,1.0,-13.633,6,0,301,1.732,94.648,0.0,4.0,91.667,0,441,2.062,83.772,0.0,4.75,75.5,4,1074,2.446,76.517,0.0,6.625,96.5,6,3675,6.161,63.987,0.214,13.571,65.107,22,3675,6.161,63.987,0.214,13.571,65.107,22
2025-04-05 00:52:15.575685,02d4a5d8-1853-4bd5-8b15-adc8c41e59ee,KXHIGHNY-25APR05-B57.5,83204.424,0.6,0.6,0.0,2.161,-7.832,9.993,-1.561,8.432,54.0,1.5,0.0,3,97,0,50,1.0,-16.355,3,0,301,1.732,94.648,0.0,4.0,91.667,0,441,2.062,83.772,0.0,4.75,75.5,4,1074,2.446,76.517,0.0,6.625,96.5,6,3675,6.161,63.987,0.214,13.571,65.107,22,3675,6.161,63.987,0.214,13.571,65.107,22
2025-04-05 00:52:25.309896,7ca32d6e-cbef-451e-ade9-772b3ad50c05,KXHIGHNY-25APR05-T60,83194.69,-3.4,-3.4,0.0,-2.102,-11.832,9.73,-1.298,8.432,54.0,1.5,0.0,4,96,0,44,5.0,-4.973,4,0,748,6.012,103.809,0.286,8.857,67.571,10,888,6.012,103.809,0.286,8.857,67.571,10,1521,5.581,98.314,0.375,9.0,60.25,3,4122,4.571,68.571,0.6,10.45,45.05,7,4122,4.571,68.571,0.6,10.45,45.05,7
2025-04-05 00:52:25.309896,7134dcd4-9f00-4895-8b14-7feaa89d1a88,KXHIGHNY-25APR05-T60,83194.69,-3.4,-3.4,0.0,-2.06,-11.832,9.772,-1.34,8.432,54.0,1.5,0.0,6,94,0,49,5.0,-2.972,6,0,748,6.012,103.809,0.286,8.857,67.571,10,888,6.012,103.809,0.286,8.857,67.571,10,1521,5.581,98.314,0.375,9.0,60.25,3,4122,4.571,68.571,0.6,10.45,45.05,7,4122,4.571,68.571,0.6,10.45,45.05,7
2025-04-05 00:52:25.309896,5d72bad2-afb8-4dd3-9007-db80888394b2,KXHIGHNY-25APR05-T60,83194.69,-3.4,-3.4,0.0,-2.102,-11.832,9.73,-1.298,8.432,54.0,1.5,0.0,4,96,0,50,5.0,-4.972,4,0,748,6.012,103.809,0.286,8.857,67.571,10,888,6.012,103.809,0.286,8.857,67.571,10,1521,5.581,98.314,0.375,9.0,60.25,3,4122,4.571,68.571,0.6,10.45,45.05,7,4122,4.571,68.571,0.6,10.45,45.05,7
2025-04-05 00:52:25.309896,57d4b40b-b12e-46c5-a1a9-140b0876d753,KXHIGHNY-25APR05-T60,83194.69,-3.4,-3.4,0.0,-2.06,-11.832,9.772,-1.34,8.432,54.0,1.5,0.0,6,94,0,299,5.0,-2.974,6,0,748,6.012,103.809,0.286,8.857,67.571,10,888,6.012,103.809,0.286,8.857,67.571,10,1521,5.581,98.314,0.375,9.0,60.25,3,4122,4.571,68.571,0.6,10.45,45.05,7,4122,4.571,68.571,0.6,10.45,45.05,7
2025-04-05 00:52:25.309896,234d202e-dfb2-4787-895a-02dc9ea36ec3,KXHIGHNY-25APR05-T60,83194.69,-3.4,-3.4,0.0,-2.04,-11.832,9.793,-1.36,8.432,54.0,1.5,0.0,7,93,0,5,5.0,-2.01,7,0,748,6.012,103.809,0.286,8.857,67.571,10,888,6.012,103.809,0.286,8.857,67.571,10,1521,5.581,98.314,0.375,9.0,60.25,3,4122,4.571,68.571,0.6,10.45,45.05,7,4122,4.571,68.571,0.6,10.45,45.05,7
2025-04-05 00:52:50.528369,2cd0d893-d406-45ae-b4c9-25d2be62b877,KXHIGHNY-25APR05-B59.5,83169.472,-1.4,-1.4,0.0,-0.039,-9.832,9.793,-1.361,8.432,54.0,1.5,0.0,90,10,1,7,3.0,-22.762,10,1,957,1.809,29.168,1.0,88.455,19.0,0,1097,2.06,26.212,1.0,87.647,18.941,-4,1730,5.767,22.02,0.885,84.692,18.308,-19,4331,8.491,60.656,0.768,77.607,27.821,-27,4331,8.491,60.656,0.768,77.607,27.821,-27
2025-04-05 00:52:50.528369,47ac1bfa-74b8-4a0c-bedc-282bc5859fe5,KXHIGHNY-25APR05-B59.5,83169.472,-1.4,-1.4,0.0,-0.04,-9.832,9.793,-1.36,8.432,54.0,1.5,0.0,88,12,1,8,3.0,-21.204,12,1,957,1.809,29.168,1.0,88.455,19.0,0,1097,2.06,26.212,1.0,87.647,18.941,-4,1730,5.767,22.02,0.885,84.692,18.308,-19,4331,8.491,60.656,0.768,77.607,27.821,-27,4331,8.491,60.656,0.768,77.607,27.821,-27
2025-04-05 00:52:50.528369,0840459e-b1a1-4e24-9add-75878d6b5185,KXHIGHNY-25APR05-B59.5,83169.472,-1.4,-1.4,0.0,-0.041,-9.832,9.791,-1.359,8.432,54.0,1.5,0.0,84,16,1,22,3.0,-16.705,16,1,957,1.809,29.168,1.0,88.455,19.0,0,1097,2.06,26.212,1.0,87.647,18.941,-4,1730,5.767,22.02,0.885,84.692,18.308,-19,4331,8.491,60.656,0.768,77.607,27.821,-27,4331,8.491,60.656,0.768,77.607,27.821,-27
2025-04-05 00:52:50.528369,0e2ffe0b-6766-47ce-8106-91ed18d9cb65,KXHIGHNY-25APR05-B59.5,83169.472,-1.4,-1.4,0.0,-0.039,-9.832,9.793,-1.361,8.432,54.0,1.5,0.0,89,11,1,10,3.0,-21.713,11,1,957,1.809,29.168,1.0,88.455,19.0,0,1097,2.06,26.212,1.0,87.647,18.941,-4,1730,5.767,22.02,0.885,84.692,18.308,-19,4331,8.491,60.656,0.768,77.607,27.821,-27,4331,8.491,60.656,0.768,77.607,27.821,-27
2025-04-05 00:52:50.528369,84c8be22-55f2-4979-aa73-e93ccf0dbbee,KXHIGHNY-25APR05-B59.5,83169.472,-1.4,-1.4,0.0,-0.04,-9.832,9.793,-1.36,8.432,54.0,1.5,0.0,88,12,1,6,3.0,-21.451,12,1,957,1.809,29.168,1.0,88.455,19.0,0,1097,2.06,26.212,1.0,87.647,18.941,-4,1730,5.767,22.02,0.885,84.692,18.308,-19,4331,8.491,60.656,0.768,77.607,27.821,-27,4331,8.491,60.656,0.768,77.607,27.821,-27
2025-04-05 00:52:50.528369,aa5f2263-19d4-4cbd-9a21-a271e28299b0,KXHIGHNY-25APR05-B59.5,83169.472,-1.4,-1.4,0.0,-0.04,-9.832,9.793,-1.36,8.432,54.0,1.5,0.0,88,12,1,1,3.0,-22.006,12,1,957,1.809,29.168,1.0,88.455,19.0,0,1097,2.06,26.212,1.0,87.647,18.941,-4,1730,5.767,22.02,0.885,84.692,18.308,-19,4331,8.491,60.656,0.768,77.607,27.821,-27,4331,8.491,60.656,0.768,77.607,27.821,-27
2025-04-05 00:52:50.528369,a98048d2-4aa2-4e25-aec0-275a1de632f3,KXHIGHNY-25APR05-B59.5,83169.472,-1.4,-1.4,0.0,-0.039,-9.832,9.793,-1.361,8.432,54.0,1.5,0.0,90,10,1,27,3.0,-23.813,10,1,957,1.809,29.168,1.0,88.455,19.0,0,1097,2.06,26.212,1.0,87.647,18.941,-4,1730,5.767,22.02,0.885,84.692,18.308,-19,4331,8.491,60.656,0.768,77.607,27.821,-27,4331,8.491,60.656,0.768,77.607,27.821,-27
2025-04-05 00:52:50.528369,8908a2c3-b5fe-4539-8bdf-d3b74cb345dd,KXHIGHNY-25APR05-B59.5,83169.472,-1.4,-1.4,0.0,-0.039,-9.832,9.793,-1.361,8.432,54.0,1.5,0.0,90,10,1,10,3.0,-23.636,10,1,957,1.809,29.168,1.0,88.455,19.0,0,1097,2.06,26.212,1.0,87.647,18.941,-4,1730,5.767,22.02,0.885,84.692,18.308,-19,4331,8.491,60.656,0.768,77.607,27.821,-27,4331,8.491,60.656,0.768,77.607,27.821,-27
2025-04-05 00:52:50.528369,d3f08a08-f821-4a59-9803-fc79b3fef463,KXHIGHNY-25APR05-B59.5,83169.472,-1.4,-1.4,0.0,-0.039,-9.832,9.793,-1.361,8.432,54.0,1.5,0.0,89,11,1,6,3.0,-23.694,11,1,957,1.809,29.168,1.0,88.455,19.0,0,1097,2.06,26.212,1.0,87.647,18.941,-4,1730,5.767,22.02,0.885,84.692,18.308,-19,4331,8.491,60.656,0.768,77.607,27.821,-27,4331,8.491,60.656,0.768,77.607,27.821,-27
2025-04-05 00:52:50.528369,ded5fb23-ebff-45ee-8092-cff710e03bbc,KXHIGHNY-25APR05-B59.5,83169.472,-1.4,-1.4,0.0,-0.04,-9.832,9.792,-1.36,8.432,54.0,1.5,0.0,87,13,1,8,3.0,-21.882,13,1,957,1.809,29.168,1.0,88.455,19.0,0,1097,2.06,26.212,1.0,87.647,18.941,-4,1730,5.767,22.02,0.885,84.692,18.308,-19,4331,8.491,60.656,0.768,77.607,27.821,-27,4331,8.491,60.656,0.768,77.607,27.821,-27
2025-04-05 00:52:50.528369,f4efcd4a-bc79-4874-884a-cf13b5b32efc,KXHIGHNY-25APR05-B59.5,83169.472,-1.4,-1.4,0.0,-0.039,-9.832,9.793,-1.361,8.432,54.0,1.5,0.0,90,10,1,104,3.0,-25.093,10,1,957,1.809,29.168,1.0,88.455,19.0,0,1097,2.06,26.212,1.0,87.647,18.941,-4,1730,5.767,22.02,0.885,84.692,18.308,-19,4331,8.491,60.656,0.768,77.607,27.821,-27,4331,8.491,60.656,0.768,77.607,27.821,-27
2025-04-05 00:53:30.079223,d43d2906-43ff-4403-905e-157f64ef2474,KXHIGHNY-25APR05-T60,83129.921,-3.4,-3.4,0.0,-2.129,-11.832,9.703,-1.271,8.432,54.0,1.5,0.0,3,97,0,50,5.0,-6.012,3,0,1013,5.723,92.237,0.222,7.667,58.778,13,1153,5.723,92.237,0.222,7.667,58.778,13,1738,5.446,88.375,0.3,7.9,53.8,6,4387,4.807,65.769,0.545,9.818,43.5,10,4387,4.807,65.769,0.545,9.818,43.5,10
2025-04-05 00:53:30.079223,358487c4-b57d-4eb6-8ade-d2b596907116,KXHIGHNY-25APR05-T60,83129.921,-3.4,-3.4,0.0,-2.106,-11.832,9.726,-1.294,8.432,54.0,1.5,0.0,4,96,0,6,5.0,-5.011,4,0,1013,5.723,92.237,0.222,7.667,58.778,13,1153,5.723,92.237,0.222,7.667,58.778,13,1738,5.446,88.375,0.3,7.9,53.8,6,4387,4.807,65.769,0.545,9.818,43.5,10,4387,4.807,65.769,0.545,9.818,43.5,10
2025-04-05 00:53:39.168678,dd491e78-0ab7-4192-8e23-6ef6260bbdad,KXHIGHNY-25APR05-T60,83120.831,-3.4,-3.4,0.0,-2.106,-11.832,9.726,-1.294,8.432,54.0,1.5,0.0,4,96,1,26,5.0,5.012,-4,0,1039,5.519,87.578,0.3,7.3,55.5,13,1179,5.519,87.578,0.3,7.3,55.5,13,1764,5.298,84.258,0.364,7.545,51.273,6,4413,4.851,64.36,0.565,9.565,42.739,10,4413,4.851,64.36,0.565,9.565,42.739,10
2025-04-05 00:53:59.014611,63a33891-b358-467f-bd44-ab7390a705ab,KXHIGHNY-25APR05-B57.5,83100.985,0.6,0.6,0.0,1.874,-7.832,9.706,-1.274,8.432,54.0,1.5,0.0,4,96,1,9,1.0,15.726,-4,0,1032,1.414,87.639,0.25,4.0,71.0,-1,1188,1.817,78.407,0.2,4.6,62.2,3,1773,2.449,77.29,0.111,6.333,86.778,5,4422,6.306,63.692,0.241,13.241,63.172,21,4422,6.306,63.692,0.241,13.241,63.172,21
2025-04-05 00:54:14.083788,3b6677dd-3dc9-49e8-9b25-4113a09bfbdb,KXHIGHNY-25APR05-B59.5,83085.916,-1.4,-1.4,0.0,-0.118,-9.832,9.715,-1.282,8.432,54.0,1.5,0.0,91,9,1,10,3.0,-26.112,9,1,1032,1.875,27.932,1.0,88.667,18.25,-1,1198,2.149,25.516,1.0,87.833,18.444,-5,1783,2.82,22.373,1.0,86.708,18.25,-10,4432,8.6,60.159,0.772,77.842,27.509,-28,4432,8.6,60.159,0.772,77.842,27.509,-28
2025-04-05 00:54:42.057670,315ff090-b9af-40de-afbc-8d1651687bf3,KXHIGHNY-25APR05-B59.5,83057.942,-1.4,-1.4,0.0,-0.117,-9.832,9.716,-1.283,8.432,54.0,1.5,0.0,92,8,1,10,3.0,-27.304,8,1,320,2.019,26.841,1.0,88.923,17.615,-2,1095,2.019,26.841,1.0,88.923,17.615,-2,1769,2.745,22.399,1.0,87.167,17.667,-9,4442,8.724,59.673,0.776,78.086,27.207,-29,4442,8.724,59.673,0.776,78.086,27.207,-29
2025-04-05 00:54:54.764117,058ad6ee-2c40-402a-ad7a-c88c1f6489d5,KXHIGHNY-25APR05-B59.5,83045.236,-1.4,-1.4,0.0,-0.117,-9.832,9.716,-1.283,8.432,54.0,1.5,0.0,92,8,1,10,3.0,-27.494,8,1,121,0.577,0.0,1.0,91.667,10.0,-1,1078,2.107,25.868,1.0,89.143,17.071,-2,1745,2.721,22.671,1.0,87.696,17.391,-10,4452,8.837,59.199,0.78,78.322,26.915,-29,4452,8.837,59.199,0.78,78.322,26.915,-29
2025-04-05 00:55:35.694821,6b706b77-74b5-44e3-ab31-45f82f3baa8e,KXHIGHNY-25APR05-B59.5,83004.305,-1.4,-1.4,0.0,-0.117,-9.832,9.716,-1.283,8.432,54.0,1.5,0.0,92,8,1,30,3.0,-27.657,8,1,95,0.5,10.0,1.0,91.75,15.0,-1,1108,2.16,25.149,1.0,89.333,17.933,-2,1775,2.802,22.322,1.0,87.875,17.917,-10,4482,8.937,58.696,0.783,78.55,26.967,-29,4482,8.937,58.696,0.783,78.55,26.967,-29
2025-04-05 00:56:01.392996,84542947-5f92-4011-98df-a11d4be31777,KXHIGHNY-25APR05-B59.5,82978.607,-1.4,-1.4,0.0,-0.117,-9.832,9.716,-1.283,8.432,54.0,1.5,0.0,92,8,1,225,3.0,-27.682,8,1,285,0.447,94.313,1.0,91.8,57.0,-1,1333,2.191,57.185,1.0,89.5,30.875,-2,2000,2.865,46.828,1.0,88.04,26.2,-10,4707,9.028,63.488,0.787,78.77,30.213,-29,4707,9.028,63.488,0.787,78.77,30.213,-29
2025-04-05 00:56:17.746460,44849a77-2235-4c77-8d81-c8c5a5030a71,KXHIGHNY-25APR05-B59.5,82962.254,-1.4,-1.4,0.0,-0.117,-9.832,9.716,-1.283,8.432,54.0,1.5,0.0,92,8,1,162,3.0,-27.686,8,1,437,0.0,99.719,1.0,92.0,87.4,0,1495,2.206,63.852,1.0,89.647,38.588,-2,2162,2.912,53.051,1.0,88.192,31.423,-10,4869,9.11,65.152,0.79,78.984,32.339,-29,4869,9.11,65.152,0.79,78.984,32.339,-29
2025-04-05 00:57:02.331060,ce5d9701-356a-4db1-84a5-bf6c80fb1810,KXHIGHNY-25APR05-B59.5,82917.669,-1.4,-1.4,0.0,-0.115,-9.832,9.717,-1.285,8.432,54.0,1.5,0.0,93,7,1,10,3.0,-31.31,7,1,781,0.926,84.667,1.0,93.0,97.625,-1,1843,2.577,66.157,1.0,90.545,46.364,-3,2526,3.346,57.647,1.0,89.065,38.097,-11,5233,9.576,66.134,0.806,80.075,35.358,-30,5233,9.576,66.134,0.806,80.075,35.358,-30
2025-04-05 00:57:02.331060,6e62b567-21d8-4ee4-ab3c-47efb8882a2a,KXHIGHNY-25APR05-B59.5,82917.669,-1.4,-1.4,0.0,-0.114,-9.832,9.718,-1.286,8.432,54.0,1.5,0.0,94,6,1,50,3.0,-32.137,6,1,781,0.926,84.667,1.0,93.0,97.625,-1,1843,2.577,66.157,1.0,90.545,46.364,-3,2526,3.346,57.647,1.0,89.065,38.097,-11,5233,9.576,66.134,0.806,80.075,35.358,-30,5233,9.576,66.134,0.806,80.075,35.358,-30
2025-04-05 00:57:02.331060,63cfa597-cf3b-4339-afa2-0be6a35a435e,KXHIGHNY-25APR05-B59.5,82917.669,-1.4,-1.4,0.0,-0.114,-9.832,9.718,-1.286,8.432,54.0,1.5,0.0,94,6,1,110,3.0,-32.113,6,1,781,0.926,84.667,1.0,93.0,97.625,-1,1843,2.577,66.157,1.0,90.545,46.364,-3,2526,3.346,57.647,1.0,89.065,38.097,-11,5233,9.576,66.134,0.806,80.075,35.358,-30,5233,9.576,66.134,0.806,80.075,35.358,-30
2025-04-05 00:57:02.331060,31bf2d0f-af4f-40ec-bbd3-3db0dd0837f4,KXHIGHNY-25APR05-B59.5,82917.669,-1.4,-1.4,0.0,-0.114,-9.832,9.718,-1.286,8.432,54.0,1.5,0.0,94,6,1,10,3.0,-31.319,6,1,781,0.926,84.667,1.0,93.0,97.625,-1,1843,2.577,66.157,1.0,90.545,46.364,-3,2526,3.346,57.647,1.0,89.065,38.097,-11,5233,9.576,66.134,0.806,80.075,35.358,-30,5233,9.576,66.134,0.806,80.075,35.358,-30
2025-04-05 00:57:02.331060,0c0b086e-5941-46e7-a038-4018062c8ed1,KXHIGHNY-25APR05-B59.5,82917.669,-1.4,-1.4,0.0,-0.115,-9.832,9.717,-1.285,8.432,54.0,1.5,0.0,93,7,1,184,3.0,-29.46,7,1,781,0.926,84.667,1.0,93.0,97.625,-1,1843,2.577,66.157,1.0,90.545,46.364,-3,2526,3.346,57.647,1.0,89.065,38.097,-11,5233,9.576,66.134,0.806,80.075,35.358,-30,5233,9.576,66.134,0.806,80.075,35.358,-30
2025-04-05 00:57:07.844822,88ee6ff2-8c68-416b-be11-42f1b7988699,KXHIGHNY-25APR05-B59.5,82912.155,-1.4,-1.4,0.0,-0.113,-9.832,9.719,-1.287,8.432,54.0,1.5,0.0,95,5,1,10,3.0,-34.092,5,1,1181,1.303,95.552,1.0,93.667,98.417,-2,2233,2.889,77.946,1.0,91.231,54.615,-4,2926,3.689,69.348,1.0,89.743,45.171,-12,5633,9.925,71.181,0.817,80.915,39.0,-31,5633,9.925,71.181,0.817,80.915,39.0,-31
2025-04-05 00:57:07.844822,81ce38df-0920-4b51-894c-4660407b4fea,KXHIGHNY-25APR05-B59.5,82912.155,-1.4,-1.4,0.0,-0.112,-9.832,9.72,-1.288,8.432,54.0,1.5,0.0,96,4,1,7,3.0,-34.959,4,1,1181,1.303,95.552,1.0,93.667,98.417,-2,2233,2.889,77.946,1.0,91.231,54.615,-4,2926,3.689,69.348,1.0,89.743,45.171,-12,5633,9.925,71.181,0.817,80.915,39.0,-31,5633,9.925,71.181,0.817,80.915,39.0,-31
2025-04-05 00:57:07.844822,a61f6270-171c-4033-a388-0cdc24191b23,KXHIGHNY-25APR05-B59.5,82912.155,-1.4,-1.4,0.0,-0.113,-9.832,9.719,-1.287,8.432,54.0,1.5,0.0,95,5,1,100,3.0,-34.139,5,1,1181,1.303,95.552,1.0,93.667,98.417,-2,2233,2.889,77.946,1.0,91.231,54.615,-4,2926,3.689,69.348,1.0,89.743,45.171,-12,5633,9.925,71.181,0.817,80.915,39.0,-31,5633,9.925,71.181,0.817,80.915,39.0,-31
2025-04-05 00:57:07.844822,98bacad4-13f1-4dd9-b9fe-9793e7dd1d42,KXHIGHNY-25APR05-B59.5,82912.155,-1.4,-1.4,0.0,-0.114,-9.832,9.718,-1.286,8.432,54.0,1.5,0.0,94,6,1,283,3.0,-33.132,6,1,1181,1.303,95.552,1.0,93.667,98.417,-2,2233,2.889,77.946,1.0,91.231,54.615,-4,2926,3.689,69.348,1.0,89.743,45.171,-12,5633,9.925,71.181,0.817,80.915,39.0,-31,5633,9.925,71.181,0.817,80.915,39.0,-31
2025-04-05 00:57:16.398538,2c690c06-5ca1-46d7-97de-fd171f53562a,KXHIGHNY-25APR05-T60,82903.601,-3.4,-3.4,0.0,-2.093,-11.832,9.74,-1.307,8.432,54.0,1.5,0.0,5,95,0,26,5.0,-4.012,5,0,1207,0.0,0.0,0.0,5.0,26.0,0,1984,1.302,90.779,0.111,4.778,61.667,-1,2952,5.105,80.667,0.333,7.333,49.167,5,5659,4.835,63.038,0.542,9.375,42.042,9,5659,4.835,63.038,0.542,9.375,42.042,9
2025-04-05 00:58:08.845310,83e1108a-b0fb-4b21-b858-7184336a113f,KXHIGHNY-25APR05-B59.5,82851.155,-1.4,-1.4,0.0,-0.093,-9.832,9.739,-1.307,8.432,54.0,1.5,0.0,95,5,1,1,3.0,-34.512,5,1,953,1.136,93.284,1.0,94.091,84.273,-3,1329,1.455,91.344,1.0,93.375,75.75,-4,2953,3.74,68.745,1.0,89.889,43.944,-13,5660,9.994,70.82,0.819,81.111,38.472,-32,5660,9.994,70.82,0.819,81.111,38.472,-32
2025-04-05 00:58:26.400458,584803a3-3c6e-4563-9cac-0039e14f88f8,KXHIGHNY-25APR05-B59.5,82833.6,-1.4,-1.4,0.0,-0.095,-9.832,9.737,-1.305,8.432,54.0,1.5,0.0,93,7,0,1,3.0,32.59,-7,1,792,0.982,92.496,0.909,94.182,69.636,0,1330,1.412,90.282,0.941,93.353,71.353,-2,2954,3.723,68.151,0.973,89.973,42.784,-11,5661,10.021,70.463,0.808,81.274,37.959,-30,5661,10.021,70.463,0.808,81.274,37.959,-30
2025-04-05 00:58:48.638791,0e8e276e-589a-46d0-8f99-925771a51b11,KXHIGHNY-25APR05-T60,82811.361,-3.4,-3.4,0.0,-1.964,-11.832,9.868,-1.436,8.432,54.0,1.5,0.0,12,88,1,21,5.0,-2.988,-12,0,813,4.95,3.536,0.5,8.5,23.5,-7,1269,4.95,3.536,0.5,8.5,23.5,-7,2975,5.056,77.627,0.385,7.692,47.0,-2,5682,4.762,61.854,0.56,9.48,41.2,2,5682,4.762,61.854,0.56,9.48,41.2,2
2025-04-05 00:59:18.601373,c2c2f12c-2879-446e-b8be-af190ff5bc9f,KXHIGHNY-25APR05-T60,82781.399,-3.4,-3.4,0.0,-1.947,-11.832,9.885,-1.453,8.432,54.0,1.5,0.0,13,87,1,7,5.0,-3.953,-13,0,30,0.707,9.899,1.0,12.5,14.0,-1,1257,4.359,9.849,0.667,10.0,18.0,-8,2982,5.061,75.344,0.429,8.071,44.143,-3,5689,4.717,60.974,0.577,9.615,39.885,1,5689,4.717,60.974,0.577,9.615,39.885,1
2025-04-05 01:05:37.196482,63c8097b-d299-44d7-8988-6d54f360bc7d,KXHIGHNY-25APR05-T60,82402.804,-3.4,-3.6,0.2,-1.93,-11.934,10.005,-1.47,8.534,54.0,1.5,0.0,14,86,1,21,5.0,-4.952,-14,0,31,3.786,9.713,1.0,16.667,10.333,-7,31,3.786,9.713,1.0,16.667,10.333,-7,2346,6.022,71.136,0.5,9.562,40.0,-4,5191,5.12,58.449,0.577,9.846,33.615,-10,5720,5.066,58.396,0.621,10.345,36.828,-7
2025-04-05 01:05:37.196482,09f5d651-ca33-4c87-98dd-46e93b8691da,KXHIGHNY-25APR05-T60,82402.804,-3.4,-3.6,0.2,-1.913,-11.934,10.021,-1.487,8.534,54.0,1.5,0.0,15,85,1,8,5.0,-5.937,-15,0,31,3.786,9.713,1.0,16.667,10.333,-7,31,3.786,9.713,1.0,16.667,10.333,-7,2346,6.022,71.136,0.5,9.562,40.0,-4,5191,5.12,58.449,0.577,9.846,33.615,-10,5720,5.066,58.396,0.621,10.345,36.828,-7
2025-04-05 01:05:37.196482,019e959f-4945-48ce-992f-f0191668c99c,KXHIGHNY-25APR05-T60,82402.804,-3.4,-3.6,0.2,-1.818,-11.934,10.116,-1.582,8.534,54.0,1.5,0.0,21,79,1,2,5.0,-11.953,-21,0,31,3.786,9.713,1.0,16.667,10.333,-7,31,3.786,9.713,1.0,16.667,10.333,-7,2346,6.022,71.136,0.5,9.562,40.0,-4,5191,5.12,58.449,0.577,9.846,33.615,-10,5720,5.066,58.396,0.621,10.345,36.828,-7
2025-04-05 01:06:09.546686,769db126-6c22-46b9-a71e-f5c21b53b9b0,KXHIGHNY-25APR05-T60,82370.453,-3.4,-3.6,0.2,-2.075,-11.934,9.859,-1.325,8.534,54.0,1.5,0.0,6,94,0,5,5.0,-3.04,6,0,36,6.164,8.367,0.75,14.0,9.0,8,36,6.164,8.367,0.75,14.0,9.0,8,2351,5.894,69.399,0.471,9.353,37.941,11,5183,5.075,57.578,0.556,9.704,32.556,5,5725,5.041,57.674,0.6,10.2,35.767,8
2025-04-05 01:10:17.887347,79097512-7e1d-4f92-a7e1-1ec4c289fd76,KXHIGHNY-25APR05-B59.5,82122.113,-1.4,-1.6,0.2,-0.091,-9.915,9.824,-1.309,8.515,54.0,1.5,0.0,75,25,0,5,3.0,14.668,-25,1,29,4.082,6.344,0.0,79.0,7.25,-7,65,4.082,6.344,0.0,79.0,7.25,-7,1302,6.617,89.241,0.722,90.444,67.333,10,4547,8.609,77.817,0.695,84.305,41.458,-11,5754,9.801,68.937,0.766,81.156,36.364,-19
2025-04-05 01:10:17.887347,9f07a3b8-5a04-43b8-87a5-16d9289d56ba,KXHIGHNY-25APR05-B59.5,82122.113,-1.4,-1.6,0.2,-0.083,-9.915,9.832,-1.317,8.515,54.0,1.5,0.0,83,17,0,16,3.0,22.678,-17,1,29,4.082,6.344,0.0,79.0,7.25,-7,65,4.082,6.344,0.0,79.0,7.25,-7,1302,6.617,89.241,0.722,90.444,67.333,10,4547,8.609,77.817,0.695,84.305,41.458,-11,5754,9.801,68.937,0.766,81.156,36.364,-19
2025-04-05 01:10:17.887347,a47eaeb3-fa32-4c34-81f6-f0b687d29103,KXHIGHNY-25APR05-B59.5,82122.113,-1.4,-1.6,0.2,-0.09,-9.915,9.825,-1.31,8.515,54.0,1.5,0.0,76,24,0,1,3.0,15.682,-24,1,29,4.082,6.344,0.0,79.0,7.25,-7,65,4.082,6.344,0.0,79.0,7.25,-7,1302,6.617,89.241,0.722,90.444,67.333,10,4547,8.609,77.817,0.695,84.305,41.458,-11,5754,9.801,68.937,0.766,81.156,36.364,-19
2025-04-05 01:10:17.887347,d67fabd4-7243-49b5-8938-35a9bd19de3d,KXHIGHNY-25APR05-B59.5,82122.113,-1.4,-1.6,0.2,-0.084,-9.915,9.831,-1.316,8.515,54.0,1.5,0.0,82,18,0,7,3.0,21.751,-18,1,29,4.082,6.344,0.0,79.0,7.25,-7,65,4.082,6.344,0.0,79.0,7.25,-7,1302,6.617,89.241,0.722,90.444,67.333,10,4547,8.609,77.817,0.695,84.305,41.458,-11,5754,9.801,68.937,0.766,81.156,36.364,-19
2025-04-05 01:11:31.501369,d911dc25-50a2-4550-8e3e-fab684c23092,KXHIGHNY-25APR05-T60,82048.499,-3.4,-3.6,0.2,-2.091,-11.915,9.824,-1.309,8.515,54.0,1.5,0.0,6,94,0,2,5.0,-3.03,6,0,38,0.707,3.536,0.0,5.5,4.5,1,38,0.707,3.536,0.0,5.5,4.5,1,894,5.608,9.11,0.556,10.778,11.0,0,4506,5.093,56.973,0.5,9.357,30.821,8,5763,5.012,56.314,0.562,9.906,33.812,9
2025-04-05 01:11:31.501369,ba4d7bbc-6a48-47bd-a424-5e88008f3030,KXHIGHNY-25APR05-T60,82048.499,-3.4,-3.6,0.2,-2.115,-11.915,9.8,-1.285,8.515,54.0,1.5,0.0,5,95,0,7,5.0,-4.035,5,0,38,0.707,3.536,0.0,5.5,4.5,1,38,0.707,3.536,0.0,5.5,4.5,1,894,5.608,9.11,0.556,10.778,11.0,0,4506,5.093,56.973,0.5,9.357,30.821,8,5763,5.012,56.314,0.562,9.906,33.812,9
2025-04-05 01:18:38.029805,c910a70d-bf5f-4fd8-b94e-a037659a1d44,KXHIGHNY-25APR05-B59.5,81621.97,-1.4,-1.6,0.2,-0.105,-9.915,9.81,-1.295,8.515,54.0,1.5,0.0,83,17,0,25,3.0,23.248,-17,1,113,2.38,20.353,0.0,81.5,28.25,0,113,2.38,20.353,0.0,81.5,28.25,0,187,3.37,17.91,0.0,80.25,17.75,-8,4350,8.371,75.468,0.651,84.127,40.619,-12,5876,9.564,67.331,0.728,81.173,35.963,-20
2025-04-05 01:18:38.029805,9b53bfd3-7dcb-45e4-9263-6724bfaf9a63,KXHIGHNY-25APR05-B59.5,81621.97,-1.4,-1.6,0.2,-0.111,-9.915,9.804,-1.289,8.515,54.0,1.5,0.0,78,22,0,56,3.0,17.871,-22,1,113,2.38,20.353,0.0,81.5,28.25,0,113,2.38,20.353,0.0,81.5,28.25,0,187,3.37,17.91,0.0,80.25,17.75,-8,4350,8.371,75.468,0.651,84.127,40.619,-12,5876,9.564,67.331,0.728,81.173,35.963,-20
2025-04-05 01:18:38.029805,9846bf66-9c19-4a34-ad8b-0180ca7e596d,KXHIGHNY-25APR05-B59.5,81621.97,-1.4,-1.6,0.2,-0.106,-9.915,9.808,-1.294,8.515,54.0,1.5,0.0,82,18,0,7,3.0,21.858,-18,1,113,2.38,20.353,0.0,81.5,28.25,0,113,2.38,20.353,0.0,81.5,28.25,0,187,3.37,17.91,0.0,80.25,17.75,-8,4350,8.371,75.468,0.651,84.127,40.619,-12,5876,9.564,67.331,0.728,81.173,35.963,-20
2025-04-05 01:18:38.029805,66e520cc-e6b3-4b4c-9f90-e090ada0876a,KXHIGHNY-25APR05-B59.5,81621.97,-1.4,-1.6,0.2,-0.105,-9.915,9.81,-1.295,8.515,54.0,1.5,0.0,83,17,0,25,3.0,22.769,-17,1,113,2.38,20.353,0.0,81.5,28.25,0,113,2.38,20.353,0.0,81.5,28.25,0,187,3.37,17.91,0.0,80.25,17.75,-8,4350,8.371,75.468,0.651,84.127,40.619,-12,5876,9.564,67.331,0.728,81.173,35.963,-20
2025-04-05 01:22:29.230651,ceb76c28-12ea-4eda-8365-0b3e3d6ca98a,KXHIGHNY-25APR05-B59.5,81390.769,-1.4,-1.6,0.2,-0.095,-9.916,9.821,-1.305,8.516,54.0,1.5,0.0,93,7,1,49,3.0,-33.329,7,1,49,0.0,0.0,1.0,93.0,49.0,0,162,5.541,19.92,0.2,83.8,32.4,-10,200,5.292,19.728,0.111,81.667,21.222,-18,4334,8.273,75.471,0.667,84.476,40.857,-19,5925,9.594,66.929,0.732,81.317,36.122,-30
2025-04-05 01:31:19.113306,561add29-14f5-4c06-aef0-900b9e02943b,KXHIGHNY-25APR05-B59.5,80860.887,-1.4,-1.6,0.2,-0.093,-9.916,9.824,-1.307,8.516,54.0,1.5,0.0,96,4,1,3,3.0,-36.416,4,1,29,0.0,16.263,1.0,96.0,14.5,0,29,0.0,16.263,1.0,96.0,14.5,0,191,7.477,19.619,0.429,87.286,27.286,-13,3947,7.823,76.845,0.733,85.867,40.633,-26,5954,9.742,66.225,0.738,81.667,35.607,-33
2025-04-05 01:31:19.113306,c4352d13-889f-46cc-8e18-68676a862732,KXHIGHNY-25APR05-B59.5,80860.887,-1.4,-1.6,0.2,-0.093,-9.916,9.824,-1.307,8.516,54.0,1.5,0.0,96,4,1,26,3.0,-36.432,4,1,29,0.0,16.263,1.0,96.0,14.5,0,29,0.0,16.263,1.0,96.0,14.5,0,191,7.477,19.619,0.429,87.286,27.286,-13,3947,7.823,76.845,0.733,85.867,40.633,-26,5954,9.742,66.225,0.738,81.667,35.607,-33
2025-04-05 01:31:26.034087,22f14866-e7c3-4b58-a514-3142e0499e16,KXHIGHNY-25APR05-T60,80853.966,-3.4,-3.6,0.2,-2.073,-11.916,9.843,-1.327,8.516,54.0,1.5,0.0,6,94,0,31,5.0,-3.018,6,0,60,0.0,0.0,0.0,6.0,31.0,0,60,0.0,0.0,0.0,6.0,31.0,0,222,0.0,0.0,0.0,6.0,31.0,0,3978,5.443,63.123,0.429,8.857,33.048,4,5985,4.98,55.429,0.545,9.788,33.727,8
2025-04-05 01:36:01.788796,6881699c-c4ee-45bd-ae35-9a7c2c5b6c89,KXHIGHNY-25APR05-T60,80578.211,-3.4,-3.6,0.2,-2.073,-11.916,9.843,-1.327,8.516,54.0,1.5,0.0,6,94,0,50,5.0,-3.005,6,0,50,0.0,0.0,0.0,6.0,50.0,0,110,0.0,13.435,0.0,6.0,40.5,0,159,0.0,13.435,0.0,6.0,40.5,0,3434,5.347,61.708,0.409,8.727,33.818,4,6035,4.947,54.654,0.529,9.676,34.206,8
2025-04-05 02:09:41.575468,04c8c408-4013-4818-ac5f-b44d8859f020,KXHIGHNY-25APR05-T60,78558.425,-3.4,-5.1,1.7,-1.932,-11.916,9.985,-1.468,8.516,54.0,1.5,0.0,14,86,1,1,5.0,-5.004,-14,0,1,0.0,0.0,1.0,14.0,1.0,0,1,0.0,0.0,1.0,14.0,1.0,0,1,0.0,0.0,1.0,14.0,1.0,0,311,3.715,21.557,0.2,7.4,18.2,-8,4974,4.91,53.558,0.5,9.344,30.312,-3
2025-04-05 02:31:09.278264,f1fe9e49-c13c-4779-aa40-0c4cb3b7f9d5,KXHIGHNY-25APR05-T60,77270.722,-3.4,-5.1,1.7,-1.899,-11.916,10.017,-1.501,8.516,54.0,1.5,0.0,16,84,1,5,5.0,-7.129,-16,0,148,5.477,16.178,1.0,20.5,18.5,-1,148,5.477,16.178,1.0,20.5,18.5,-1,148,5.477,16.178,1.0,20.5,18.5,-1,259,7.471,17.952,0.818,17.273,20.909,-11,4197,7.366,52.906,0.581,11.935,28.806,-7
2025-04-05 02:31:09.278264,81ff7604-f84c-4ed0-8303-dd8903b9d314,KXHIGHNY-25APR05-T60,77270.722,-3.4,-5.1,1.7,-1.752,-11.916,10.164,-1.648,8.516,54.0,1.5,0.0,26,74,1,14,5.0,-17.124,-26,0,148,5.477,16.178,1.0,20.5,18.5,-1,148,5.477,16.178,1.0,20.5,18.5,-1,148,5.477,16.178,1.0,20.5,18.5,-1,259,7.471,17.952,0.818,17.273,20.909,-11,4197,7.366,52.906,0.581,11.935,28.806,-7
2025-04-05 02:31:09.278264,7a042358-5569-405c-bb74-c48fc8fe48e8,KXHIGHNY-25APR05-T60,77270.722,-3.4,-5.1,1.7,-1.915,-11.916,10.001,-1.485,8.516,54.0,1.5,0.0,15,85,1,25,5.0,-6.105,-15,0,148,5.477,16.178,1.0,20.5,18.5,-1,148,5.477,16.178,1.0,20.5,18.5,-1,148,5.477,16.178,1.0,20.5,18.5,-1,259,7.471,17.952,0.818,17.273,20.909,-11,4197,7.366,52.906,0.581,11.935,28.806,-7
2025-04-05 02:31:09.278264,697634b7-665f-4b7b-8388-e27252241882,KXHIGHNY-25APR05-T60,77270.722,-3.4,-5.1,1.7,-1.932,-11.916,9.985,-1.468,8.516,54.0,1.5,0.0,14,86,1,15,5.0,-5.101,-14,0,148,5.477,16.178,1.0,20.5,18.5,-1,148,5.477,16.178,1.0,20.5,18.5,-1,148,5.477,16.178,1.0,20.5,18.5,-1,259,7.471,17.952,0.818,17.273,20.909,-11,4197,7.366,52.906,0.581,11.935,28.806,-7
2025-04-05 02:31:09.278264,64990b2f-153d-4318-a362-2d94c19ef427,KXHIGHNY-25APR05-T60,77270.722,-3.4,-5.1,1.7,-1.78,-11.916,10.137,-1.62,8.516,54.0,1.5,0.0,24,76,1,19,5.0,-15.1,-24,0,148,5.477,16.178,1.0,20.5,18.5,-1,148,5.477,16.178,1.0,20.5,18.5,-1,148,5.477,16.178,1.0,20.5,18.5,-1,259,7.471,17.952,0.818,17.273,20.909,-11,4197,7.366,52.906,0.581,11.935,28.806,-7
2025-04-05 02:31:09.278264,5dce83dd-d564-431d-940c-73993fccb98e,KXHIGHNY-25APR05-T60,77270.722,-3.4,-5.1,1.7,-1.738,-11.916,10.178,-1.662,8.516,54.0,1.5,0.0,27,73,1,7,5.0,-18.092,-27,0,148,5.477,16.178,1.0,20.5,18.5,-1,148,5.477,16.178,1.0,20.5,18.5,-1,148,5.477,16.178,1.0,20.5,18.5,-1,259,7.471,17.952,0.818,17.273,20.909,-11,4197,7.366,52.906,0.581,11.935,28.806,-7
2025-04-05 02:31:09.278264,5c49ed8d-f085-435b-8a4d-0329d4387bae,KXHIGHNY-25APR05-T60,77270.722,-3.4,-5.1,1.7,-1.766,-11.916,10.151,-1.634,8.516,54.0,1.5,0.0,25,75,1,55,5.0,-16.084,-25,0,148,5.477,16.178,1.0,20.5,18.5,-1,148,5.477,16.178,1.0,20.5,18.5,-1,148,5.477,16.178,1.0,20.5,18.5,-1,259,7.471,17.952,0.818,17.273,20.909,-11,4197,7.366,52.906,0.581,11.935,28.806,-7
2025-04-05 02:31:09.278264,3b04d7be-aef2-455b-9635-535b24a6ec9e,KXHIGHNY-25APR05-T60,77270.722,-3.4,-5.1,1.7,-1.883,-11.916,10.033,-1.517,8.516,54.0,1.5,0.0,17,83,1,8,5.0,-8.068,-17,0,148,5.477,16.178,1.0,20.5,18.5,-1,148,5.477,16.178,1.0,20.5,18.5,-1,148,5.477,16.178,1.0,20.5,18.5,-1,259,7.471,17.952,0.818,17.273,20.909,-11,4197,7.366,52.906,0.581,11.935,28.806,-7
2025-04-05 02:34:53.906925,4ecc3e95-8920-4d2e-8153-3bed4bd8e7a8,KXHIGHNY-25APR05-T60,77046.093,-3.4,-5.1,1.7,-2.055,-11.916,9.862,-1.345,8.516,54.0,1.5,0.0,7,93,0,25,5.0,-1.845,7,0,148,1.0,21.127,0.0,6.0,49.333,2,296,8.19,21.906,0.727,16.545,26.909,11,296,8.19,21.906,0.727,16.545,26.909,11,347,8.038,22.366,0.692,15.538,26.692,1,3767,7.233,51.055,0.529,11.412,30.618,5
2025-04-05 02:34:53.906925,27fe9334-8c1f-498d-bc4c-07c4aa1cbb0f,KXHIGHNY-25APR05-T60,77046.093,-3.4,-5.1,1.7,-2.073,-11.916,9.843,-1.327,8.516,54.0,1.5,0.0,6,94,0,60,5.0,-2.854,6,0,148,1.0,21.127,0.0,6.0,49.333,2,296,8.19,21.906,0.727,16.545,26.909,11,296,8.19,21.906,0.727,16.545,26.909,11,347,8.038,22.366,0.692,15.538,26.692,1,3767,7.233,51.055,0.529,11.412,30.618,5
2025-04-05 02:34:53.906925,bffa3d3a-50d6-48fb-8200-aa697ac04f2a,KXHIGHNY-25APR05-T60,77046.093,-3.4,-5.1,1.7,-2.093,-11.916,9.824,-1.307,8.516,54.0,1.5,0.0,5,95,0,63,5.0,-3.837,5,0,148,1.0,21.127,0.0,6.0,49.333,2,296,8.19,21.906,0.727,16.545,26.909,11,296,8.19,21.906,0.727,16.545,26.909,11,347,8.038,22.366,0.692,15.538,26.692,1,3767,7.233,51.055,0.529,11.412,30.618,5
2025-04-05 08:00:14.384635,c04fd4dc-0af0-4cbc-bd4e-145842fd0c1e,KXHIGHNY-25APR05-T60,57525.615,-3.4,-10.2,6.8,-2.073,-11.916,9.843,-1.327,8.516,54.0,1.5,0.0,6,94,0,8,5.0,-2.805,6,0,150,0.707,94.752,0.0,5.5,75.0,1,150,0.707,94.752,0.0,5.5,75.0,1,150,0.707,94.752,0.0,5.5,75.0,1,150,0.707,94.752,0.0,5.5,75.0,1,150,0.707,94.752,0.0,5.5,75.0,1
2025-04-05 08:00:14.384635,a11cad0b-f621-4a7d-b79b-aa25e10e2527,KXHIGHNY-25APR05-T60,57525.615,-3.4,-10.2,6.8,-2.093,-11.916,9.824,-1.307,8.516,54.0,1.5,0.0,5,95,0,142,5.0,-3.814,5,0,150,0.707,94.752,0.0,5.5,75.0,1,150,0.707,94.752,0.0,5.5,75.0,1,150,0.707,94.752,0.0,5.5,75.0,1,150,0.707,94.752,0.0,5.5,75.0,1,150,0.707,94.752,0.0,5.5,75.0,1
2025-04-05 08:00:25.099846,742918da-b369-416e-ac1c-be4f11cefab6,KXHIGHNY-25APR05-T60,57514.9,-3.4,-10.2,6.8,-2.093,-11.916,9.824,-1.307,8.516,54.0,1.5,0.0,5,95,0,95,5.0,-3.797,5,0,245,0.577,67.988,0.0,5.333,81.667,1,245,0.577,67.988,0.0,5.333,81.667,1,245,0.577,67.988,0.0,5.333,81.667,1,245,0.577,67.988,0.0,5.333,81.667,1,245,0.577,67.988,0.0,5.333,81.667,1
2025-04-05 08:01:01.012543,b807c5aa-8806-4baa-ab48-c06c2d8ff770,KXHIGHNY-25APR05-B59.5,57478.987,-1.4,-8.2,6.8,-0.092,-9.916,9.824,-1.308,8.516,54.0,1.5,0.0,97,3,1,100,3.0,-38.376,3,1,1532,0.5,510.711,1.0,96.75,321.75,0,1532,0.5,510.711,1.0,96.75,321.75,0,1532,0.5,510.711,1.0,96.75,321.75,0,1532,0.5,510.711,1.0,96.75,321.75,0,1532,0.5,510.711,1.0,96.75,321.75,0
2025-04-05 08:01:01.012543,97310c92-c6aa-40fb-9ae3-487d12ff2e0b,KXHIGHNY-25APR05-B59.5,57478.987,-1.4,-8.2,6.8,-0.093,-9.916,9.824,-1.307,8.516,54.0,1.5,0.0,96,4,1,50,3.0,-37.319,4,1,1532,0.5,510.711,1.0,96.75,321.75,0,1532,0.5,510.711,1.0,96.75,321.75,0,1532,0.5,510.711,1.0,96.75,321.75,0,1532,0.5,510.711,1.0,96.75,321.75,0,1532,0.5,510.711,1.0,96.75,321.75,0
2025-04-05 08:01:01.012543,8e815a9f-2de7-4025-84c2-bb4ea19ed483,KXHIGHNY-25APR05-B59.5,57478.987,-1.4,-8.2,6.8,-0.092,-9.916,9.824,-1.308,8.516,54.0,1.5,0.0,97,3,1,1087,3.0,-38.308,3,1,1532,0.5,510.711,1.0,96.75,321.75,0,1532,0.5,510.711,1.0,96.75,321.75,0,1532,0.5,510.711,1.0,96.75,321.75,0,1532,0.5,510.711,1.0,96.75,321.75,0,1532,0.5,510.711,1.0,96.75,321.75,0
2025-04-05 08:01:01.012543,157023f2-8c34-47a0-be86-8ab673b3f530,KXHIGHNY-25APR05-B59.5,57478.987,-1.4,-8.2,6.8,-0.092,-9.916,9.824,-1.308,8.516,54.0,1.5,0.0,97,3,1,50,3.0,-37.71,3,1,1532,0.5,510.711,1.0,96.75,321.75,0,1532,0.5,510.711,1.0,96.75,321.75,0,1532,0.5,510.711,1.0,96.75,321.75,0,1532,0.5,510.711,1.0,96.75,321.75,0,1532,0.5,510.711,1.0,96.75,321.75,0
2025-04-05 08:03:33.379761,a9dd6752-a3ef-4e61-94a9-520af2afd05d,KXHIGHNY-25APR05-B59.5,57326.62,-1.4,-8.2,6.8,-0.11,-9.916,9.806,-1.29,8.516,54.0,1.5,0.0,79,21,0,1,3.0,20.462,-21,1,4,0.707,1.414,0.0,79.5,2.0,-1,1536,8.922,428.672,0.667,91.0,215.167,17,1536,8.922,428.672,0.667,91.0,215.167,17,1536,8.922,428.672,0.667,91.0,215.167,17,1536,8.922,428.672,0.667,91.0,215.167,17
2025-04-05 08:03:33.379761,6d92a039-6e05-4446-87ad-c717eeea828f,KXHIGHNY-25APR05-B59.5,57326.62,-1.4,-8.2,6.8,-0.109,-9.916,9.807,-1.291,8.516,54.0,1.5,0.0,80,20,0,3,3.0,21.41,-20,1,4,0.707,1.414,0.0,79.5,2.0,-1,1536,8.922,428.672,0.667,91.0,215.167,17,1536,8.922,428.672,0.667,91.0,215.167,17,1536,8.922,428.672,0.667,91.0,215.167,17,1536,8.922,428.672,0.667,91.0,215.167,17
2025-04-05 08:12:35.429151,188fb7d2-ce0b-437a-a2df-161993f1dfa9,KXHIGHNY-25APR05-B59.5,56784.571,-1.4,-8.2,6.8,-0.092,-9.916,9.824,-1.308,8.516,54.0,1.5,0.0,97,3,1,1,3.0,-38.515,3,1,1,0.0,0.0,1.0,97.0,1.0,0,1,0.0,0.0,1.0,97.0,1.0,0,1537,8.454,399.607,0.714,91.857,184.571,0,1537,8.454,399.607,0.714,91.857,184.571,0,1537,8.454,399.607,0.714,91.857,184.571,0
2025-04-05 08:12:46.596965,1a1b59fd-72e3-49a4-b94e-2f576962192f,KXHIGHNY-25APR05-B59.5,56773.403,-1.4,-8.2,6.8,-0.092,-9.916,9.824,-1.308,8.516,54.0,1.5,0.0,97,3,1,49,3.0,-38.519,3,1,50,0.0,33.941,1.0,97.0,25.0,0,50,0.0,33.941,1.0,97.0,25.0,0,1586,8.036,373.056,0.75,92.5,167.625,0,1586,8.036,373.056,0.75,92.5,167.625,0,1586,8.036,373.056,0.75,92.5,167.625,0
2025-04-05 08:15:27.261674,ffe0270f-d88a-4ddf-8923-2cef8bac30a5,KXHIGHNY-25APR05-B59.5,56612.738,-1.4,-8.2,6.8,-0.092,-9.916,9.824,-1.308,8.516,54.0,1.5,0.0,97,3,1,3,3.0,-38.85,3,1,3,0.0,0.0,1.0,97.0,3.0,0,53,0.0,27.154,1.0,97.0,17.667,0,1344,7.665,353.25,0.778,93.0,149.333,0,1589,7.665,353.25,0.778,93.0,149.333,0,1589,7.665,353.25,0.778,93.0,149.333,0
2025-04-05 08:21:53.530686,11b4eb94-f245-4de9-98cd-b138637c5c4d,KXHIGHNY-25APR05-T60,56226.469,-3.4,-10.2,6.8,-2.092,-11.916,9.824,-1.308,8.516,54.0,1.5,0.0,5,95,0,15,5.0,-3.791,5,0,15,0.0,0.0,0.0,5.0,15.0,0,15,0.0,0.0,0.0,5.0,15.0,0,68,0.0,0.0,0.0,5.0,15.0,0,1604,0.5,64.751,0.0,5.25,65.0,1,1604,0.5,64.751,0.0,5.25,65.0,1
2025-04-05 08:28:01.173157,069fc541-bb88-4e64-84cb-f9765d875e82,KXHIGHNY-25APR05-B59.5,55858.827,-1.4,-8.2,6.8,-0.092,-9.916,9.824,-1.308,8.516,54.0,1.5,0.0,97,3,1,50,3.0,-38.876,3,1,50,0.0,0.0,1.0,97.0,50.0,0,50,0.0,0.0,1.0,97.0,50.0,0,68,0.0,33.234,1.0,97.0,26.5,0,1654,7.336,334.526,0.8,93.4,139.4,0,1654,7.336,334.526,0.8,93.4,139.4,0
2025-04-05 09:06:36.077371,a9f3bacf-cac0-4403-b348-f38ae834c9f4,KXHIGHNY-25APR05-T60,53543.923,-3.4,-10.0,6.6,-2.131,-11.916,9.785,-1.269,8.516,54.0,1.5,0.0,3,97,0,51,5.0,-5.724,3,0,51,0.0,0.0,0.0,3.0,51.0,0,51,0.0,0.0,0.0,3.0,51.0,0,51,0.0,0.0,0.0,3.0,51.0,0,169,1.414,25.456,0.0,4.0,33.0,2,1705,1.095,56.424,0.0,4.8,62.2,3
2025-04-05 09:22:18.614326,bc9597b3-f659-408f-8e5b-bee6f372f07b,KXHIGHNY-25APR05-T60,52601.386,-3.4,-10.0,6.6,-2.036,-11.916,9.88,-1.364,8.516,54.0,1.5,0.0,8,92,1,4,5.0,0.717,-8,0,23,0.707,10.607,1.0,7.5,11.5,1,23,0.707,10.607,1.0,7.5,11.5,1,23,0.707,10.607,1.0,7.5,11.5,1,124,2.646,24.007,0.667,6.0,24.667,-4,1728,1.618,52.471,0.286,5.571,47.714,-1
2025-04-05 09:22:18.614326,6bd784d4-f3e4-4cce-bb12-0c483dee1265,KXHIGHNY-25APR05-T60,52601.386,-3.4,-10.0,6.6,-2.054,-11.916,9.862,-1.346,8.516,54.0,1.5,0.0,7,93,1,19,5.0,1.718,-7,0,23,0.707,10.607,1.0,7.5,11.5,1,23,0.707,10.607,1.0,7.5,11.5,1,23,0.707,10.607,1.0,7.5,11.5,1,124,2.646,24.007,0.667,6.0,24.667,-4,1728,1.618,52.471,0.286,5.571,47.714,-1
2025-04-05 09:27:05.930783,c4f394fd-8427-4c75-bb46-90c14f16ac02,KXHIGHNY-25APR05-B59.5,52314.069,-1.4,-8.0,6.6,-0.055,-9.916,9.862,-1.345,8.516,54.0,1.5,0.0,96,4,0,1,3.0,38.469,-4,1,1,0.0,0.0,0.0,96.0,1.0,0,24,0.0,0.0,0.0,96.0,1.0,0,24,0.0,0.0,0.0,96.0,1.0,0,125,0.707,34.648,0.5,96.5,25.5,1,1729,7.004,320.091,0.727,93.636,126.818,1
2025-04-05 09:27:05.931183,6aa8f6f7-16f7-44a3-b445-06074d77b552,KXHIGHNY-25APR05-T60,52314.069,-3.4,-10.0,6.6,-2.055,-11.916,9.862,-1.345,8.516,54.0,1.5,0.0,7,93,0,1,5.0,-1.716,7,0,2,0.0,0.0,0.0,7.0,1.0,0,25,0.577,9.644,0.667,7.333,8.0,1,25,0.577,9.644,0.667,7.333,8.0,1,126,2.217,22.897,0.5,6.25,18.75,-4,1730,1.581,51.31,0.25,5.75,41.875,-1
2025-04-05 09:27:20.759157,78018159-1c2b-4640-8a1e-191ca9ab0064,KXHIGHNY-25APR05-T60,52299.241,-3.4,-10.0,6.6,-2.036,-11.916,9.88,-1.364,8.516,54.0,1.5,0.0,8,92,1,10,5.0,0.679,-8,0,12,0.707,6.364,0.5,7.5,5.5,-1,12,0.707,6.364,0.5,7.5,5.5,-1,35,0.577,7.937,0.75,7.5,8.5,0,136,2.074,20.211,0.6,6.6,17.0,-5,1740,1.658,49.158,0.333,6.0,38.333,-2
2025-04-05 09:35:05.249832,6a977018-cc0b-4dac-be37-2b4ca8720d20,KXHIGHNY-25APR05-B59.5,51834.75,-1.4,-8.0,6.6,-0.036,-9.916,9.88,-1.364,8.516,54.0,1.5,0.0,97,3,1,9,3.0,-39.475,3,1,9,0.0,0.0,1.0,97.0,9.0,0,9,0.0,0.0,1.0,97.0,9.0,0,44,0.707,5.657,0.5,96.5,5.0,-1,95,0.707,5.657,0.5,96.5,5.0,-1,1749,6.748,307.084,0.75,93.917,117.0,0
2025-04-05 09:35:05.317371,84c3c814-9de1-4759-b48a-34ca9c8b72e2,KXHIGHNY-25APR05-T60,51834.683,-3.4,-10.0,6.6,-2.054,-11.916,9.862,-1.346,8.516,54.0,1.5,0.0,7,93,0,9,5.0,-1.671,7,0,18,0.0,0.0,0.0,7.0,9.0,0,18,0.0,0.0,0.0,7.0,9.0,0,53,0.548,6.877,0.6,7.4,8.6,1,104,1.862,18.37,0.5,6.667,15.667,-4,1758,1.595,47.266,0.3,6.1,35.4,-1
2025-04-05 09:39:35.521345,223f6744-a924-4976-855a-0a3bbbd4dbf4,KXHIGHNY-25APR05-T60,51564.479,-3.4,-10.0,6.6,-2.092,-11.916,9.824,-1.308,8.516,54.0,1.5,0.0,5,95,0,10,5.0,-3.668,5,0,20,0.707,0.0,0.0,5.5,10.0,-1,38,1.0,0.577,0.0,6.0,9.667,1,50,1.14,3.937,0.2,6.6,8.0,1,124,1.685,15.746,0.375,6.375,14.25,-3,1778,1.477,43.882,0.25,6.0,31.167,0
2025-04-05 09:39:35.521345,b514d855-df19-4959-880b-ff2b6276920f,KXHIGHNY-25APR05-T60,51564.479,-3.4,-10.0,6.6,-2.073,-11.916,9.843,-1.327,8.516,54.0,1.5,0.0,6,94,0,10,5.0,-2.65,6,0,20,0.707,0.0,0.0,5.5,10.0,-1,38,1.0,0.577,0.0,6.0,9.667,1,50,1.14,3.937,0.2,6.6,8.0,1,124,1.685,15.746,0.375,6.375,14.25,-3,1778,1.477,43.882,0.25,6.0,31.167,0
2025-04-05 09:42:59.313943,02a87922-c353-4758-a07c-bd48933ad35d,KXHIGHNY-25APR05-T60,51360.686,-3.4,-10.0,6.6,-2.092,-11.916,9.824,-1.308,8.516,54.0,1.5,0.0,5,95,1,18,5.0,3.65,-5,0,18,0.0,0.0,1.0,5.0,18.0,0,38,0.577,4.619,0.333,5.333,12.667,0,56,0.957,4.193,0.25,5.75,11.75,2,142,1.641,14.782,0.444,6.222,14.667,-2,1796,1.441,42.172,0.308,5.923,30.154,1
2025-04-05 09:50:38.729558,a426744b-8089-4ea5-b8e5-35d903267975,KXHIGHNY-25APR05-T60,50901.27,-3.4,-10.0,6.6,-2.111,-11.916,9.805,-1.289,8.516,54.0,1.5,0.0,4,96,0,10,5.0,-4.631,4,0,10,0.0,0.0,0.0,4.0,10.0,0,10,0.0,0.0,0.0,4.0,10.0,0,48,0.816,4.0,0.25,5.0,12.0,1,152,1.7,14.014,0.4,6.0,14.2,-1,1806,1.477,40.874,0.286,5.786,28.714,2
2025-04-05 10:09:07.495523,f501eb29-ca9c-4b8b-96d4-7c4ee0db24ef,KXHIGHNY-25APR05-T60,49792.504,-3.4,-9.5,6.1,-2.092,-11.916,9.824,-1.308,8.516,54.0,1.5,0.0,5,95,1,10,5.0,3.628,-5,0,10,0.0,0.0,1.0,5.0,10.0,0,10,0.0,0.0,1.0,5.0,10.0,0,10,0.0,0.0,1.0,5.0,10.0,0,111,1.398,5.405,0.5,6.2,10.1,3,280,1.586,12.738,0.417,5.833,13.917,0
2025-04-05 10:18:30.980267,85694ced-1bda-4455-a8bf-3eaa5ca41b5e,KXHIGHNY-25APR05-T60,49229.02,-3.4,-9.5,6.1,-2.111,-11.916,9.805,-1.289,8.516,54.0,1.5,0.0,4,96,0,10,5.0,-4.624,4,0,10,0.0,0.0,0.0,4.0,10.0,0,10,0.0,0.0,0.0,4.0,10.0,0,20,0.707,0.0,0.5,4.5,10.0,1,121,1.483,5.127,0.455,6.0,10.091,4,237,1.601,12.244,0.385,5.692,13.615,1
2025-04-05 10:57:21.451537,3b1197a4-faf1-4588-ad5c-a48409e98a8d,KXHIGHNY-25APR05-T60,46898.548,-3.4,-9.5,6.1,-2.131,-11.916,9.785,-1.269,8.516,54.0,1.5,0.0,3,97,0,199,5.0,-5.619,3,0,199,0.0,0.0,0.0,3.0,199.0,0,199,0.0,0.0,0.0,3.0,199.0,0,199,0.0,0.0,0.0,3.0,199.0,0,219,1.0,109.119,0.333,4.0,73.0,2,371,1.761,52.884,0.385,5.538,27.769,0
2025-04-05 11:14:01.750317,7cac635a-f600-48bb-9a30-099b8e2edd67,KXHIGHNY-25APR05-B59.5,45898.25,-1.4,-9.3,7.9,-0.133,-9.916,9.783,-1.267,8.516,54.0,1.5,0.0,95,5,0,15,3.0,37.597,-5,1,15,0.0,0.0,0.0,95.0,15.0,0,15,0.0,0.0,0.0,95.0,15.0,0,15,0.0,0.0,0.0,95.0,15.0,0,224,0.0,0.0,0.0,95.0,15.0,0,335,1.0,7.024,0.333,96.0,8.333,1
2025-04-05 11:55:30.188449,10a4097b-d8d4-481f-a911-e729e664bbce,KXHIGHNY-25APR05-T60,43409.812,-3.4,-11.3,7.9,-2.133,-11.916,9.783,-1.267,8.516,54.0,1.5,0.0,3,97,1,75,5.0,5.605,-3,0,75,0.0,0.0,1.0,3.0,75.0,0,75,0.0,0.0,1.0,3.0,75.0,0,75,0.0,0.0,1.0,3.0,75.0,0,289,0.0,87.681,0.5,3.0,137.0,0,309,0.957,89.101,0.5,3.75,73.5,2
2025-04-05 12:59:25.955804,f2effed0-bda2-4bb3-a785-6137d2071c49,KXHIGHNY-25APR05-T60,39574.044,-3.4,-11.7,8.3,-2.113,-11.916,9.803,-1.287,8.516,54.0,1.5,0.3,4,96,1,100,5.0,4.594,-4,0,100,0.0,0.0,1.0,4.0,100.0,0,100,0.0,0.0,1.0,4.0,100.0,0,100,0.0,0.0,1.0,4.0,100.0,0,100,0.0,0.0,1.0,4.0,100.0,0,190,0.707,17.678,1.0,3.5,87.5,-1
2025-04-05 13:07:12.060930,22e7e5f2-b052-4dc2-9e02-960da019e27f,KXHIGHNY-25APR05-T60,39107.939,-3.4,-13.4,10.0,-2.074,-11.916,9.842,-1.326,8.516,54.0,1.5,0.1,6,94,1,20,5.0,2.553,-6,0,20,0.0,0.0,1.0,6.0,20.0,0,20,0.0,0.0,1.0,6.0,20.0,0,120,1.414,56.569,1.0,5.0,60.0,-2,120,1.414,56.569,1.0,5.0,60.0,-2,210,1.528,40.927,1.0,4.333,65.0,-3
2025-04-05 13:18:50.397826,aab9be38-6ec6-491f-85ae-b51776446508,KXHIGHNY-25APR05-T60,38409.602,-3.4,-13.4,10.0,-2.055,-11.916,9.861,-1.345,8.516,54.0,1.5,0.1,7,93,1,1,5.0,1.55,-7,0,1,0.0,0.0,1.0,7.0,1.0,0,1,0.0,0.0,1.0,7.0,1.0,0,21,0.707,13.435,1.0,6.5,10.5,-1,121,1.528,52.539,1.0,5.667,40.333,-3,196,1.826,46.267,1.0,5.0,49.0,-4
2025-04-05 13:31:12.175143,98c84d49-139e-4b99-8968-b1cd0b37b07e,KXHIGHNY-25APR05-T60,37667.825,-3.4,-13.4,10.0,-2.133,-11.916,9.783,-1.267,8.516,54.0,1.5,0.1,3,97,0,100,5.0,-5.356,3,0,200,0.707,0.0,0.0,3.5,100.0,-1,200,0.707,0.0,0.0,3.5,100.0,-1,201,2.082,57.158,0.333,4.667,67.0,3,321,1.643,49.479,0.6,4.8,64.2,0,396,1.643,44.475,0.667,4.5,66.0,-1
2025-04-05 13:31:12.175143,29395a7b-7808-4911-a37a-f7f5f84e7bb7,KXHIGHNY-25APR05-T60,37667.825,-3.4,-13.4,10.0,-2.113,-11.916,9.803,-1.287,8.516,54.0,1.5,0.1,4,96,0,100,5.0,-4.528,4,0,200,0.707,0.0,0.0,3.5,100.0,-1,200,0.707,0.0,0.0,3.5,100.0,-1,201,2.082,57.158,0.333,4.667,67.0,3,321,1.643,49.479,0.6,4.8,64.2,0,396,1.643,44.475,0.667,4.5,66.0,-1
