time,trade_id,ticker,time_to_strike,count,shift,kalshi_fair,forecast,yes_price,no_price,taker_side,kalshi_strike_delta,forecast_strike_delta,forecast_bucket_delta,kalshi_forecast_delta,strike_m_3.5,strike_m_3.0,strike_m_1.0,strike_p_1.0,strike_p_3.0,strike_p_3.5,entropy,impact,result,outcome
2024-10-01 11:32:37.408484,87db8b68-c521-4e5e-a22b-b8d6c75700ad,HIGHNY-24OCT02-B66.5,131182.592,10,-1.0,66.5,67.8,31,69,1,0.0,1.3,67.2,1.3,0.0,0.0,31.0,0.0,0.0,0.0,-106.454,-30.0,-31,0
2024-10-01 11:40:40.281588,37476dc8-969c-43fd-9754-ddd99d2c026d,HIGHNY-24OCT02-B64.5,130699.718,10,-3.0,66.012,67.8,9,91,1,1.512,3.3,65.2,1.788,0.0,9.0,27.9,0.0,0.0,0.0,-112.644,-8.0,-9,0
2024-10-01 12:28:41.177949,bd8ad1fd-9889-4d5c-8b39-39d8504b86c1,HIGHNY-24OCT02-B66.5,127818.822,58,-1.0,66.141,67.8,37,63,0,-0.359,1.3,67.2,1.659,0.0,8.1,37.0,0.0,0.0,0.0,-150.548,36.0,37,0
2024-10-01 12:28:41.177949,413cb4a4-b785-4e46-9f2b-150c112a74ce,HIGHNY-24OCT02-B66.5,127818.822,150,-1.0,66.185,67.8,39,61,0,-0.315,1.3,67.2,1.615,0.0,7.29,39.0,0.0,0.0,0.0,-157.361,38.0,39,0
2024-10-01 12:28:41.177949,3577ec47-6386-46f9-b3ea-043c0b416ba4,HIGHNY-24OCT02-B66.5,127818.822,30,-1.0,66.23,67.8,42,58,0,-0.27,1.3,67.2,1.57,0.0,6.561,42.0,0.0,0.0,0.0,-169.324,41.0,42,0
2024-10-01 13:15:00.235574,f2394f76-892e-4585-bbd8-4044805ae02f,HIGHNY-24OCT02-B68.5,125039.764,75,1.0,67.286,67.8,38,62,1,-1.214,-0.7,69.2,0.514,0.0,5.905,37.8,38.0,0.0,0.0,-286.015,60.714,62,1
2024-10-01 13:15:00.235574,4c70adec-8084-4188-8f05-1dfe4ebbfba0,HIGHNY-24OCT02-B68.5,125039.764,47,1.0,67.388,67.8,41,59,1,-1.112,-0.7,69.2,0.412,0.0,5.314,34.02,41.0,0.0,0.0,-281.121,57.0,59,1
2024-10-01 17:32:36.766864,7d22fcc2-429f-4a20-871e-f618d0e7ac19,HIGHNY-24OCT02-B64.5,109583.233,10,-3.0,67.094,67.8,13,87,1,2.594,3.3,65.2,0.706,0.0,13.0,30.618,36.9,0.0,0.0,-271.25,-12.0,-13,0
2024-10-01 17:36:35.229994,ccb08531-9258-43e6-a268-07b765501290,HIGHNY-24OCT02-B68.5,109344.77,75,1.0,67.214,67.8,40,60,0,-1.286,-0.7,69.2,0.586,0.0,11.7,27.556,40.0,0.0,0.0,-267.715,-58.5,-60,1
2024-10-01 17:36:44.546982,79d038d5-261b-432e-a87c-8eb6d86b52ca,HIGHNY-24OCT02-B68.5,109335.453,60,1.0,67.282,67.8,40,60,0,-1.218,-0.7,69.2,0.518,0.0,10.53,24.801,40.0,0.0,0.0,-251.977,-58.091,-60,1
2024-10-01 17:40:42.891462,01e1f471-349f-4b64-b6af-d3a33ba6afcc,HIGHNY-24OCT02-B68.5,109097.109,15,1.0,67.35,67.8,40,60,0,-1.15,-0.7,69.2,0.45,0.0,9.477,22.321,40.0,0.0,0.0,-238.184,-57.96,-60,1
2024-10-01 18:01:51.151954,f4d9c81d-9548-4126-ac04-1159a0d6bc78,HIGHNY-24OCT02-B64.5,107828.848,2,-3.0,67.055,67.8,16,84,0,2.555,3.3,65.2,0.745,0.0,16.0,20.088,36.0,0.0,0.0,-233.636,15.0,16,0
2024-10-01 18:22:12.583718,7472893f-a5f6-43d8-9ece-40c36f324dfb,HIGHNY-24OCT02-B68.5,106607.416,30,1.0,67.335,67.8,48,52,1,-1.165,-0.7,69.2,0.465,0.0,14.4,18.08,48.0,0.0,0.0,-276.562,49.857,52,1
2024-10-01 18:22:56.406145,73bb8d08-d6f7-4aa4-a02b-c79e81ddb5ec,HIGHNY-24OCT02-B66.5,106563.594,30,-1.0,67.142,67.8,38,62,1,0.642,1.3,67.2,0.658,0.0,12.96,38.0,43.2,0.0,0.0,-334.114,-37.0,-38,0
2024-10-01 19:13:33.176454,acc6f30d-f546-4ac5-ba35-75dc14444720,HIGHNY-24OCT02-B64.5,103526.824,10,-3.0,67.195,67.8,10,90,0,2.695,3.3,65.2,0.605,0.0,10.0,34.2,38.88,0.0,0.0,-286.147,9.0,10,0
2024-10-01 19:13:33.176454,215fb696-6756-445c-a485-1779657a8fac,HIGHNY-24OCT02-B64.5,103526.824,27,-3.0,67.308,67.8,6,94,0,2.808,3.3,65.2,0.492,0.0,6.0,30.78,34.992,0.0,0.0,-240.63,5.0,6,0
2024-10-01 20:59:43.136837,65c579e4-96a0-4530-a831-4681162399dc,HIGHNY-24OCT02-B66.5,97156.863,60,-1.0,67.206,67.8,37,63,1,0.706,1.3,67.2,0.594,0.0,5.4,37.0,31.493,0.0,0.0,-251.353,-36.0,-37,0
2024-10-01 21:29:47.590195,c45cabba-6b1c-4762-a2f6-6126f6d9016f,HIGHNY-24OCT02-B66.5,95352.41,4,-1.0,67.232,67.8,31,69,0,0.732,1.3,67.2,0.568,0.0,4.86,31.0,28.344,0.0,0.0,-208.929,29.944,31,0
2024-10-01 21:30:23.083481,7c2bfc30-a71b-47e4-86fe-30ef3e66fffc,HIGHNY-24OCT02-B68.5,95316.917,5,1.0,67.62,67.8,51,49,1,-0.88,-0.7,69.2,0.18,0.0,4.374,27.9,51.0,0.0,0.0,-299.846,46.756,49,1
2024-10-01 21:42:47.031200,74da8c71-c5ea-47bd-bde1-d3e13f50f054,HIGHNY-24OCT02-B66.5,94572.969,30,-1.0,67.455,67.8,38,62,1,0.955,1.3,67.2,0.345,0.0,3.937,38.0,45.9,0.0,0.0,-319.257,-36.798,-38,0
2024-10-01 22:05:34.591811,5b0935ed-102f-44c2-b1ee-b2549ea36e0c,HIGHNY-24OCT02-B66.5,93205.408,200,-1.0,67.47,67.8,33,67,0,0.97,1.3,67.2,0.33,0.0,3.543,33.0,41.31,0.0,0.0,-273.585,31.769,33,0
2024-10-01 23:15:12.280845,b125afd6-c133-493b-aba9-cfeb8e03706d,HIGHNY-24OCT02-B66.5,89027.719,15,-1.0,67.439,67.8,32,68,0,0.939,1.3,67.2,0.361,0.0,3.189,32.0,37.179,0.0,0.0,-249.031,25.216,32,0
2024-10-01 23:15:12.280845,1405f359-8698-46a0-be7e-3fdb4ac0d0b7,HIGHNY-24OCT02-B66.5,89027.719,20,-1.0,67.409,67.8,31,69,0,0.909,1.3,67.2,0.391,0.0,2.87,31.0,33.461,0.0,0.0,-226.94,29.582,31,0
2024-10-01 23:15:35.177089,47d47672-4bb8-475b-afae-08f55cedd1eb,HIGHNY-24OCT02-B70.5,89004.823,30,3.0,67.955,67.8,13,87,1,-2.545,-2.7,71.2,-0.155,0.0,2.583,27.9,30.115,13.0,0.0,-231.206,-12.0,-13,0
2024-10-01 23:15:52.044062,cff5bc12-3f6f-4a22-b2f2-0811c135b0e0,HIGHNY-24OCT02-T71,88987.956,10,3.5,68.388,67.8,11,89,1,-2.612,-3.2,70.2,-0.588,0.0,2.325,25.11,27.103,11.7,11.0,-227.483,-8.0,-11,0
2024-10-01 23:16:12.700937,3643d891-94cc-4462-a744-7d6f56f51616,HIGHNY-24OCT02-T71,88967.299,10,3.5,68.465,67.8,12,88,1,-2.535,-3.2,70.2,-0.665,0.0,2.092,22.599,24.393,10.53,12.0,-204.534,-9.0,-12,0
2024-10-02 08:00:15.867214,74d45474-3b47-4fd6-acce-e67dd6649ce9,HIGHNY-24OCT02-B66.5,57524.133,72,-1.0,68.186,67.8,31,69,0,1.686,1.3,67.2,-0.386,0.0,1.883,31.0,21.954,9.477,10.8,-222.471,23.908,31,0
2024-10-02 08:00:15.883160,802317dc-45c5-4daf-9491-59d135d99b17,HIGHNY-24OCT02-B66.5,57524.117,49,-1.0,68.112,67.8,31,69,0,1.612,1.3,67.2,-0.312,0.0,1.695,31.0,19.758,8.529,9.72,-206.686,23.877,31,0
2024-10-02 08:00:15.926439,7cec693e-d569-4a93-a3e3-17dae69ddfa9,HIGHNY-24OCT02-B68.5,57524.074,90,1.0,68.25,67.8,53,47,1,-0.25,-0.7,69.2,-0.45,0.0,1.525,27.9,53.0,7.676,8.748,-338.556,44.558,47,1
2024-10-02 08:00:26.103432,62247c19-4622-4a50-98da-5870929dc090,HIGHNY-24OCT02-B68.5,57513.897,16,1.0,68.264,67.8,53,47,1,-0.236,-0.7,69.2,-0.464,0.0,1.373,25.11,53.0,6.909,7.873,-321.396,44.18,47,1
2024-10-02 08:05:25.411624,36c1480a-be8e-4738-b238-1a92556b38ae,HIGHNY-24OCT02-T64,57214.588,20,-3.5,68.215,67.8,1,99,0,4.215,3.8,63.2,-0.415,1.0,1.235,22.599,47.7,6.218,7.086,-280.317,0.0,1,0
2024-10-02 08:05:25.416167,ff74b1f3-6d8e-4e77-8356-f3e7d34b561e,HIGHNY-24OCT02-B70.5,57214.584,20,3.0,68.415,67.8,13,87,0,-2.085,-2.7,71.2,-0.615,0.9,1.112,20.339,42.93,13.0,6.377,-267.854,11.102,13,0
2024-10-02 08:05:25.434130,4a19d776-5c83-4201-b4bf-e8bb7a4f950f,HIGHNY-24OCT02-B66.5,57214.566,20,-1.0,68.303,67.8,23,77,0,1.803,1.3,67.2,-0.503,0.81,1.001,23.0,38.637,11.7,5.74,-251.94,15.791,23,0
2024-10-02 08:05:25.441194,4bf1862e-77c8-42d9-895f-578cc46ce070,HIGHNY-24OCT02-T71,57214.559,20,3.5,68.504,67.8,11,89,0,-2.496,-3.2,70.2,-0.704,0.729,0.901,20.7,34.773,10.53,11.0,-236.971,8.0,11,0
2024-10-02 08:05:25.450707,2301ebd6-6f41-48d0-959b-1ea8b56d89c8,HIGHNY-24OCT02-B64.5,57214.549,20,-3.0,68.437,67.8,2,98,0,3.937,3.3,65.2,-0.637,0.656,2.0,18.63,31.296,9.477,9.9,-207.374,0.707,2,0
2024-10-02 08:05:25.458011,c37f37b9-a54b-47b1-8643-53983c5eeeba,HIGHNY-24OCT02-B68.5,57214.542,20,1.0,68.455,67.8,53,47,0,-0.045,-0.7,69.2,-0.655,0.59,1.8,16.767,53.0,8.529,8.91,-296.216,-43.489,-47,1
2024-10-02 08:27:32.787989,fa64289d-d087-4ff3-9b5d-2c314371d8c6,HIGHNY-24OCT02-B68.5,55887.212,8,1.0,68.459,67.8,57,43,1,-0.041,-0.7,69.2,-0.659,0.531,1.62,15.09,57.0,7.676,8.019,-304.195,38.199,43,1
2024-10-02 08:27:32.787989,ad11cdd1-9276-43b8-9731-46a859062ab5,HIGHNY-24OCT02-B68.5,55887.212,8,1.0,68.462,67.8,57,43,1,-0.038,-0.7,69.2,-0.662,0.478,1.458,13.581,57.0,6.909,7.217,-293.698,38.57,43,1
2024-10-02 08:27:32.787989,88b92459-8a59-4272-ba5d-ffe7929752f4,HIGHNY-24OCT02-B68.5,55887.212,1,1.0,68.465,67.8,58,42,1,-0.035,-0.7,69.2,-0.665,0.43,1.312,12.223,58.0,6.218,6.495,-289.614,38.172,42,1
2024-10-02 08:27:32.864036,b4652561-12f2-4605-8791-8a027726ae81,HIGHNY-24OCT02-T64,55887.136,8,-3.5,68.429,67.8,1,99,0,4.429,3.8,63.2,-0.629,1.0,1.181,11.001,52.2,5.596,5.846,-252.99,0.0,1,0
2024-10-02 08:27:32.868750,6e3301c8-e1e2-4622-916e-685e6b16bec8,HIGHNY-24OCT02-B66.5,55887.131,8,-1.0,68.122,67.8,23,77,0,1.622,1.3,67.2,-0.322,0.9,1.063,23.0,46.98,5.036,5.261,-269.824,11.476,23,0
2024-10-02 08:27:32.870308,cdbee369-b1ec-431c-8203-84ba95e09498,HIGHNY-24OCT02-B70.5,55887.13,8,3.0,68.417,67.8,15,85,0,-2.083,-2.7,71.2,-0.617,0.81,0.957,20.7,42.282,15.0,4.735,-268.814,13.107,15,0
2024-10-02 08:27:32.888073,dcd8839f-aa98-42b5-aec1-dbd78281695c,HIGHNY-24OCT02-B64.5,55887.112,8,-3.0,68.359,67.8,2,98,0,3.859,3.3,65.2,-0.559,0.729,2.0,18.63,38.054,13.5,4.262,-235.436,0.639,2,0
2024-10-02 08:27:32.888707,59d37183-edb6-4ebe-a27c-504278e561e3,HIGHNY-24OCT02-T71,55887.111,8,3.5,68.327,67.8,3,97,0,-2.673,-3.2,70.2,-0.527,0.656,1.8,16.767,34.248,12.15,3.0,-202.715,1.125,3,0
2024-10-02 08:38:36.601597,10af294a-238e-417c-b7f2-6aba6a298083,HIGHNY-24OCT02-T71,55223.398,10,3.5,68.251,67.8,1,99,0,-2.749,-3.2,70.2,-0.451,0.59,1.62,15.09,30.824,10.935,1.0,-173.254,-0.636,1,0
2024-10-02 08:42:34.467461,42c39e18-1c61-448d-b4b0-fe5e75fcae0b,HIGHNY-24OCT02-B68.5,54985.533,4,1.0,68.342,67.8,59,41,1,-0.158,-0.7,69.2,-0.542,0.531,1.458,13.581,59.0,9.842,0.9,-298.627,35.213,41,1
2024-10-02 09:24:35.564815,d029fc6d-fa3b-44a3-a743-1688514bef6a,HIGHNY-24OCT02-B70.5,52464.435,7,3.0,68.478,67.8,14,86,0,-2.022,-2.7,71.2,-0.678,0.478,1.312,12.223,53.1,14.0,0.81,-278.301,12.189,14,0
2024-10-02 09:39:37.190612,3e610e7a-1601-417e-924a-b5b0c82356b0,HIGHNY-24OCT02-B70.5,51562.809,10,3.0,68.489,67.8,13,87,0,-2.011,-2.7,71.2,-0.689,0.43,1.181,11.001,47.79,13.0,0.729,-244.122,9.919,13,0
2024-10-02 09:39:48.980310,dec94d66-2644-42b8-9c96-d506cebc4161,HIGHNY-24OCT02-B66.5,51551.02,90,-1.0,67.816,67.8,44,56,1,1.316,1.3,67.2,-0.016,0.387,1.063,44.0,43.011,11.7,0.656,-356.486,-31.752,-44,0
2024-10-02 09:39:48.980310,9ea7a080-7093-400b-bb09-6e9f73073313,HIGHNY-24OCT02-B66.5,51551.02,22,-1.0,67.755,67.8,44,56,1,1.255,1.3,67.2,0.045,0.349,0.957,44.0,38.71,10.53,0.59,-332.101,-31.887,-44,0
2024-10-02 09:39:49.065948,585182e7-48d0-41fc-94fa-94e27c9ed0f6,HIGHNY-24OCT02-T71,51550.934,22,3.5,67.773,67.8,1,99,0,-3.227,-3.2,70.2,0.027,0.314,0.861,39.6,34.839,9.477,1.0,-290.205,-0.66,1,0
2024-10-02 09:39:49.089013,fec94b65-9bb7-454d-8382-bde380ab6d43,HIGHNY-24OCT02-B64.5,51550.911,22,-3.0,67.722,67.8,2,98,0,3.222,3.3,65.2,0.078,0.282,2.0,35.64,31.355,8.529,0.9,-254.605,0.515,2,0
2024-10-02 09:39:49.090806,2b933afd-8e06-439e-901c-850ff5b516dd,HIGHNY-24OCT02-B70.5,51550.909,22,3.0,67.916,67.8,13,87,0,-2.584,-2.7,71.2,-0.116,0.254,1.8,32.076,28.22,13.0,0.81,-239.38,9.898,13,0
2024-10-02 09:39:49.091402,2e2677e5-345f-4bec-a210-ed8fbf871166,HIGHNY-24OCT02-B68.5,51550.909,22,1.0,68.03,67.8,42,58,0,-0.47,-0.7,69.2,-0.23,0.229,1.62,28.868,42.0,11.7,0.729,-283.05,-50.649,-58,1
2024-10-02 09:39:49.098553,e3409d94-c420-4bff-ba63-22425835e9f4,HIGHNY-24OCT02-T64,51550.901,22,-3.5,67.989,67.8,1,99,0,3.989,3.8,63.2,-0.189,1.0,1.458,25.982,37.8,10.53,0.656,-246.997,0.0,1,0
2024-10-02 09:40:04.163182,84433587-6624-4781-b02b-554ad664f938,HIGHNY-24OCT02-B70.5,51535.837,48,3.0,68.109,67.8,13,87,0,-2.391,-2.7,71.2,-0.309,0.9,1.312,23.383,34.02,13.0,0.59,-226.987,9.856,13,0
2024-10-02 09:56:40.050084,b90801b8-9135-4b3f-92fe-45e515cb21cb,HIGHNY-24OCT02-B68.5,50539.95,180,1.0,68.202,67.8,51,49,1,-0.298,-0.7,69.2,-0.402,0.81,1.181,21.045,51.0,11.7,0.531,-293.107,39.968,49,1
2024-10-02 09:56:40.050084,20317de4-791d-4729-9a1f-bc50676829bf,HIGHNY-24OCT02-B68.5,50539.95,180,1.0,68.23,67.8,54,46,1,-0.27,-0.7,69.2,-0.43,0.729,1.063,18.941,54.0,10.53,0.478,-295.387,37.144,46,1
2024-10-02 09:56:40.050084,1bf9ef05-26ef-4cb9-b627-e820d5eeb545,HIGHNY-24OCT02-B68.5,50539.95,36,1.0,68.231,67.8,49,51,1,-0.269,-0.7,69.2,-0.431,0.656,0.957,17.047,49.0,9.477,0.43,-259.673,43.269,51,1
2024-10-02 09:57:15.659049,04656cd8-d113-4e22-a77f-ce2c9553c26c,HIGHNY-24OCT02-B66.5,50504.341,7,-1.0,67.882,67.8,33,67,0,1.382,1.3,67.2,-0.082,0.59,0.861,33.0,44.1,8.529,0.387,-299.843,19.558,33,0
2024-10-02 10:18:46.990767,24103907-0ee4-4e02-9bcb-7dda97ca9cf4,HIGHNY-24OCT02-B68.5,49213.009,18,1.0,68.004,67.8,59,41,1,-0.496,-0.7,69.2,-0.204,0.531,0.775,29.7,59.0,7.676,0.349,-356.036,31.453,41,1
2024-10-02 10:18:47.063534,4e75acb5-4133-47cf-a930-37060b11882e,HIGHNY-24OCT02-B70.5,49212.936,18,3.0,68.114,67.8,11,89,0,-2.386,-2.7,71.2,-0.314,0.478,0.697,26.73,53.1,11.0,0.314,-324.161,7.772,11,0
2024-10-02 10:18:47.070158,64da5261-207e-43c7-807a-419e38f05342,HIGHNY-24OCT02-B64.5,49212.93,18,-3.0,68.098,67.8,1,99,0,3.598,3.3,65.2,-0.298,0.43,1.0,24.057,47.79,9.9,0.282,-283.283,-1.423,1,0
2024-10-02 10:18:47.088842,9b525f00-59ab-4c10-867e-98327d3bd69e,HIGHNY-24OCT02-T71,49212.911,18,3.5,68.127,67.8,1,99,0,-2.873,-3.2,70.2,-0.327,0.387,0.9,21.651,43.011,8.91,1.0,-247.389,-0.608,1,0
2024-10-02 10:18:47.111750,1f78b372-3b9c-4454-baf2-bac03e5fdd00,HIGHNY-24OCT02-B66.5,49212.888,18,-1.0,67.928,67.8,29,71,0,1.428,1.3,67.2,-0.128,0.349,0.81,29.0,38.71,8.019,0.9,-255.24,14.189,29,0
2024-10-02 10:32:40.171258,e18a318f-903b-4e41-ab49-0e8951e829a4,HIGHNY-24OCT02-B66.5,48379.829,126,-1.0,67.871,67.8,29,71,0,1.371,1.3,67.2,-0.071,0.314,0.729,29.0,34.839,7.217,0.81,-234.855,14.182,29,0
2024-10-02 10:32:40.188433,7578ce65-9677-4532-85d9-3aadf14e0fff,HIGHNY-24OCT02-B66.5,48379.812,180,-1.0,67.813,67.8,29,71,0,1.313,1.3,67.2,-0.013,0.282,0.656,29.0,31.355,6.495,0.729,-216.971,12.36,29,0
2024-10-02 10:32:40.202490,d3c68214-c744-4e4d-a740-7c810f8fdda3,HIGHNY-24OCT02-B66.5,48379.798,176,-1.0,67.754,67.8,29,71,0,1.254,1.3,67.2,0.046,0.254,0.59,29.0,28.22,5.846,0.656,-201.292,10.925,29,0
2024-10-02 10:33:43.817506,ea661fc2-291c-4eb3-a8fa-9cc823683025,HIGHNY-24OCT02-B68.5,48316.182,7,1.0,68.047,67.8,63,37,1,-0.453,-0.7,69.2,-0.247,0.229,0.531,26.1,63.0,5.261,0.59,-353.905,27.306,37,1
2024-10-02 10:56:55.554322,501ca682-fe1a-4225-a578-487d1c239120,HIGHNY-24OCT02-B68.5,46924.446,1,1.0,68.073,67.8,62,38,1,-0.427,-0.7,69.2,-0.273,0.206,0.478,23.49,62.0,4.735,0.531,-336.379,27.35,38,1
2024-10-02 10:57:01.925595,cf5c938f-e73b-4d1e-b256-ba2730829798,HIGHNY-24OCT02-B66.5,46918.074,1,-1.0,68.02,67.8,24,76,1,1.52,1.3,67.2,-0.22,0.185,0.43,24.0,55.8,4.262,0.478,-305.838,-5.103,-24,0
2024-10-02 11:01:07.285005,fe0150ad-346d-4614-80f8-417f171cca9d,HIGHNY-24OCT02-B66.5,46672.715,130,-1.0,67.938,67.8,26,74,1,1.438,1.3,67.2,-0.138,0.167,0.387,26.0,50.22,3.835,0.43,-285.52,-6.938,-26,0
2024-10-02 11:01:07.285005,643f36b7-35d0-4dcd-9eee-b9affbec9619,HIGHNY-24OCT02-B66.5,46672.715,108,-1.0,67.926,67.8,24,76,1,1.426,1.3,67.2,-0.126,0.15,0.349,24.0,45.198,3.452,0.387,-251.783,-4.996,-24,0
2024-10-02 11:04:57.555628,70964b1b-c612-46b2-96c0-9c1a1a6e0272,HIGHNY-24OCT02-B64.5,46442.444,4,-3.0,67.891,67.8,1,99,0,3.391,3.3,65.2,-0.091,0.135,1.0,21.6,40.678,3.107,0.349,-219.995,-1.964,1,0
2024-10-02 11:05:04.998076,cb129aac-ca9a-46f9-8a54-4c332396f897,HIGHNY-24OCT02-B70.5,46435.002,4,3.0,68.3,67.8,14,86,0,-2.2,-2.7,71.2,-0.5,0.122,0.9,19.44,36.61,14.0,0.314,-225.727,10.773,14,0
2024-10-02 11:05:32.016286,b2e170e8-1492-4b83-9f18-61ae04ccd849,HIGHNY-24OCT02-B66.5,46407.984,10,-1.0,68.112,67.8,25,75,1,1.612,1.3,67.2,-0.312,0.109,0.81,25.0,32.949,12.6,0.282,-226.784,-5.62,-25,0
2024-10-02 11:05:36.692530,11d322f6-38f7-48a9-8f1a-cfb95a258ccc,HIGHNY-24OCT02-B66.5,46403.307,36,-1.0,68.007,67.8,27,73,1,1.507,1.3,67.2,-0.207,0.098,0.729,27.0,29.654,11.34,0.254,-216.235,-6.398,-27,0
2024-10-02 11:05:40.921997,0663d3cb-2ed2-4028-a400-6a0407950ea4,HIGHNY-24OCT02-B66.5,46399.078,180,-1.0,67.901,67.8,29,71,1,1.401,1.3,67.2,-0.101,0.089,0.656,29.0,26.689,10.206,0.229,-208.184,-8.387,-29,0
2024-10-02 11:05:50.463879,2be4b9a3-0853-42bd-abcb-315533e2e743,HIGHNY-24OCT02-B66.5,46389.536,3,-1.0,67.858,67.8,28,72,1,1.358,1.3,67.2,-0.058,0.08,0.59,28.0,24.02,9.185,0.206,-189.19,-7.361,-28,0
2024-10-02 11:05:56.227596,1f1bb76e-2cfd-46e1-ad59-dac7a2c1160f,HIGHNY-24OCT02-B68.5,46383.772,3,1.0,68.111,67.8,58,42,1,-0.389,-0.7,69.2,-0.311,0.072,0.531,25.2,58.0,8.267,0.185,-333.446,28.844,42,1
2024-10-02 11:06:08.751667,0da6ec50-1042-41ac-9f9c-3037bf951848,HIGHNY-24OCT02-B66.5,46371.248,1,-1.0,67.997,67.8,29,71,1,1.497,1.3,67.2,-0.197,0.065,0.478,29.0,52.2,7.44,0.167,-318.21,-8.093,-29,0
2024-10-02 11:06:14.163357,768fe254-a9a0-4b62-a7f3-4a4260b494b8,HIGHNY-24OCT02-B68.5,46365.837,1,1.0,68.058,67.8,58,42,1,-0.442,-0.7,69.2,-0.258,0.058,0.43,26.1,58.0,6.696,0.15,-332.562,23.48,42,1
2024-10-02 11:11:06.018451,989b0550-c1cf-4d02-b85d-dd16324a76b8,HIGHNY-24OCT02-B66.5,46073.982,6,-1.0,67.747,67.8,44,56,1,1.247,1.3,67.2,0.053,0.052,0.387,44.0,52.2,6.027,0.135,-382.992,-22.722,-44,0
2024-10-02 11:11:06.094944,842ce9d0-8449-42ad-9a5f-0bc228b4899d,HIGHNY-24OCT02-B68.5,46073.905,6,1.0,67.821,67.8,57,43,0,-0.679,-0.7,69.2,-0.021,0.047,0.349,39.6,57.0,5.424,0.122,-384.539,-13.083,-43,1
2024-10-02 11:11:06.106894,fe23c3f9-4b69-491b-b013-7e1db3b38cb1,HIGHNY-24OCT02-T71,46073.893,6,3.5,67.851,67.8,1,99,0,-3.149,-3.2,70.2,-0.051,0.042,0.314,35.64,51.3,4.881,1.0,-336.604,-7.441,1,0
2024-10-02 11:11:06.110062,0abb64ff-8846-498d-8fab-adbff365e5fd,HIGHNY-24OCT02-B70.5,46073.89,6,3.0,68.123,67.8,14,86,0,-2.377,-2.7,71.2,-0.323,0.038,0.282,32.076,46.17,14.0,0.9,-324.552,10.771,14,0
2024-10-02 11:11:06.110917,322735b7-dc38-42e8-b0ea-f07884e73fbf,HIGHNY-24OCT02-B64.5,46073.889,6,-3.0,68.092,67.8,1,99,0,3.592,3.3,65.2,-0.292,0.034,1.0,28.868,41.553,12.6,0.81,-283.582,-2.148,1,0
2024-10-02 11:41:27.282272,d8c76594-e685-4787-af81-103662b6fba0,HIGHNY-24OCT02-B68.5,44252.718,8,1.0,68.246,67.8,84,16,1,-0.254,-0.7,69.2,-0.446,0.031,0.9,25.982,84.0,11.34,0.729,-483.925,-20.319,16,1
2024-10-02 11:41:27.282272,68ac8c1b-1598-4f85-a9d5-7350167a69a9,HIGHNY-24OCT02-B68.5,44252.718,10,1.0,68.225,67.8,67,33,1,-0.275,-0.7,69.2,-0.425,0.028,0.81,23.383,67.0,10.206,0.656,-378.581,-3.289,33,1
2024-10-02 11:41:27.282272,4a86e2a3-ef35-4446-9f06-0a93edb5dbd4,HIGHNY-24OCT02-B68.5,44252.718,8,1.0,68.263,67.8,75,25,1,-0.237,-0.7,69.2,-0.463,0.025,0.729,21.045,75.0,9.185,0.59,-407.665,-10.511,25,1
2024-10-02 11:55:40.409631,badf843d-5e03-4989-8e1d-20bfef12f5ed,HIGHNY-24OCT02-T71,43399.59,25,3.5,69.628,67.8,96,4,1,-1.372,-3.2,70.2,-1.828,0.023,0.656,18.941,67.5,8.267,96.0,-795.306,-81.576,-96,0
2024-10-02 11:55:40.409631,5aebb984-3048-405e-ba3a-286dd56a70e3,HIGHNY-24OCT02-T71,43399.59,250,3.5,68.482,67.8,8,92,1,-2.518,-3.2,70.2,-0.682,0.02,0.59,17.047,60.75,7.44,8.0,-329.006,6.665,-8,0
2024-10-02 11:55:40.409631,2aa178ee-4fd3-4126-b0ff-13adb6a1eff7,HIGHNY-24OCT02-T71,43399.59,8,3.5,69.355,67.8,52,48,1,-1.645,-3.2,70.2,-1.555,0.018,0.531,15.342,54.675,6.696,52.0,-478.458,-43.916,-52,0
2024-10-02 12:44:07.384674,7d80cd99-9368-4feb-abfc-3a186b92a5e5,HIGHNY-24OCT02-B68.5,40492.615,5,1.0,69.158,67.8,84,16,1,0.658,-0.7,69.2,-1.358,0.016,0.478,13.808,84.0,6.027,46.8,-598.829,-20.41,16,1
2024-10-02 12:44:07.384674,377811b2-ff9c-42f0-8df1-495e9edff374,HIGHNY-24OCT02-B68.5,40492.615,6,1.0,69.133,67.8,81,19,1,0.633,-0.7,69.2,-1.333,0.015,0.43,12.427,81.0,5.424,42.12,-553.561,-17.328,19,1
2024-10-02 12:49:54.660799,508aaff6-a533-4c85-93ab-b26b45377fbe,HIGHNY-24OCT02-B64.5,40145.339,3,-3.0,69.111,67.8,1,99,0,4.611,3.3,65.2,-1.311,0.013,1.0,11.184,72.9,4.881,37.908,-485.163,-3.117,1,0
2024-10-02 12:49:54.660799,3c4e8f8f-7544-4ea9-9d97-1d30d259fa2c,HIGHNY-24OCT02-B64.5,40145.339,22,-3.0,69.107,67.8,1,99,0,4.607,3.3,65.2,-1.307,0.012,1.0,10.066,65.61,4.393,34.117,-424.614,-2.796,1,0
2024-10-02 12:53:56.493215,4031fc0a-63a7-487f-be81-d838fbaf83d9,HIGHNY-24OCT02-B70.5,39903.507,2,3.0,69.107,67.8,4,96,0,-1.393,-2.7,71.2,-1.307,0.011,0.9,9.059,59.049,4.0,30.705,-371.339,0.674,4,0
2024-10-02 12:54:27.471821,3e6c419c-a50c-4207-8372-b3927ad823d5,HIGHNY-24OCT02-T71,39872.528,4,3.5,68.352,67.8,1,99,0,-2.648,-3.2,70.2,-0.552,0.01,0.81,8.153,53.144,3.6,1.0,-232.647,-12.749,1,0
2024-10-02 13:32:12.548551,ff7bbc74-8d2a-4310-8627-34fab60864a8,HIGHNY-24OCT02-B70.5,37607.451,2,3.0,68.343,67.8,3,97,0,-2.157,-2.7,71.2,-0.543,0.009,0.729,7.338,47.83,3.0,0.9,-202.543,-0.389,3,0
2024-10-02 13:59:11.353219,3da9ca45-9a0b-41af-9bd7-ae1ee7ca3405,HIGHNY-24OCT02-B66.5,35988.647,3,-1.0,67.582,67.8,40,60,0,1.082,1.3,67.2,0.218,0.007,0.59,40.0,38.742,2.43,0.729,-290.813,18.624,40,0
2024-10-02 13:59:11.353219,55114a7b-f95b-4700-b4e4-6995a0b759b7,HIGHNY-24OCT02-B66.5,35988.647,100,-1.0,67.637,67.8,40,60,0,1.137,1.3,67.2,0.163,0.008,0.656,40.0,43.047,2.7,0.81,-311.706,18.544,40,0
2024-10-02 14:39:37.949950,ecec29b9-7f44-40d3-8dbd-6456ba959196,HIGHNY-24OCT02-T71,33562.05,3,3.5,67.643,67.8,2,98,0,-3.357,-3.2,70.2,0.157,0.006,0.531,36.0,34.868,2.187,2.0,-255.572,-10.703,2,0
2024-10-02 14:39:37.949950,7bcb853b-df63-47bd-9c1a-bb67c8a87e3a,HIGHNY-24OCT02-T71,33562.05,12,3.5,67.603,67.8,1,99,0,-3.397,-3.2,70.2,0.197,0.006,0.478,32.4,31.381,1.968,1.0,-221.788,-12.011,1,0
2024-10-02 14:52:33.849483,dfb86c4c-4f77-43b3-8de1-490688421b67,HIGHNY-24OCT02-B66.5,32786.151,2,-1.0,68.114,67.8,10,90,0,1.614,1.3,67.2,-0.314,0.005,0.43,10.0,28.243,1.771,0.9,-117.909,-12.715,10,0
2024-10-02 14:52:33.849483,3c2a967c-e6df-4a51-9e6f-28eebea09b84,HIGHNY-24OCT02-B66.5,32786.151,10,-1.0,68.072,67.8,10,90,0,1.572,1.3,67.2,-0.272,0.005,0.387,10.0,25.419,1.594,0.81,-105.448,-12.507,10,0
2024-10-02 14:52:58.938923,a424d02d-7d8e-4704-9c90-011dea62749a,HIGHNY-24OCT02-B66.5,32761.061,17,-1.0,68.404,67.8,3,97,0,1.904,1.3,67.2,-0.604,0.004,0.349,3.0,22.877,1.435,0.729,-74.8,-20.296,3,0
2024-10-02 14:52:58.938923,9d7c3002-6f66-4641-a426-355ca97f631c,HIGHNY-24OCT02-B66.5,32761.061,50,-1.0,68.54,67.8,1,99,0,2.04,1.3,67.2,-0.74,0.004,0.314,1.0,20.589,1.291,0.656,-61.946,-22.104,1,0
2024-10-02 14:52:58.938923,36bc564f-91db-49f4-b377-180681e78010,HIGHNY-24OCT02-B66.5,32761.061,12,-1.0,68.53,67.8,1,99,0,2.03,1.3,67.2,-0.73,0.003,0.282,1.0,18.53,1.162,0.59,-53.584,-21.73,1,0
2024-10-02 14:55:33.431374,8e5fd7ed-f6cc-49cd-a866-297e9309ed2b,HIGHNY-24OCT02-B68.5,32606.569,4,1.0,68.507,67.8,85,15,1,0.007,-0.7,69.2,-0.707,0.003,0.254,0.9,85.0,1.046,0.531,-376.876,-21.49,15,1
2024-10-02 15:01:17.507443,ad42e83d-7ecc-4f6e-a3db-faa505199665,HIGHNY-24OCT02-T71,32262.493,18,3.5,68.523,67.8,1,99,0,-2.477,-3.2,70.2,-0.723,0.003,0.229,0.81,76.5,0.941,1.0,-331.222,-11.508,1,0
2024-10-02 15:02:18.682622,3889c3c1-fdf6-4488-ae64-1ba5093085ac,HIGHNY-24OCT02-B68.5,32201.317,8,1.0,68.519,67.8,85,15,1,0.019,-0.7,69.2,-0.719,0.002,0.206,0.729,85.0,0.847,0.9,-376.82,-21.801,15,1
2024-10-02 15:02:18.687594,9780214c-538c-43b8-aa09-8514fc4abf81,HIGHNY-24OCT02-T71,32201.312,8,3.5,68.586,67.8,3,97,1,-2.414,-3.2,70.2,-0.786,0.002,0.185,0.656,76.5,0.763,3.0,-334.289,9.435,-3,0
2024-10-02 15:02:18.688256,362d0539-3037-43a1-a928-c92c045966d8,HIGHNY-24OCT02-B70.5,32201.312,8,3.0,68.802,67.8,10,90,1,-1.698,-2.7,71.2,-1.002,0.002,0.167,0.59,68.85,10.0,2.7,-316.454,-6.412,-10,0
2024-10-02 15:02:28.212267,bf3880e5-905c-4392-b753-27666d31a5c0,HIGHNY-24OCT02-B68.5,32191.788,4,1.0,68.731,67.8,85,15,1,0.231,-0.7,69.2,-0.931,0.002,0.15,0.531,85.0,9.0,2.43,-398.926,-22.036,15,1
2024-10-02 15:02:28.214625,df279ecb-b6a1-4fa4-a4ea-7f45d5c88240,HIGHNY-24OCT02-T71,32191.785,4,3.5,68.752,67.8,3,97,1,-2.248,-3.2,70.2,-0.952,0.002,0.135,0.478,76.5,8.1,3.0,-351.409,9.425,-3,0
2024-10-02 15:02:28.237956,d2ad4cd2-c7fc-4896-847c-23c8224ed7db,HIGHNY-24OCT02-B70.5,32191.762,4,3.0,68.809,67.8,10,90,1,-1.691,-2.7,71.2,-1.009,0.001,0.122,0.43,68.85,10.0,2.7,-316.447,-5.801,-10,0
2024-10-02 15:02:37.969078,81537a4e-af66-4e28-9bdd-dc7160d37a09,HIGHNY-24OCT02-B68.5,32182.031,2,1.0,68.736,67.8,85,15,1,0.236,-0.7,69.2,-0.936,0.001,0.109,0.387,85.0,9.0,2.43,-398.94,-23.181,15,1
2024-10-02 15:02:37.975141,713de289-eb72-4d30-9476-ab451cea9f46,HIGHNY-24OCT02-B70.5,32182.025,2,3.0,68.773,67.8,10,90,1,-1.727,-2.7,71.2,-0.973,0.001,0.098,0.349,76.5,10.0,2.187,-355.936,-5.547,-10,0
2024-10-02 15:02:37.978000,bc51c157-ca38-4b5c-857b-fa7033cadd59,HIGHNY-24OCT02-T71,32182.022,2,3.5,68.802,67.8,3,97,1,-2.198,-3.2,70.2,-1.002,0.001,0.089,0.314,68.85,9.0,3.0,-313.854,9.393,-3,0
2024-10-02 15:29:29.796064,2d779091-eccf-455d-9f03-850069b3be1f,HIGHNY-24OCT02-B66.5,30570.204,35,-1.0,68.779,67.8,1,99,1,2.279,1.3,67.2,-0.979,0.001,0.08,1.0,61.965,8.1,2.7,-275.12,22.535,-1,0
2024-10-02 15:40:53.019898,32507754-eed3-4aa5-a713-07464434a9d3,HIGHNY-24OCT02-B68.5,29886.98,1,1.0,68.694,67.8,85,15,1,0.194,-0.7,69.2,-0.894,0.001,0.072,0.9,85.0,7.29,2.43,-393.975,-23.25,15,1
2024-10-02 15:40:58.003864,84f9abbc-6a56-4eea-b242-5bd2e0491b78,HIGHNY-24OCT02-B68.5,29881.996,1,1.0,68.677,67.8,85,15,0,0.177,-0.7,69.2,-0.877,0.001,0.065,0.81,85.0,6.561,2.187,-391.326,23.754,-15,1
2024-10-02 15:41:06.678739,d166bb77-1348-4d12-a413-54fd8822c1dc,HIGHNY-24OCT02-B70.5,29873.321,100,3.0,68.76,67.8,10,90,1,-1.74,-2.7,71.2,-0.96,0.001,0.058,0.729,76.5,10.0,1.968,-355.761,-5.436,-10,0
2024-10-02 16:17:49.963969,6661a4a9-f631-4925-bab9-8cf9457426ba,HIGHNY-24OCT02-B68.5,27670.036,15,1.0,68.693,67.8,97,3,1,0.193,-0.7,69.2,-0.893,0.001,0.052,0.656,97.0,9.0,1.771,-464.099,-36.137,3,1
2024-10-02 16:33:15.233581,9c0bc268-c3d8-42a6-a957-b6b989b47aad,HIGHNY-24OCT02-B68.5,26744.766,30,1.0,68.675,67.8,97,3,1,0.175,-0.7,69.2,-0.875,0.001,0.047,0.59,97.0,8.1,1.594,-460.976,-39.046,3,1
2024-10-02 16:33:15.233581,44e58d8d-61bd-4800-91ba-b7c096998767,HIGHNY-24OCT02-B68.5,26744.766,10,1.0,68.659,67.8,97,3,1,0.159,-0.7,69.2,-0.859,0.001,0.042,0.531,97.0,7.29,1.435,-458.273,-37.539,3,1
2024-10-02 16:35:49.990766,f9633772-2465-4905-a3db-cb2ecb214e8e,HIGHNY-24OCT02-B68.5,26590.009,50,1.0,68.642,67.8,99,1,1,0.142,-0.7,69.2,-0.842,0.0,0.038,0.478,99.0,6.561,1.291,-467.108,-43.15,1,1
2024-10-02 16:35:49.990766,8a27b31b-c5e3-424a-a98d-d9df0fe720da,HIGHNY-24OCT02-B68.5,26590.009,20,1.0,68.63,67.8,98,2,1,0.13,-0.7,69.2,-0.83,0.0,0.034,0.43,98.0,5.905,1.162,-459.506,-40.832,2,1
2024-10-02 16:35:59.719148,c12167b5-280a-4551-9c1b-73fcabf33471,HIGHNY-24OCT02-B70.5,26580.281,50,3.0,68.541,67.8,1,99,0,-1.959,-2.7,71.2,-0.741,0.0,0.031,0.387,88.2,1.0,1.046,-394.671,-3.754,1,0
2024-10-02 16:35:59.719148,18ca4ec1-db28-487b-9732-bb0bf5ed39de,HIGHNY-24OCT02-B70.5,26580.281,3,3.0,68.543,67.8,1,99,0,-1.957,-2.7,71.2,-0.743,0.0,0.028,0.349,79.38,1.0,0.941,-346.701,-3.649,1,0
2024-10-02 17:06:02.486742,f41ec888-c6ae-4b62-a5d2-e801d4351ca3,HIGHNY-24OCT02-B66.5,24777.513,140,-1.0,68.524,67.8,1,99,1,2.024,1.3,67.2,-0.724,0.0,0.025,1.0,71.442,0.9,0.847,-304.648,23.463,-1,0
2024-10-02 17:07:59.461531,d9863497-5f47-40f1-b909-fcf849505670,HIGHNY-24OCT02-B66.5,24660.538,100,-1.0,68.521,67.8,1,99,1,2.021,1.3,67.2,-0.721,0.0,0.023,1.0,64.298,0.81,0.763,-267.24,23.747,-1,0
2024-10-02 19:44:24.729641,e96b28b1-1418-4a63-b248-a2e9b26485c1,HIGHNY-24OCT02-B66.5,15275.27,250,-1.0,68.518,67.8,1,99,1,2.018,1.3,67.2,-0.718,0.0,0.02,1.0,57.868,0.729,0.686,-234.268,23.771,-1,0
2024-10-02 23:24:35.986637,d7bcab08-fd7a-4750-b513-e84fb1ee4d45,HIGHNY-24OCT02-B70.5,2064.013,442,3.0,68.566,67.8,2,98,1,-1.934,-2.7,71.2,-0.766,0.0,0.018,0.9,52.081,2.0,0.618,-206.786,3.248,-2,0
2024-10-02 23:24:35.986637,aad1c065-8256-4f7b-ae36-eee2c0924733,HIGHNY-24OCT02-B70.5,2064.013,50,3.0,68.535,67.8,1,99,1,-1.965,-2.7,71.2,-0.735,0.0,0.016,0.81,46.873,1.0,0.556,-179.775,3.959,-1,0
